candidate_id,site_name,layer,lon,lat,is_existing,borough
0,Acton,existing_firehouse,-0.2689473763298597,51.50841551179469,True,London
1,Addington,existing_firehouse,-0.0202822838111048,51.35248802998444,True,London
2,Barking,existing_firehouse,0.0952316592114211,51.53520751092956,True,London
3,Barnet,existing_firehouse,-0.185329982046547,51.647526691604824,True,London
4,Battersea,existing_firehouse,-0.1696638921853716,51.46732051661053,True,London
5,Beckenham,existing_firehouse,-0.035543445789276,51.412039584256334,True,London
6,Bethnal Green,existing_firehouse,-0.0476510069201038,51.52853786742732,True,London
7,Bexley,existing_firehouse,0.1504374137842553,51.45671792935439,True,London
8,Biggin Hill,existing_firehouse,0.0350513884128323,51.31488019300775,True,London
9,Brixton,existing_firehouse,-0.1132973017076816,51.464749183729616,True,London
10,Bromley,existing_firehouse,0.0176108219572189,51.40674066698669,True,London
11,Chelsea,existing_firehouse,-0.1669285769086095,51.49059638594536,True,London
12,Chingford,existing_firehouse,-0.0078082274968547,51.62032222768234,True,London
13,Chiswick,existing_firehouse,-0.2705404684445122,51.49040891753303,True,London
14,Clapham,existing_firehouse,-0.1380133529481051,51.46532024838871,True,London
15,Croydon,existing_firehouse,-0.100023460389166,51.372737453850505,True,London
16,Dagenham,existing_firehouse,0.1473819682493731,51.55507809985688,True,London
17,Deptford,existing_firehouse,-0.0347164489817561,51.48693830266251,True,London
18,Dockhead,existing_firehouse,-0.071836890918895,51.499284808373034,True,London
19,Dowgate,existing_firehouse,-0.0953367163067934,51.51002152499894,True,London
20,Ealing,existing_firehouse,-0.3200280901470949,51.51178245592578,True,London
21,East Greenwich,existing_firehouse,0.025654781479838,51.48596556973228,True,London
22,East Ham,existing_firehouse,0.0544694720592452,51.530993874231555,True,London
23,Edmonton,existing_firehouse,-0.0636596453534352,51.62383918845148,True,London
24,Eltham,existing_firehouse,0.0553120544689058,51.44889499952978,True,London
25,Enfield,existing_firehouse,-0.0479898490432662,51.66068213941153,True,London
26,Erith,existing_firehouse,0.162582516954072,51.48211221800394,True,London
27,Euston,existing_firehouse,-0.1354850373031459,51.52705587237654,True,London
28,Feltham,existing_firehouse,-0.407414748892231,51.4505208123792,True,London
29,Finchley,existing_firehouse,-0.1794030218832172,51.6010654750867,True,London
30,Forest Hill,existing_firehouse,-0.0486091769884784,51.438460077613726,True,London
31,Fulham,existing_firehouse,-0.200431390385799,51.47894604907241,True,London
32,Greenwich,existing_firehouse,-0.0138682944982206,51.47394774627953,True,London
33,Hainault,existing_firehouse,0.0839880065370834,51.598258593495835,True,London
34,Hammersmith,existing_firehouse,-0.2246226769240493,51.49792794061549,True,London
35,Harold Hill,existing_firehouse,0.2219063976887518,51.60221216560654,True,London
36,Harrow,existing_firehouse,-0.3438735666124232,51.58858729393772,True,London
37,Hayes,existing_firehouse,-0.4275737657576776,51.50341604520079,True,London
38,Heathrow,existing_firehouse,-0.4557537102226251,51.4718541552207,True,London
39,Hendon,existing_firehouse,-0.2225296127100739,51.58229750004834,True,London
40,Heston,existing_firehouse,-0.3536034282630854,51.47103086846537,True,London
41,Hillingdon,existing_firehouse,-0.4675548256973901,51.53263700092853,True,London
42,Holloway,existing_firehouse,-0.1166032528533525,51.56097507756176,True,London
43,Homerton,existing_firehouse,-0.0481883816256061,51.54736132257623,True,London
44,Hornchurch,existing_firehouse,0.2152595982612425,51.56156709163022,True,London
45,Hornsey,existing_firehouse,-0.1194081530130026,51.58779561285616,True,London
46,Ilford,existing_firehouse,0.0788468128218116,51.563833341014536,True,London
47,Islington,existing_firehouse,-0.1005374283200541,51.53882504453033,True,London
48,Kensington,existing_firehouse,-0.1939279197320072,51.498998662004254,True,London
49,Kentish Town,existing_firehouse,-0.1429584371181681,51.55030640905293,True,London
50,Kingston,existing_firehouse,-0.3011210555020691,51.41273220833808,True,London
51,Lambeth,existing_firehouse,-0.1214502982858634,51.49157031566626,True,London
52,Lee Green,existing_firehouse,0.0138782870596298,51.45526506488979,True,London
53,Lewisham,existing_firehouse,-0.0158918155663925,51.4529629888673,True,London
54,Leyton,existing_firehouse,-0.0135363328284796,51.56820397095349,True,London
55,Leytonstone,existing_firehouse,0.0117080349329062,51.56419216549635,True,London
56,Mill Hill,existing_firehouse,-0.2538871869648238,51.60896604797615,True,London
57,Millwall,existing_firehouse,-0.0183771927363832,51.49716572025844,True,London
58,Mitcham,existing_firehouse,-0.1700201033383391,51.40077200733793,True,London
59,New Cross,existing_firehouse,-0.0521802641429302,51.47324259613112,True,London
60,New Malden,existing_firehouse,-0.2532840460543211,51.40093043320961,True,London
61,Norbury,existing_firehouse,-0.1190561562161205,51.40354721922087,True,London
62,North Kensington,existing_firehouse,-0.2106096906208497,51.51997946084072,True,London
63,Northolt,existing_firehouse,-0.3634339914966086,51.55551569659526,True,London
64,Old Kent Road,existing_firehouse,-0.0833539683440174,51.48847757401809,True,London
65,Orpington,existing_firehouse,0.1044885389969418,51.378653878017346,True,London
66,Paddington,existing_firehouse,-0.1785960392505685,51.52317386841196,True,London
67,Park Royal,existing_firehouse,-0.2600697323146253,51.5369614350942,True,London
68,Peckham,existing_firehouse,-0.0799034718342108,51.47402870091678,True,London
69,Plaistow,existing_firehouse,0.0264074094006936,51.52053811696385,True,London
70,Plumstead,existing_firehouse,0.0884010295060902,51.48815048888246,True,London
71,Poplar,existing_firehouse,-0.0173240634205988,51.51363207223494,True,London
72,Purley,existing_firehouse,-0.1184683579611386,51.33129366318752,True,London
73,Richmond,existing_firehouse,-0.2873390602860493,51.464651527157216,True,London
74,Romford,existing_firehouse,0.1785099295651007,51.58519771340967,True,London
75,Ruislip,existing_firehouse,-0.4207987094204343,51.581299251123475,True,London
76,Shadwell,existing_firehouse,-0.0550064035085364,51.51238633696375,True,London
77,Shoreditch,existing_firehouse,-0.0841755655663846,51.52735355269712,True,London
78,Sidcup,existing_firehouse,0.1029482416435617,51.42494310995924,True,London
79,Soho,existing_firehouse,-0.1342281039160492,51.51290503055837,True,London
80,Southall,existing_firehouse,-0.3774661456287024,51.51686854952914,True,London
81,Southgate,existing_firehouse,-0.1278823524377577,51.62298176637722,True,London
82,Stanmore,existing_firehouse,-0.2959976712698563,51.59885712909399,True,London
83,Stoke Newington,existing_firehouse,-0.0747542763718913,51.563205668145294,True,London
84,Stratford,existing_firehouse,0.0108360932367351,51.54312747457042,True,London
85,Surbiton,existing_firehouse,-0.2995467897277278,51.38911399099351,True,London
86,Sutton,existing_firehouse,-0.1970952568209774,51.366999795791074,True,London
87,Tooting,existing_firehouse,-0.158588545159242,51.434764833216306,True,London
88,Tottenham,existing_firehouse,-0.0749813599414571,51.59340520078589,True,London
89,Twickenham,existing_firehouse,-0.34450550816909,51.43381586074533,True,London
90,Wallington,existing_firehouse,-0.1507110713335737,51.36266545362322,True,London
91,Walthamstow,existing_firehouse,-0.0203175850429804,51.58758341979703,True,London
92,Wandsworth,existing_firehouse,-0.213316514746195,51.45435188957088,True,London
93,Wembley,existing_firehouse,-0.2943607575516272,51.55460993001413,True,London
94,Wennington,existing_firehouse,0.193349131867188,51.52211541306801,True,London
95,West Hampstead,existing_firehouse,-0.1922202467431241,51.54781697998146,True,London
96,West Norwood,existing_firehouse,-0.1058551800240007,51.43483856877116,True,London
97,Whitechapel,existing_firehouse,-0.0697138530776269,51.515909446129136,True,London
98,Willesden,existing_firehouse,-0.237789540546121,51.55022687614621,True,London
99,Wimbledon,existing_firehouse,-0.2027272621861879,51.41899202945456,True,London
100,Woodford,existing_firehouse,0.0263605627094228,51.6045738281116,True,London
101,Woodside,existing_firehouse,-0.0704771742592612,51.3929143565415,True,London
102,Demand cell 0,demand_cell,-0.13694106156319216,51.51022653379869,False,
103,Demand cell 1,demand_cell,-0.13693715861880343,51.51686257510299,False,
104,Demand cell 2,demand_cell,-0.12378155801878173,51.5107582676264,False,
105,Demand cell 3,demand_cell,-0.14831086025732484,51.51752864659044,False,
106,Demand cell 4,demand_cell,-0.10922895521785714,51.51860141576643,False,
107,Demand cell 5,demand_cell,-0.08513038700948905,51.517495852174456,False,
108,Demand cell 6,demand_cell,-0.1479826452352459,51.51073276987541,False,
109,Demand cell 7,demand_cell,-0.1356938599803419,51.525218238458116,False,
110,Demand cell 8,demand_cell,-0.12337035945470086,51.51716489652222,False,
111,Demand cell 9,demand_cell,-0.08473095102347826,51.51075236171826,False,
112,Demand cell 10,demand_cell,-0.09756287732477063,51.51838531876055,False,
113,Demand cell 11,demand_cell,-0.1230948729130841,51.52580873304486,False,
114,Demand cell 12,demand_cell,-0.08427396163238096,51.525730161755234,False,
115,Demand cell 13,demand_cell,-0.48889696751011236,51.46947372041124,False,
116,Demand cell 14,demand_cell,-0.3043759169883721,51.41110068080116,False,
117,Demand cell 15,demand_cell,-0.11308155008765433,51.46167177251112,False,
118,Demand cell 16,demand_cell,-0.13674097040657895,51.49443631405789,False,
119,Demand cell 17,demand_cell,-0.11147234241842105,51.50128356417237,False,
120,Demand cell 18,demand_cell,-0.07192161814729729,51.5169788482,False,
121,Demand cell 19,demand_cell,-0.11067048085942029,51.525322945559424,False,
122,Demand cell 20,demand_cell,-0.16196807638181818,51.51838839415455,False,
123,Demand cell 21,demand_cell,-0.16473807085076925,51.552252163826154,False,
124,Demand cell 22,demand_cell,-0.095586553784375,51.510579824925,False,
125,Demand cell 23,demand_cell,-0.09663760128888889,51.525710977103174,False,
126,Demand cell 24,demand_cell,-0.01833095538387097,51.50296496393226,False,
127,Demand cell 25,demand_cell,-0.09662519673870967,51.50218563499516,False,
128,Demand cell 26,demand_cell,-0.09848813579180328,51.37226355707869,False,
129,Demand cell 27,demand_cell,0.004557048839999999,51.542065236934995,False,
130,Demand cell 28,demand_cell,-0.17412227863965518,51.518339578232755,False,
131,Demand cell 29,demand_cell,-0.05906929467857143,51.51761552435892,False,
132,Demand cell 30,demand_cell,-0.22689052553333333,51.49359284639075,False,
133,Demand cell 31,demand_cell,-0.13777652784814814,51.54220202972407,False,
134,Demand cell 32,demand_cell,-0.1473512062018868,51.49417331626981,False,
135,Demand cell 33,demand_cell,-0.07297239809423077,51.511052130817305,False,
136,Demand cell 34,demand_cell,0.07099992454807692,51.558701238907695,False,
137,Demand cell 35,demand_cell,-0.13822934223137257,51.53520032261569,False,
138,Demand cell 36,demand_cell,-0.17386562984800003,51.492381478759995,False,
139,Demand cell 37,demand_cell,-0.08471072978163265,51.50214280132857,False,
140,Demand cell 38,demand_cell,0.03384605232857143,51.524248567079596,False,
141,Demand cell 39,demand_cell,-0.05827330756938775,51.52650023433265,False,
142,Demand cell 40,demand_cell,0.01670062170208333,51.40435416626459,False,
143,Demand cell 41,demand_cell,-0.03313217415,51.47702762626875,False,
144,Demand cell 42,demand_cell,-0.30340357814583335,51.46131516295,False,
145,Demand cell 43,demand_cell,-0.10954257270638297,51.51101412292553,False,
146,Demand cell 44,demand_cell,-0.13812459506170213,51.56600343475745,False,
147,Demand cell 45,demand_cell,-0.4572251203319149,51.47189194622128,False,
148,Demand cell 46,demand_cell,-0.20021349227173915,51.50872662804565,False,
149,Demand cell 47,demand_cell,-0.1894756117826087,51.49339382596956,False,
150,Demand cell 48,demand_cell,-0.14675936744782608,51.54210633609131,False,
151,Demand cell 49,demand_cell,-0.22643582118,51.50132971192445,False,
152,Demand cell 50,demand_cell,-0.12363749948636364,51.501696358229545,False,
153,Demand cell 51,demand_cell,-0.07291879130681818,51.52621912514546,False,
154,Demand cell 52,demand_cell,-0.05591435267209303,51.54966960742093,False,
155,Demand cell 53,demand_cell,-0.30576557786744185,51.51184061213488,False,
156,Demand cell 54,demand_cell,-0.4512981565309524,51.47076751453095,False,
157,Demand cell 55,demand_cell,-0.12470781777380953,51.49432133891667,False,
158,Demand cell 56,demand_cell,-0.21533355477560975,51.49315907719268,False,
159,Demand cell 57,demand_cell,-0.19029456676097561,51.50140727446098,False,
160,Demand cell 58,demand_cell,-0.09713191831707317,51.47686538232195,False,
161,Demand cell 59,demand_cell,-0.20239868726585364,51.51830667557561,False,
162,Demand cell 60,demand_cell,-0.08329334890975611,51.475875245909755,False,
163,Demand cell 61,demand_cell,-0.100157934115,51.3780658586025,False,
164,Demand cell 62,demand_cell,-0.0454324183675,51.4926777371025,False,
165,Demand cell 63,demand_cell,-0.19961944849,51.5421267662325,False,
166,Demand cell 64,demand_cell,-0.1622895123051282,51.499514029546155,False,
167,Demand cell 65,demand_cell,-0.07012695627179487,51.591034978579486,False,
168,Demand cell 66,demand_cell,-0.20126239506410257,51.49305936260256,False,
169,Demand cell 67,demand_cell,-0.1885426767051282,51.47748107028718,False,
170,Demand cell 68,demand_cell,-0.11008961863421052,51.493004941034215,False,
171,Demand cell 69,demand_cell,-0.13541349405526315,51.50177532126579,False,
172,Demand cell 70,demand_cell,-0.09834653147894737,51.5420967482921,False,
173,Demand cell 71,demand_cell,0.08612251601842105,51.49314174182895,False,
174,Demand cell 72,demand_cell,0.11091831545789474,51.57672637525,False,
175,Demand cell 73,demand_cell,-0.09646394171351351,51.46859795075946,False,
176,Demand cell 74,demand_cell,-0.019152034413513513,51.50959820832973,False,
177,Demand cell 75,demand_cell,-0.12362553902432434,51.48553379462703,False,
178,Demand cell 76,demand_cell,-0.07125830861351351,51.53319992567297,False,
179,Demand cell 77,demand_cell,-0.1218716040054054,51.53296447298378,False,
180,Demand cell 78,demand_cell,0.06273284798055556,51.49156707200834,False,
181,Demand cell 79,demand_cell,-0.16188527710277778,51.492328340838895,False,
