candidate_id,site_name,layer,lon,lat,is_existing,borough,plan_rank,turnout_s,assigned_demand,assigned_share
0,Acton,existing_firehouse,-0.2689473763298597,51.50841551179469,True,London,0,56.578509395974095,139.0,0.00695
1,Addington,existing_firehouse,-0.0202822838111048,51.35248802998444,True,London,1,36.00275341418799,136.0,0.0068
2,Barking,existing_firehouse,0.0952316592114211,51.53520751092956,True,London,2,74.5445613027679,117.0,0.00585
3,Barnet,existing_firehouse,-0.185329982046547,51.647526691604824,True,London,3,38.93818557922873,110.0,0.0055
4,Battersea,existing_firehouse,-0.1696638921853716,51.46732051661053,True,London,4,30.0,162.0,0.0081
5,Beckenham,existing_firehouse,-0.035543445789276,51.412039584256334,True,London,5,38.62832389854768,200.0,0.01
6,Bethnal Green,existing_firehouse,-0.0476510069201038,51.52853786742732,True,London,6,44.95138717783939,193.0,0.00965
7,Bexley,existing_firehouse,0.1504374137842553,51.45671792935439,True,London,7,60.72778191548022,157.0,0.00785
8,Biggin Hill,existing_firehouse,0.0350513884128323,51.31488019300775,True,London,8,105.09694655518769,26.0,0.0013
9,Brixton,existing_firehouse,-0.1132973017076816,51.464749183729616,True,London,9,30.0,270.0,0.0135
10,Bromley,existing_firehouse,0.0176108219572189,51.40674066698669,True,London,10,55.19771657263561,191.0,0.00955
11,Chelsea,existing_firehouse,-0.1669285769086095,51.49059638594536,True,London,11,44.330851477091755,233.0,0.01165
12,Chingford,existing_firehouse,-0.0078082274968547,51.62032222768234,True,London,12,89.35701110192991,83.0,0.00415
13,Chiswick,existing_firehouse,-0.2705404684445122,51.49040891753303,True,London,13,44.89177411106556,148.0,0.0074
14,Clapham,existing_firehouse,-0.1380133529481051,51.46532024838871,True,London,14,30.61323020132818,128.0,0.0064
15,Croydon,existing_firehouse,-0.100023460389166,51.372737453850505,True,London,15,52.73193530383678,283.0,0.01415
16,Dagenham,existing_firehouse,0.1473819682493731,51.55507809985688,True,London,16,60.46247490659965,232.0,0.0116
17,Deptford,existing_firehouse,-0.0347164489817561,51.48693830266251,True,London,17,56.82471153517315,130.0,0.0065
18,Dockhead,existing_firehouse,-0.071836890918895,51.499284808373034,True,London,18,58.26630705125086,130.0,0.0065
19,Dowgate,existing_firehouse,-0.0953367163067934,51.51002152499894,True,London,19,74.77418868925828,241.0,0.01205
20,Ealing,existing_firehouse,-0.3200280901470949,51.51178245592578,True,London,20,30.0,292.0,0.0146
21,East Greenwich,existing_firehouse,0.025654781479838,51.48596556973228,True,London,21,71.51483946255993,136.0,0.0068
22,East Ham,existing_firehouse,0.0544694720592452,51.530993874231555,True,London,22,55.834845816474456,187.0,0.00935
23,Edmonton,existing_firehouse,-0.0636596453534352,51.62383918845148,True,London,23,97.782340208964,139.0,0.00695
24,Eltham,existing_firehouse,0.0553120544689058,51.44889499952978,True,London,24,30.0,170.0,0.0085
25,Enfield,existing_firehouse,-0.0479898490432662,51.66068213941153,True,London,25,63.92521182175206,302.0,0.0151
26,Erith,existing_firehouse,0.162582516954072,51.48211221800394,True,London,26,42.57155532703419,185.0,0.00925
27,Euston,existing_firehouse,-0.1354850373031459,51.52705587237654,True,London,27,51.963309942923615,367.0,0.01835
28,Feltham,existing_firehouse,-0.407414748892231,51.4505208123792,True,London,28,80.71791692258785,206.0,0.0103
29,Finchley,existing_firehouse,-0.1794030218832172,51.6010654750867,True,London,29,57.86218357485501,133.0,0.00665
30,Forest Hill,existing_firehouse,-0.0486091769884784,51.438460077613726,True,London,30,81.35194248608718,104.0,0.0052
31,Fulham,existing_firehouse,-0.200431390385799,51.47894604907241,True,London,31,32.00778900357275,194.0,0.0097
32,Greenwich,existing_firehouse,-0.0138682944982206,51.47394774627953,True,London,32,38.216530125357,140.0,0.007
33,Hainault,existing_firehouse,0.0839880065370834,51.598258593495835,True,London,33,113.38979339810967,67.0,0.00335
34,Hammersmith,existing_firehouse,-0.2246226769240493,51.49792794061549,True,London,34,47.06143264454076,237.0,0.01185
35,Harold Hill,existing_firehouse,0.2219063976887518,51.60221216560654,True,London,35,89.70346416459324,118.0,0.0059
36,Harrow,existing_firehouse,-0.3438735666124232,51.58858729393772,True,London,36,64.85593401167029,162.0,0.0081
37,Hayes,existing_firehouse,-0.4275737657576776,51.50341604520079,True,London,37,93.98632538663117,145.0,0.00725
38,Heathrow,existing_firehouse,-0.4557537102226251,51.4718541552207,True,London,38,118.84288559079226,321.0,0.01605
39,Hendon,existing_firehouse,-0.2225296127100739,51.58229750004834,True,London,39,81.49356703614535,161.0,0.00805
40,Heston,existing_firehouse,-0.3536034282630854,51.47103086846537,True,London,40,53.39491494971452,196.0,0.0098
41,Hillingdon,existing_firehouse,-0.4675548256973901,51.53263700092853,True,London,41,51.43962179368805,230.0,0.0115
42,Holloway,existing_firehouse,-0.1166032528533525,51.56097507756176,True,London,42,48.4836360495178,260.0,0.013
43,Homerton,existing_firehouse,-0.0481883816256061,51.54736132257623,True,London,43,46.60688215779132,163.0,0.00815
44,Hornchurch,existing_firehouse,0.2152595982612425,51.56156709163022,True,London,44,30.0,188.0,0.0094
45,Hornsey,existing_firehouse,-0.1194081530130026,51.58779561285616,True,London,45,55.586717209552205,190.0,0.0095
46,Ilford,existing_firehouse,0.0788468128218116,51.563833341014536,True,London,46,30.0,377.0,0.01885
47,Islington,existing_firehouse,-0.1005374283200541,51.53882504453033,True,London,47,45.34236634159322,208.0,0.0104
48,Kensington,existing_firehouse,-0.1939279197320072,51.498998662004254,True,London,48,31.144677340161422,212.0,0.0106
49,Kentish Town,existing_firehouse,-0.1429584371181681,51.55030640905293,True,London,49,62.62737281964084,303.0,0.01515
50,Kingston,existing_firehouse,-0.3011210555020691,51.41273220833808,True,London,50,112.4572595142339,150.0,0.0075
51,Lambeth,existing_firehouse,-0.1214502982858634,51.49157031566626,True,London,51,33.96760821761664,378.0,0.0189
52,Lee Green,existing_firehouse,0.0138782870596298,51.45526506488979,True,London,52,37.22289662927278,111.0,0.00555
53,Lewisham,existing_firehouse,-0.0158918155663925,51.4529629888673,True,London,53,30.0,175.0,0.00875
54,Leyton,existing_firehouse,-0.0135363328284796,51.56820397095349,True,London,54,30.0,156.0,0.0078
55,Leytonstone,existing_firehouse,0.0117080349329062,51.56419216549635,True,London,55,56.86523695450444,128.0,0.0064
56,Mill Hill,existing_firehouse,-0.2538871869648238,51.60896604797615,True,London,56,85.75954702796338,150.0,0.0075
57,Millwall,existing_firehouse,-0.0183771927363832,51.49716572025844,True,London,57,73.5012597269041,114.0,0.0057
58,Mitcham,existing_firehouse,-0.1700201033383391,51.40077200733793,True,London,58,60.55829860026604,133.0,0.00665
59,New Cross,existing_firehouse,-0.0521802641429302,51.47324259613112,True,London,59,45.986870209671594,101.0,0.00505
60,New Malden,existing_firehouse,-0.2532840460543211,51.40093043320961,True,London,60,49.82577223207636,129.0,0.00645
61,Norbury,existing_firehouse,-0.1190561562161205,51.40354721922087,True,London,61,30.0,197.0,0.00985
62,North Kensington,existing_firehouse,-0.2106096906208497,51.51997946084072,True,London,62,32.94769472614317,252.0,0.0126
63,Northolt,existing_firehouse,-0.3634339914966086,51.55551569659526,True,London,63,44.95557794258099,175.0,0.00875
64,Old Kent Road,existing_firehouse,-0.0833539683440174,51.48847757401809,True,London,64,43.16894354379795,140.0,0.007
65,Orpington,existing_firehouse,0.1044885389969418,51.378653878017346,True,London,65,76.09122256220479,170.0,0.0085
66,Paddington,existing_firehouse,-0.1785960392505685,51.52317386841196,True,London,66,56.55510343082723,254.0,0.0127
67,Park Royal,existing_firehouse,-0.2600697323146253,51.5369614350942,True,London,67,92.70340354343088,105.0,0.00525
68,Peckham,existing_firehouse,-0.0799034718342108,51.47402870091678,True,London,68,30.0,197.0,0.00985
69,Plaistow,existing_firehouse,0.0264074094006936,51.52053811696385,True,London,69,32.47721263464865,258.0,0.0129
70,Plumstead,existing_firehouse,0.0884010295060902,51.48815048888246,True,London,70,67.76516318780028,304.0,0.0152
71,Poplar,existing_firehouse,-0.0173240634205988,51.51363207223494,True,London,71,50.415695411250795,203.0,0.01015
72,Purley,existing_firehouse,-0.1184683579611386,51.33129366318752,True,London,72,47.57772972699712,71.0,0.00355
73,Richmond,existing_firehouse,-0.2873390602860493,51.464651527157216,True,London,73,69.990539515797,106.0,0.0053
74,Romford,existing_firehouse,0.1785099295651007,51.58519771340967,True,London,74,74.34311711254844,185.0,0.00925
75,Ruislip,existing_firehouse,-0.4207987094204343,51.581299251123475,True,London,75,59.242353637523365,143.0,0.00715
76,Shadwell,existing_firehouse,-0.0550064035085364,51.51238633696375,True,London,76,53.6200585829785,147.0,0.00735
77,Shoreditch,existing_firehouse,-0.0841755655663846,51.52735355269712,True,London,77,33.71123948453106,435.0,0.02175
78,Sidcup,existing_firehouse,0.1029482416435617,51.42494310995924,True,London,78,66.5842441376584,141.0,0.00705
79,Soho,existing_firehouse,-0.1342281039160492,51.51290503055837,True,London,79,90.50232561234616,0.0,0.0
80,Southall,existing_firehouse,-0.3774661456287024,51.51686854952914,True,London,80,63.54930515016051,248.0,0.0124
81,Southgate,existing_firehouse,-0.1278823524377577,51.62298176637722,True,London,81,33.99567988304881,189.0,0.00945
82,Stanmore,existing_firehouse,-0.2959976712698563,51.59885712909399,True,London,82,55.55465833838497,169.0,0.00845
83,Stoke Newington,existing_firehouse,-0.0747542763718913,51.563205668145294,True,London,83,60.917614392448314,176.0,0.0088
84,Stratford,existing_firehouse,0.0108360932367351,51.54312747457042,True,London,84,30.0,261.0,0.01305
85,Surbiton,existing_firehouse,-0.2995467897277278,51.38911399099351,True,London,85,43.40487645904875,120.0,0.006
86,Sutton,existing_firehouse,-0.1970952568209774,51.366999795791074,True,London,86,73.19896024456442,180.0,0.009
87,Tooting,existing_firehouse,-0.158588545159242,51.434764833216306,True,London,87,49.77046398114565,181.0,0.00905
88,Tottenham,existing_firehouse,-0.0749813599414571,51.59340520078589,True,London,88,58.7502217431786,269.0,0.01345
89,Twickenham,existing_firehouse,-0.34450550816909,51.43381586074533,True,London,89,37.60055309149702,180.0,0.009
90,Wallington,existing_firehouse,-0.1507110713335737,51.36266545362322,True,London,90,64.01696221816098,103.0,0.00515
91,Walthamstow,existing_firehouse,-0.0203175850429804,51.58758341979703,True,London,91,53.73798675359001,206.0,0.0103
92,Wandsworth,existing_firehouse,-0.213316514746195,51.45435188957088,True,London,92,30.0,183.0,0.00915
93,Wembley,existing_firehouse,-0.2943607575516272,51.55460993001413,True,London,93,116.89574263457493,162.0,0.0081
94,Wennington,existing_firehouse,0.193349131867188,51.52211541306801,True,London,94,134.20021037006057,106.0,0.0053
95,West Hampstead,existing_firehouse,-0.1922202467431241,51.54781697998146,True,London,95,72.02117056124229,224.0,0.0112
96,West Norwood,existing_firehouse,-0.1058551800240007,51.43483856877116,True,London,96,48.2689852227042,176.0,0.0088
97,Whitechapel,existing_firehouse,-0.0697138530776269,51.515909446129136,True,London,97,51.883731767820734,126.0,0.0063
98,Willesden,existing_firehouse,-0.237789540546121,51.55022687614621,True,London,98,40.98554855104646,229.0,0.01145
99,Wimbledon,existing_firehouse,-0.2027272621861879,51.41899202945456,True,London,99,66.07944619851219,155.0,0.00775
100,Woodford,existing_firehouse,0.0263605627094228,51.6045738281116,True,London,100,80.34120494468416,77.0,0.00385
101,Woodside,existing_firehouse,-0.0704771742592612,51.3929143565415,True,London,101,73.90643213772069,89.0,0.00445
102,Demand cell 0,demand_cell,-0.13694106156319216,51.51022653379869,False,,102,60.0,1099.0,0.05495
106,Demand cell 4,demand_cell,-0.10922895521785714,51.51860141576643,False,,103,60.0,482.0,0.0241
