uid,facname,factype,facsubgrp,address,boro,borocode,zipcode,latitude,longitude,opname,optype
00abd48bd2c32008a8fbe8eacf33784f,SEGUNDO RUIZ BELVIS D AND TC,EMERGENCY MEDICAL STATION,OTHER EMERGENCY SERVICES,545 EAST 142 STREET,BRONX,2,10454,40.810173,-73.915892,NYC Health and Hospitals Corporation,Public
03957f7f010a9029fbaf54f274983c83,EMS STATION 17 PARKING,OUTDOOR PARKING - EMPLOYEES,CITY AGENCY PARKING,1076 OGDEN AVENUE,BRONX,2,10452,40.83487,-73.92797,NYC Fire Department,Public
09340b03f33b20eef81dd696cd42660f,GOUVERNEUR SNF/DIAG TRMNT CTR,EMERGENCY MEDICAL STATION,OTHER EMERGENCY SERVICES,227 MADISON STREET,MANHATTAN,1,10002,40.713196,-73.987786,NYC Health and Hospitals Corporation,Public
0a9204e717896651a3c2694d3a343c77,"EMS STATION 19, DO 7",AMBULANCE STATION,OTHER EMERGENCY SERVICES,2283 JEROME AVENUE,BRONX,2,10468,40.858729,-73.904071,NYC Fire Department,Public
0d08a0992722813cbf42bc5d978e6698,LOWER WEST SIDE HEALTH CENTER,EMERGENCY MEDICL STN,OTHER EMERGENCY SERVICES,303 9 AVENUE,MANHATTAN,1,10001,40.749575,-73.999852,NYC Department of Health and Mental Hygiene,Public
0f44391b33c5c328f81c8768fa8954d4,LINCOLN MEDICAL/EMS 14,EMERGENCY MEDICAL STATION,OTHER EMERGENCY SERVICES,234 EAST 149 STREET,BRONX,2,10451,40.816758,-73.924478,NYC Health and Hospitals Corporation,Public
116a37435e53de72997b679c00cd3f78,EMS STATION 58/DIVISION 3,AMBULANCE STATION,OTHER EMERGENCY SERVICES,410 EAST 83 STREET,BROOKLYN,3,11236,40.642511,-73.917955,NYC Fire Department,Public
18f19f0bfc8a495bd3fa1221e2d36fc0,EMS STATION 32,AMBULANCE STATION,OTHER EMERGENCY SERVICES,347 BOND STREET,BROOKLYN,3,11231,40.678354,-73.990215,NYC Fire Department,Public
1c80b0ea54d0800b0450a5adbcb7e0fa,DYCKMAN HOUSES AND SENIOR CENTER,EMERGENCY MEDICAL STATION,OTHER EMERGENCY SERVICES,177 NAGLE AVENUE,MANHATTAN,1,10034,40.861144,-73.922678,NYC Health and Hospitals Corporation,Public
228913f38e7c7545683443be406cf8e4,METROPOLITAN HOSP./ EMS ST.10,EMERGENCY MEDICAL STATION,OTHER EMERGENCY SERVICES,1918 1 AVENUE,MANHATTAN,1,10029,40.785054,-73.94496,NYC Health and Hospitals Corporation,Public
22ee05bdaf6beaa26c9d196d427c06e3,WOODSIDE HOUSES,EMERGENCY MEDICAL STATION,OTHER EMERGENCY SERVICES,50-14 BROADWAY,QUEENS,4,11377,40.754215,-73.910487,NYC Health and Hospitals Corporation,Public
25bf7121fdf2a8b7cc824f48cc1a9176,EMS STATION 18,AMBULANCE STATION,OTHER EMERGENCY SERVICES,1663 WASHINGTON AVENUE,BRONX,2,10457,40.841141,-73.901783,NYC Fire Department,Public
26ba52ec68b875cd69dad216667beb20,"EMS STATION 59, SOC STORAGE",AMBULANCE STATION,OTHER EMERGENCY SERVICES,101-07 FARRAGUT ROAD,BROOKLYN,3,11236,40.649196,-73.902192,NYC Fire Department,Public
39b2b686d96209900c3504cdce9291ca,THE HIGH LINE/EMS STATION 7,AMBULANCE STATION,OTHER EMERGENCY SERVICES,507-09 WEST 22 STREET,MANHATTAN,1,10011,40.747571,-74.004988,NYC Fire Department,Public
39b2ffe4bc55b36cc680992a29d6de6e,LINCOLN MEDICAL/EMS 14,AMBULANCE STATION,OTHER EMERGENCY SERVICES,234 EAST 149 STREET,BRONX,2,10451,40.816758,-73.924478,NYC Fire Department,Public
3c64f0f718f70e7c8bb75de8e38a3434,"PIERS 35 AND 36, EMS ST.4/DIV.1",AMBULANCE STATION,OTHER EMERGENCY SERVICES,271 MARGINAL STREET,MANHATTAN,1,10002,40.709581,-73.986351,NYC Fire Department,Public
4298bcfec9c390ad1102e712e26912ad,ENG 168/EMS STATION 23,PUBLIC SAFETY FACILITY,OTHER PUBLIC SAFETY,1100 ROSSVILLE AVENUE,STATEN ISLAND,5,10309,40.553737,-74.213481,NYC Fire Department,Public
42d27da63b8d83d5123a10be5552da74,NYPD 50TH PRECINCT STATION HOUSE AND EMS STATION 50,POLICE STATION,POLICE SERVICES,3450 KINGSBRIDGE AVENUE,BRONX,2,10463,40.883369,-73.902307,NYC Police Department,Public
4336ca2b180e3ca593b6d723e82aa7cc,EAST NEW YORK COMMUNITY CENTER,EMERGENCY MEDICAL STATION,OTHER EMERGENCY SERVICES,127 PENNSYLVANIA AVENUE,BROOKLYN,3,11207,40.674679,-73.89612,NYC Health and Hospitals Corporation,Public
433772760f12867f6fc325c223c5b1fe,WASHINGTON HGTS. HEALTH CENTER,EMERGENCY MEDICL STN,OTHER EMERGENCY SERVICES,600 WEST 168 STREET,MANHATTAN,1,10032,40.84105,-73.940248,NYC Department of Health and Mental Hygiene,Public
44bfdc5bd6f677dece586f6fbf9e09b4,BELVUE HOSP/OCME/EMS STATION 8,AMBULANCE STATION,OTHER EMERGENCY SERVICES,430-514 FIRST AVENUE,MANHATTAN,1,10016,40.738747,-73.975343,NYC Fire Department,Public
4521c14c4c2b4e91746faa3f6c946b9f,WOODHULL HOSP/EMS STATION 57,AMBULANCE STATION,OTHER EMERGENCY SERVICES,780 BROADWAY,BROOKLYN,3,11206,40.699516,-73.942712,NYC Fire Department,Public
486f24f68f76df28955ff052ffd47135,9 METROTECH CENTER,EMERGENCY MEDICL STN,OTHER EMERGENCY SERVICES,303-05 BRIDGE STREET,BROOKLYN,3,11201,40.694498,-73.984551,NYC Fire Department,Public
488fa2d1b64c14c8e85c409503cc207b,MORRISANIA D AND TC,EMERGENCY MEDICAL STATION,OTHER EMERGENCY SERVICES,1225 GERARD AVENUE,BRONX,2,10452,40.836342,-73.920365,NYC Health and Hospitals Corporation,Public
4a7c4daee60d055399400a5e5924d9f7,EMS STATION 55 PARKING,OUTDOOR PARKING - AGENCY VEHICLES,CITY AGENCY PARKING,319 EAST 159 STREET,BRONX,2,10451,40.823851,-73.916753,NYC Fire Department,Public
4add8722b2e9626feacb771f4bfc6ee7,JACOBI MED CTR/49TH PCT/EMS 20,EMERGENCY MEDICAL STATION,OTHER EMERGENCY SERVICES,1400 EASTCHESTER ROAD,BRONX,2,10461,40.855466,-73.84661,NYC Health and Hospitals Corporation,Public
4b48bf64ca882b1cd44e825c92954631,COURT SQUARE BLDG,EMERGENCY MEDICL STN,OTHER EMERGENCY SERVICES,2 LAFAYETTE STREET,MANHATTAN,1,10007,40.714022,-74.003903,Non-public,Non-public
4b89318f6c0a27f44b7fd522a82409a3,EMS STATION 35,AMBULANCE STATION,OTHER EMERGENCY SERVICES,332 METROPOLITAN AVENUE,BROOKLYN,3,11211,40.714154,-73.957052,NYC Fire Department,Public
5276e00703d92ba5e596a872e7af997c,LAGUARDIA AIRPORT,EMERGENCY MEDICAL STATION,OTHER EMERGENCY SERVICES,FLUSHING AVENUE,QUEENS,4,11371,40.774748,-73.874521,NYC Health and Hospitals Corporation,Public
540f5c9cfb1f9c7fd770526cb63d8a4e,ST. NICHOLAS HOUSES AND PLAYGROUND,EMERGENCY MEDICAL STATION,OTHER EMERGENCY SERVICES,2406 FREDERICK DOUGLASS BOULEVARD,MANHATTAN,1,10027,40.811515,-73.948374,NYC Health and Hospitals Corporation,Public
5a2db68583bfaf2991caa5cee030eb0b,JACOBI MED CTR/49TH PCT/EMS 20,AMBULANCE STATION,OTHER EMERGENCY SERVICES,1400 EASTCHESTER ROAD,BRONX,2,10461,40.855466,-73.84661,NYC Fire Department,Public
5a63a204e6925cd41290dbb3b9d04e0f,CONEY ISLAND HOSPITAL/EMS 43,AMBULANCE STATION,OTHER EMERGENCY SERVICES,2601 OCEAN PARKWAY,BROOKLYN,3,11235,40.585646,-73.964869,NYC Fire Department,Public
61087f87c757c50ce43b689037c19a41,ELMHURST HOSPITAL CNTER/EMS 46,EMERGENCY MEDICAL STATION,OTHER EMERGENCY SERVICES,79-01 BROADWAY,QUEENS,4,11373,40.745121,-73.885641,NYC Health and Hospitals Corporation,Public
63a7be4e4a4e2428b77b292ee161d27b,EMS STATION 55,AMBULANCE STATION,OTHER EMERGENCY SERVICES,3134 PARK AVENUE,BRONX,2,10451,40.823884,-73.917114,NYC Fire Department,Public
6555ad25beb66a8eafe2b3ad1067ca75,CUMBERLAND HOSP/EMS STATION 31,EMERGENCY MEDICAL STATION,OTHER EMERGENCY SERVICES,39 AUBURN PLACE,BROOKLYN,3,11205,40.695498,-73.976819,NYC Health and Hospitals Corporation,Public
691499d1206f638699590b4f25f5930b,EAST NY NEIGHBRHD FAMILY CARE,EMERGENCY MEDICAL STATION,OTHER EMERGENCY SERVICES,2094 PITKIN AVENUE,BROOKLYN,3,11207,40.67162,-73.895158,NYC Health and Hospitals Corporation,Public
695ec7555246e8b216663159e4debdd1,EMS STATION 3/HAVEMEYER GARDEN,AMBULANCE STATION,OTHER EMERGENCY SERVICES,2301 LACOMBE AVENUE,BRONX,2,10473,40.817822,-73.844073,NYC Fire Department,Public
6c9c0945fd416365e94043306f43ccc2,TRIBOROUGH BRIDGE PLAYGROUND.E,AMBULANCE STATION,OTHER EMERGENCY SERVICES,HOYT AVENUE,QUEENS,4,11102,40.773002,-73.920878,NYC Fire Department,Public
7347ad879af248151db879ce2211cedd,BELVUE HOSP/OCME/EMS STATION 8,EMERGENCY MEDICAL STATION,OTHER EMERGENCY SERVICES,430-514 FIRST AVENUE,MANHATTAN,1,10016,40.738747,-73.975343,NYC Health and Hospitals Corporation,Public
7626fabcaaa44acbf2671b36b55c7409,EMS STATION 44 PARKING,OUTDOOR PARKING - AGENCY VEHICLES,CITY AGENCY PARKING,254 ROCKAWAY AVENUE,BROOKLYN,3,11233,40.674488,-73.911413,NYC Fire Department,Public
7abafa486c3c075ae3ed6308550f0d02,KINGS COUNTY HOSP./EMS ST. 38,EMERGENCY MEDICAL STATION,OTHER EMERGENCY SERVICES,451 CLARKSON AVENUE,BROOKLYN,3,11203,40.656629,-73.944144,NYC Health and Hospitals Corporation,Public
7dc1d072131eacd3a0edf421eef2fc3e,EMS 7,AMBULANCE STATION,OTHER EMERGENCY SERVICES,,MANHATTAN,1,10001,40.753508,-74.005761,NYC Fire Department,Public
84e4189702d1f799c2adfd58d95abec4,EMS STATION 26,AMBULANCE STATION,OTHER EMERGENCY SERVICES,1264 BOSTON ROAD,BRONX,2,10456,40.830581,-73.900559,NYC Fire Department,Public
8b7c10d7f09c4f7b16b82d59183b3abf,EMS STATION 49,EMERGENCY MEDICL STN,OTHER EMERGENCY SERVICES,41-06 19 AVENUE,QUEENS,4,11105,40.776784,-73.899289,NYC Fire Department,Public
8e06d1df276870722d6568b4c7ba3d4e,EMS STATION 52,AMBULANCE STATION,OTHER EMERGENCY SERVICES,135-16 38 AVENUE,QUEENS,4,11354,40.760204,-73.831968,NYC Fire Department,Public
90064e96e22edf620d59db1ad855907b,FUTURE SCHOOL,EMERGENCY MEDICAL STATION,OTHER EMERGENCY SERVICES,6315 14 AVENUE,BROOKLYN,3,11219,40.625421,-73.997965,NYC Health and Hospitals Corporation,Public
972698e16131fb9745d03e8d5825730f,EMS STATION 18 PARKING,OUTDOOR PARKING - EMPLOYEES,CITY AGENCY PARKING,1637 WASHINGTON AVENUE,BRONX,2,10457,40.840793,-73.901979,NYC Fire Department,Public
9a04dd0aaee937e97c3919815680688b,EMS STATION 55 PARKING,OUTDOOR PARKING - EMPLOYEES,CITY AGENCY PARKING,315 EAST 159 STREET,BRONX,2,10451,40.823875,-73.916836,NYC Fire Department,Public
9ee4337baad48d5220025c930b5ea6c0,EMS STATION 40,AMBULANCE STATION,OTHER EMERGENCY SERVICES,5011 7 AVENUE,BROOKLYN,3,11220,40.642038,-74.005931,NYC Fire Department,Public
a40f509cbab4ab09ec2aa3a83ba50a69,QUEENS HOSPITAL CTR/GATEWAY HS,AMBULANCE STATION,OTHER EMERGENCY SERVICES,82-68 164 STREET,QUEENS,4,11432,40.717777,-73.805293,NYC Fire Department,Public
a549d5abe4d8a4642d6e719f536378aa,CENTRAL HARLEM HEALTH CENTER,EMERGENCY MEDICAL STATION,OTHER EMERGENCY SERVICES,264-72 WEST 118 STREET,MANHATTAN,1,10026,40.805155,-73.953649,NYC Health and Hospitals Corporation,Public
a5665becddfb20a80a2d7a247647c99b,KINGS COUNTY HOSP./EMS ST. 38,AMBULANCE STATION,OTHER EMERGENCY SERVICES,451 CLARKSON AVENUE,BROOKLYN,3,11203,40.656629,-73.944144,NYC Fire Department,Public
a6a6de6a897d737cc61f85a7aac9318b,EMS STATION 13,AMBULANCE STATION,OTHER EMERGENCY SERVICES,501 WEST 172 STREET,MANHATTAN,1,10032,40.842592,-73.935335,NYC Fire Department,Public
a6b33647abc2815687a5934e34fbb975,JONATHAN WILLIAMS HOUSES,EMERGENCY MEDICAL STATION,OTHER EMERGENCY SERVICES,325 ROEBLING STREET,BROOKLYN,3,11211,40.708103,-73.960353,NYC Health and Hospitals Corporation,Public
a89741aa6fa38d05953c91d6eb1e3cbe,EMS STATION 39,AMBULANCE STATION,OTHER EMERGENCY SERVICES,265 PENNSYLVANIA AVENUE,BROOKLYN,3,11207,40.671198,-73.895314,NYC Fire Department,Public
a90cc7b4a2c94a8195aa0dc5a1045905,EMS ST.  45/RADIO REPAIR SHOP,AMBULANCE STATION,OTHER EMERGENCY SERVICES,58-65 52 ROAD,QUEENS,4,11377,40.734667,-73.907187,NYC Fire Department,Public
b28cabe8376f820e5b572f2e7d7718ac,WOODHULL HOSP/EMS STATION 57,EMERGENCY MEDICAL STATION,OTHER EMERGENCY SERVICES,780 BROADWAY,BROOKLYN,3,11206,40.699516,-73.942712,NYC Health and Hospitals Corporation,Public
b58a9f3ee7fb79d7275785d383322ffe,ELMHURST HOSPITAL CNTER/EMS 46,AMBULANCE STATION,OTHER EMERGENCY SERVICES,79-01 BROADWAY,QUEENS,4,11373,40.745121,-73.885641,NYC Fire Department,Public
ba8efcd859db7340039f54be3d8726d7,HARLEM HOSPITAL/EMS STATION 16,AMBULANCE STATION,OTHER EMERGENCY SERVICES,16 WEST 137 STREET,MANHATTAN,1,10037,40.814294,-73.938993,NYC Fire Department,Public
bb9020a0a9c5fe900f9064a1857be273,EMS STATION 44,AMBULANCE STATION,OTHER EMERGENCY SERVICES,266 ROCKAWAY AVENUE,BROOKLYN,3,11233,40.674156,-73.911442,NYC Fire Department,Public
bebaef81e404a7ec4c9719782920014c,METROPOLITAN HOSP./ EMS ST.10,AMBULANCE STATION,OTHER EMERGENCY SERVICES,1918 1 AVENUE,MANHATTAN,1,10029,40.785054,-73.94496,NYC Fire Department,Public
bf232b7e3aa4d7a85bf6944001ef3591,EMS STATION 54,AMBULANCE STATION,OTHER EMERGENCY SERVICES,222-15 MERRICK BOULEVARD,QUEENS,4,11413,40.678523,-73.746674,NYC Fire Department,Public
c27805dbb07b3bb13b6eb8ff09db5a2f,EMS STATION 17,AMBULANCE STATION,OTHER EMERGENCY SERVICES,1080 OGDEN AVENUE,BRONX,2,10452,40.834925,-73.92792,NYC Fire Department,Public
c34378038cef2a6bc2f90482c0e21df9,EMS STATION 27,AMBULANCE STATION,OTHER EMERGENCY SERVICES,243 EAST 233 STREET,BRONX,2,10470,40.896571,-73.868825,NYC Fire Department,Public
ca0cb027bdefb17b41c711f064c683ef,QUEENS HOSPITAL CTR/GATEWAY HS,EMERGENCY MEDICAL STATION,OTHER EMERGENCY SERVICES,82-68 164 STREET,QUEENS,4,11432,40.717777,-73.805293,NYC Health and Hospitals Corporation,Public
cc6be438d0a092c3966b99b27fae7ba9,QUEENS BOROUGH HALL,EMERGENCY MEDICL STN,OTHER EMERGENCY SERVICES,120-55 QUEENS BOULEVARD,QUEENS,4,11415,40.714006,-73.827997,NYC Department of Transportation,Public
d486f08873ad0caa758433530cbed662,BELVUE HOSP/OCME/EMS STATION 8,MEDICAL TESTING LABORATORY,OTHER HEALTH CARE,430-514 FIRST AVENUE,MANHATTAN,1,10016,40.738747,-73.975343,NYC Office of the Medical Examiner,Public
d56ccfc76771b22ec03d9ff3061fcd47,CANARSIE MUNI PARKING FIELD,EMERGENCY MEDICAL STATION,OTHER EMERGENCY SERVICES,EAST 98 STREET,BROOKLYN,3,11236,40.64683,-73.902062,NYC Health and Hospitals Corporation,Public
da69d0006b7da1a5067e8c10b05887a8,CUMBERLAND HOSP/EMS STATION 31,AMBULANCE STATION,OTHER EMERGENCY SERVICES,39 AUBURN PLACE,BROOKLYN,3,11205,40.695498,-73.976819,NYC Fire Department,Public
db96821472d10b309f27a4d184c068ad,"EMS STATION 59, SOC STORAGE",MAINTENANCE,MAINTENANCE AND GARAGES,101-07 FARRAGUT ROAD,BROOKLYN,3,11236,40.649196,-73.902192,NYC Department of Homeless Services,Public
e4f1219093165444ae41f38afdd3185c,WEST BROOKLYN COMMUNITY HS,EMERGENCY MEDICAL STATION,OTHER EMERGENCY SERVICES,1053 41 STREET,BROOKLYN,3,11219,40.642611,-73.991853,NYC Health and Hospitals Corporation,Public
f642ecc89eb99bf03f1d597721883622,FUTURE SCHOOL,EMERGENCY MEDICAL STATION,OTHER EMERGENCY SERVICES,57 CLEVELAND PLACE,STATEN ISLAND,5,10305,40.601639,-74.067845,NYC Health and Hospitals Corporation,Public
f7ae0afd48ec1a0e9f973da27550af99,NORTH CENTRAL BRONX HOSPITAL,EMERGENCY MEDICAL STATION,OTHER EMERGENCY SERVICES,3424 KOSSUTH AVENUE,BRONX,2,10467,40.880486,-73.881087,NYC Health and Hospitals Corporation,Public
fedbf4284fbea8ccc1646380053cdf7d,EMS STATION 15,AMBULANCE STATION,OTHER EMERGENCY SERVICES,4109 WHITE PLAINS ROAD,BRONX,2,10466,40.891081,-73.859071,NYC Fire Department,Public
ffa71408eb42af6a65bed58c50f048cf,FDNY EMS CMND - SEAVIEW CAMPUS,AMBULANCE STATION,OTHER EMERGENCY SERVICES,150 BRIELLE AVENUE,STATEN ISLAND,5,10314,40.59255,-74.134517,NYC Fire Department,Public
