facilityname,facilityaddress,borough,postcode,latitude,longitude,community_board,community_council,census_tract,bin,bbl,nta
Engine 4/Ladder 15,42 South Street,Manhattan,10005,40.703694,-74.007717,101,1,7,1000867,1000350001,Battery Park City-Lower Manhattan
Engine 6,49 Beekman Street,Manhattan,10038,40.709971,-74.005395,101,1,1501,1001287,1000930030,Battery Park City-Lower Manhattan
Manhattan Borough Command/Battalion 1/Engine 7/Ladder 1,100 Duane Street,Manhattan,10007,40.715339,-74.0063,101,1,33,1001647,1001500025,SoHo-TriBeCa-Civic Center-Little Italy
Ladder 8,14 N. Moore Street,Manhattan,10013,40.719574,-74.00662,101,1,33,1002150,1001890035,SoHo-TriBeCa-Civic Center-Little Italy
Engine 9/Ladder 6,75 Canal Street,Manhattan,10002,40.715408,-73.992834,103,1,16,1003898,1003000030,Chinatown
Battalion 4/Engine 15/Ladder 18,25 Pitt Street,Manhattan,10002,40.716439,-73.983927,103,1,12,1004078,1003420060,Lower East Side
Engine 28/Ladder 11,222 East 2 Street,Manhattan,10009,40.721879,-73.982526,103,2,2202,1004608,1003850058,Lower East Side
Engine 5,340 East 14 Street,Manhattan,10003,40.731494,-73.983407,103,2,40,1006520,1004550028,East Village
Division 1/Ladder 20,253 Lafayette Street,Manhattan,10012,40.723026,-73.996571,102,1,43,1007523,1004950007,SoHo-TriBeCa-Civic Center-Little Italy
Engine 33/Ladder 9,42 Great Jones Street,Manhattan,10012,40.726986,-73.992526,102,1,5502,1008526,1005310049,West Village
Battalion 6/Ladder 3,108 East 13 Street,Manhattan,10003,40.733093,-73.989443,103,2,42,1009010,1005580011,East Village
Squad 18,132 West 10 Street,Manhattan,10014,40.734518,-74.000381,102,3,71,1010686,1006100051,West Village
Engine 34/Ladder 21,440 West 38th Street,Manhattan,10018,40.756593,-73.996471,104,3,111,1012982,1007350061,Hudson Yards-Chelsea-Flatiron-Union Square
Engine 26,220 West 37 Street,Manhattan,10018,40.753107,-73.990376,105,3,109,1014447,1007860061,Midtown-Midtown South
Battalion 7/Engine 3/Ladder 12,150 West 19 Street,Manhattan,10011,40.741196,-73.996868,104,3,87,1014724,1007940066,Hudson Yards-Chelsea-Flatiron-Union Square
Engine 1/Ladder 24,142 West 31 Street,Manhattan,10001,40.748474,-73.991188,105,3,101,1015173,1008060066,Midtown-Midtown South
Engine 14,14 East 18 Street,Manhattan,10003,40.737948,-73.991035,105,2,52,1016141,1008460066,Hudson Yards-Chelsea-Flatiron-Union Square
Engine 16/Ladder 7,234 East 29 Street,Manhattan,10016,40.741676,-73.97888,106,2,66,1019903,1009090035,Murray Hill-Kips Bay
Engine 21,238 East 40 Street,Manhattan,10016,40.748642,-73.974027,106,4,88,1020385,1009200042,Turtle Bay-East Midtown
Battalion 9/Engine 54/Ladder 4,782 Eighth Avenue,Manhattan,10036,40.76072,-73.986793,105,3,125,1024767,1010190061,Midtown-Midtown South
Engine 23,215 W 58th Street,Manhattan,10019,40.766699,-73.980368,105,4,137,1024915,1010300023,Midtown-Midtown South
Engine 40/Ladder 35,131 Amsterdam Avenue,Manhattan,10023,40.774562,-73.984225,107,6,149,1028836,1011370061,Lincoln Square
Division 3/Ladder 25,207 West 77th Street,Manhattan,10024,40.78223,-73.979841,107,6,163,1030885,1011690026,Upper West Side
Engine 74,120 West 83 Street,Manhattan,10024,40.784697,-73.974602,107,6,169,1032079,1012130041,Upper West Side
Battalion 8/Engine 8/Ladder 2,165 East 51 Street,Manhattan,10022,40.756891,-73.970805,106,4,100,1036462,1013060033,Turtle Bay-East Midtown
Engine 44,221 East 75 Street,Manhattan,10021,40.771454,-73.958154,108,4,134,1044059,1014300010,Lenox Hill-Roosevelt Island
Battalion 10/Engine 22/Ladder 13,159 East 85 Street,Manhattan,10028,40.778622,-73.955311,108,5,14801,1047937,1015140027,Upper East Side-Carnegie Hill
Engine 58/Ladder 26,1367 Fifth Avenue,Manhattan,10029,40.798913,-73.947333,111,9,184,1051632,1016180014,East Harlem North
Engine 53/Ladder 43,1836 Third Avenue,Manhattan,10029,40.788923,-73.946985,111,8,166,1051850,1016290040,East Harlem South
Engine 91,242 East 111 Street,Manhattan,10029,40.793843,-73.940791,111,8,180,1052473,1016600030,East Harlem North
Battalion 12/Engine 35/Ladder 14,2282 Third Avenue,Manhattan,10035,40.803297,-73.936522,111,8,196,1054465,1017730033,East Harlem North
Battalion 11/Engine 76/Ladder 22,145 West 100th St.,Manhattan,10025,40.796449,-73.967261,107,7,189,1055910,1018550005,Upper West Side
Engine 47,500 West 113 Street,Manhattan,10025,40.804946,-73.962932,109,7,199,1056999,1018840038,Morningside Heights
Engine 59/Ladder 30,111 West 133 Street,Manhattan,10030,40.813332,-73.94245,110,9,226,1058225,1019180024,Central Harlem North-Polo Grounds
Engine 37/Ladder 40,415 West 125 Street,Manhattan,10027,40.811921,-73.9546,109,7,20901,1059547,1019660061,Morningside Heights
Engine 84/Ladder 34,513 West 161 Street,Manhattan,10032,40.835918,-73.940959,112,7,245,1062872,1021200046,Washington Heights South
Engine 95/Ladder 36,29 Vermilyea Avenue,Manhattan,10034,40.864897,-73.925154,112,10,291,1064801,1022240015,Marble Hill-Inwood
Engine 55,363 Broome Street,Manhattan,10013,40.719841,-73.99576,102,1,41,1066722,1004700012,SoHo-TriBeCa-Civic Center-Little Italy
Rescue 1,530 West 43 Street,Manhattan,10036,40.760727,-73.996616,104,3,129,1070109,1010710049,Clinton
Engine 39/Ladder 16,157 E 67th St,Manhattan,10065,40.767062,-73.963612,108,4,120,1072190,1014020029,Upper East Side-Carnegie Hill
Battalion 16/Engine 69/Ladder 28,248 West 143 Street,Manhattan,10030,40.820847,-73.941821,110,9,232,1075491,1020280051,Central Harlem North-Polo Grounds
Engine 80/Ladder 23,503 West 139 Street,Manhattan,10031,40.821948,-73.950762,109,7,225,1075504,1020710027,Hamilton Heights
Battalion 13/Engine 93/Ladder 45,515 West 181 Street,Manhattan,10033,40.848722,-73.931662,112,10,269,1075518,1021550030,Washington Heights North
Engine 10/Ladder 10,124 Liberty Street,Manhattan,10006,40.709819,-74.012608,101,1,13,1075700,1000520022,Battery Park City-Lower Manhattan
Engine 65,33 West 43 Street,Manhattan,10036,40.754975,-73.981979,105,4,96,1076256,1012590018,Midtown-Midtown South
Battalion 2/Engine 24/Ladder 5,227 Sixth Avenue,Manhattan,10014,40.728041,-74.003434,102,3,37,1080044,1005200037,SoHo-TriBeCa-Civic Center-Little Italy
Engine 67,518 West 170 Street,Manhattan,10032,40.841279,-73.937195,112,10,253,1085743,1021260035,Washington Heights South
Marine 1,20 Rear Bloomfield Street,Manhattan,10014,40.740647,-74.011815,102,3,79,1086681,1006510105,West Village
Battalion 14/Engine 60/Ladder 17,341 East 143 Street,Bronx,10454,40.813163,-73.922146,201,8,41,2000656,2023060052,Mott Haven-Port Morris
Squad 41,330 East 150th Street,Bronx,10451,40.817323,-73.92013,201,17,65,2000930,2023310033,Melrose South-Mott Haven North
Division 6/Engine 71/Ladder 55,720 Melrose Ave.,Bronx,10455,40.820292,-73.915555,201,17,69,2001400,2023770001,Melrose South-Mott Haven North
Battalion 26/Engine 50/Ladder 19,1155 Washington Ave.,Bronx,10456,40.82971,-73.908118,203,16,185,2001584,2023880045,Morrisania-Melrose
Engine 68/Ladder 49,1160 Ogden Ave.,Bronx,10452,40.836659,-73.926919,204,16,199,2003268,2025140056,Highbridge
Engine 83/Ladder 29,618 East 138 Street,Bronx,10454,40.805819,-73.915834,201,8,2701,2003609,2025500028,Mott Haven-Port Morris
Battalion 3/Engine 94/Ladder 48,1226 Seneca Ave.,Bronx,10474,40.818581,-73.887778,202,17,11502,2006440,2027620054,Hunts Point
Engine 42,1781 Monroe Ave.,Bronx,10457,40.846325,-73.906812,205,15,22901,2007448,2027970035,Mount Hope
Engine 43/Ladder 59,1901 Sedgwick Ave.,Bronx,10453,40.854655,-73.917286,205,16,247,2009252,2028810140,University Heights-Morris Heights
Engine 46/Ladder 27,460 Cross Bronx Expressway,Bronx,10457,40.843919,-73.90016,206,15,165,2009509,2029070010,Claremont-Bathgate
Bronx Borough Command,453 E 176 Street,Bronx,10457,40.846372,-73.899241,206,15,395,2009541,2029090040,Claremont-Bathgate
Engine 82/Ladder 31,1215 Intervale Ave.,Bronx,10459,40.828532,-73.895259,203,17,125,2010447,2029730038,Morrisania-Melrose
Division 7/Engine 48/Ladder 56,2417 Webster Ave.,Bronx,10458,40.859318,-73.893992,205,15,39902,2011061,2030250025,Bedford Park-Fordham North
Battalion 18/Engine 45/Ladder 58,925 East Tremont Ave.,Bronx,10460,40.841877,-73.883508,206,17,363,2013192,2031260012,East Tremont
Battalion 27/Engine 79/Ladder 37,2928 Briggs Ave.,Bronx,10458,40.870279,-73.886581,207,11,40702,2016936,2032970009,Bedford Park-Fordham North
Engine 96/Ladder 54,1689 Story Ave.,Bronx,10473,40.822986,-73.869357,209,18,46,2022629,2036600001,Soundview-Castle Hill-Clason Point-Harding Park
Engine 90/Ladder 41,1843 White Plains Rd.,Bronx,10462,40.846365,-73.8668,211,15,236,2043470,2040490049,Van Nest-Morris Park-Westchester Square
Battalion 20/Squad 61,1518 Williamsbridge Road,Bronx,10461,40.845048,-73.846393,211,13,200,2044205,2040820011,Van Nest-Morris Park-Westchester Square
Engine 97,1454 Astor Ave.,Bronx,10469,40.859347,-73.844162,211,13,314,2050740,2043890023,Allerton-Pelham Gardens
Engine 62/Ladder 32,3431 White Plains Road,Bronx,10467,40.876269,-73.867362,212,12,374,2056968,2046280053,Williamsbridge-Olinville
Engine 38/Ladder 51,3446 Eastchester Road,Bronx,10469,40.877984,-73.846513,212,12,386,2060238,2047230045,Eastchester-Edenwald-Baychester
Battalion 15/Engine 63/Ladder 39,755 East 233 Street,Bronx,10466,40.893028,-73.85531,212,12,434,2068155,2049970013,Woodlawn-Wakefield
Engine 66/Ladder 61,21 Asch Loop,Bronx,10475,40.869725,-73.831197,210,12,46201,2072355,2051410103,Co-op City
Engine 89/Ladder 50,2924 Bruckner Blvd.,Bronx,10465,40.833339,-73.827088,210,13,164,2076433,2054190125,Schuylerville-Throgs Neck-Edgewater Park
Engine 72,3929 East Tremont Ave.,Bronx,10465,40.821311,-73.818248,210,13,130,2077258,2054430170,Schuylerville-Throgs Neck-Edgewater Park
Engine 70/Ladder 53,169 Schofield Street,Bronx,10464,40.845574,-73.784695,210,13,516,2082474,2056420118,Pelham Bay-Country Club-City Island
Engine 52/Ladder 52,4550 Henry Hudson Parkway E.,Bronx,10471,40.892118,-73.907656,208,11,335,2084327,2058130123,North Riverdale-Fieldston-Riverdale
Engine 88/Ladder 38,2225 Belmont Ave.,Bronx,10457,40.851907,-73.887837,206,15,391,2086781,2030860038,Belmont
Engine 81/Ladder 46,3025 Bailey Ave.,Bronx,10463,40.876945,-73.903669,208,14,277,2086837,2032660068,Van Cortlandt Village
Engine 73/Ladder 42,655 Prospect Ave.,Bronx,10455,40.815274,-73.903785,201,17,79,2094318,2026750033,Melrose South-Mott Haven North
Engine 64/Ladder 47,1214 Castle Hill Ave.,Bronx,10462,40.832437,-73.850876,209,18,92,2094870,2038210007,Westchester-Unionport
Battalion 17/Engine 92/Ladder 44,1259 Morris Ave.,Bronx,10456,40.834679,-73.913625,204,16,17901,2096490,2024500040,East Concourse-Concourse Village
Rescue 3,1655 Washington Ave,Bronx,10457,40.841225,-73.901507,203,16,167,2117925,2029050030,Claremont-Bathgate
Battalion 19/Engine 75/Ladder 33,2175 Walton Ave.,Bronx,10453,40.856228,-73.904423,205,14,239,2118039,2031860037,Fordham South
Brooklyn Borough Command/Division 11/Battalion 31/Engine 207/Ladder 110,172 Tillary Street,Brooklyn,11201,40.69545,-73.982843,302,35,15,3000252,3001340006,DUMBO-Vinegar Hill-Downtown Brooklyn-Boerum Hill
Engine 226,409 State Street,Brooklyn,11217,40.68707,-73.982768,302,33,41,3000562,3001720048,DUMBO-Vinegar Hill-Downtown Brooklyn-Boerum Hill
Engine 205/Ladder 118,74 Middagh Street,Brooklyn,11201,40.700029,-73.992273,302,33,1,3001600,3002160022,Brooklyn Heights-Cobble Hill
Engine 224,274 Hicks Street,Brooklyn,11201,40.693072,-73.99708,302,33,7,3002336,3002600036,Brooklyn Heights-Cobble Hill
Engine 279/Ladder 131,252 Lorraine St.,Brooklyn,11231,40.672118,-73.999666,306,38,53,3008207,3004860018,Carroll Gardens-Columbia Street-Red Hook
Battalion 32/Engine 202/Ladder 101,31 Richards Street,Brooklyn,11231,40.680386,-74.006438,306,38,59,3008254,3005120022,Carroll Gardens-Columbia Street-Red Hook
Engine 228,436 39th St,Brooklyn,11232,40.651814,-74.005327,307,38,84,3010534,3007090019,Sunset Park West
Squad 1,788 Union Street,Brooklyn,11215,40.674649,-73.97667,306,39,157,3020193,3009570023,Park Slope-Gowanus
Engine 239,395 4th Ave.,Brooklyn,11215,40.671782,-73.987239,306,39,137,3021578,3009930005,Park Slope-Gowanus
Engine 220/Ladder 122,530 11th Street,Brooklyn,11215,40.66495,-73.981452,306,39,151,3026278,3010960025,Park Slope-Gowanus
Engine 219/Ladder 105,494 Dean Street,Brooklyn,11217,40.681192,-73.973851,308,35,161,3027813,3011360011,Prospect Heights
Engine 280/Ladder 132,489 Saint John's Place,Brooklyn,11238,40.673473,-73.961641,308,35,215,3029451,3011740051,Prospect Heights
Battalion 38/Engine 234/Ladder 123,1352 Saint John's Place,Brooklyn,11213,40.670443,-73.933495,308,35,351,3037055,3013840008,Crown Heights North
Engine 227,423 Ralph Ave.,Brooklyn,11233,40.674781,-73.921728,316,41,303,3038838,3014450002,Ocean Hill
Engine 233/Ladder 176,25 Rockaway Ave.,Brooklyn,11233,40.682712,-73.911396,316,37,369,3040990,3015120001,Ocean Hill
Engine 217,940 Dekalb Avenue,Brooklyn,11221,40.692759,-73.937993,303,36,281,3043215,3016010023,Stuyvesant Heights
Battalion 37/Engine 222,32 Ralph Ave.,Brooklyn,11221,40.689591,-73.924433,303,41,387,3044596,3016330039,Stuyvesant Heights
Engine 214/Ladder 111,495 Hancock Street,Brooklyn,11233,40.68441,-73.935771,303,36,275,3045695,3016540045,Stuyvesant Heights
