uid,facname,factype,facsubgrp,address,boro,borocode,zipcode,latitude,longitude,opname,optype,overagency
3593b4e81587d6966af9efe21db86f12,METROPOLITAN HOSPITAL CENTER,ACUTE CARE HOSPITAL,HOSPITALS AND CLINICS,1901 FIRST AVENUE,MANHATTAN,1,10029,40.7850865334,-73.9450268754,NYC Health and Hospitals Corporation,Public,NYS Department of Health
43f617c5a96e402d5ae36d000ea067fe,CONEY ISLAND HOSPITAL,ACUTE CARE HOSPITAL,HOSPITALS AND CLINICS,2601 OCEAN PARKWAY,BROOKLYN,3,11235,40.5851938281,-73.9650595692,NYC Health and Hospitals Corporation,Public,NYS Department of Health
7cbc3a4e9f96c716cedc0888f5f11619,NORTH CENTRAL BRONX HOSPITAL,ACUTE CARE HOSPITAL,HOSPITALS AND CLINICS,3424 KOSSUTH AVENUE,BRONX,2,10467,40.8804682307,-73.8810941706,NYC Health and Hospitals Corporation,Public,NYS Department of Health
8ca2205de3edd1cb4e1df3f2cf2d3dd3,LINCOLN MEDICAL AND MENTAL HEALTH CENTER,ACUTE CARE HOSPITAL,HOSPITALS AND CLINICS,234 EAST 149 STREET,BRONX,2,10451,40.8170688541,-73.9245035525,NYC Health and Hospitals Corporation,Public,NYS Department of Health
d35166b74dc46cee7f2a368f42f3d961,WOODHULL MEDICAL AND MENTAL HEALTH CENTER,ACUTE CARE HOSPITAL,HOSPITALS AND CLINICS,760 BROADWAY,BROOKLYN,3,11206,40.6995844886,-73.9423894861,NYC Health and Hospitals Corporation,Public,NYS Department of Health
dd06832728f1c4e7bcca95dd8720a045,KINGS COUNTY HOSPITAL CENTER,ACUTE CARE HOSPITAL,HOSPITALS AND CLINICS,451 CLARKSON AVENUE,BROOKLYN,3,11203,40.6566460111,-73.9449347538,NYC Health and Hospitals Corporation,Public,NYS Department of Health
dee581d1e5be1b9787cfadf366c6d346,QUEENS HOSPITAL CENTER,ACUTE CARE HOSPITAL,HOSPITALS AND CLINICS,"82 70 164TH STREET JAMAICA, NY",QUEENS,4,11432,40.717777,-73.805293,NYC Health and Hospitals Corporation,Public,NYS Department of Health
e99a2a433a5eac5903d4e816661bc8f4,HARLEM HOSPITAL CENTER,ACUTE CARE HOSPITAL,HOSPITALS AND CLINICS,506 LENOX AVENUE,MANHATTAN,1,10037,40.8141202109,-73.9397457408,NYC Health and Hospitals Corporation,Public,NYS Department of Health
ec4f9668773eb0fa542645ada9472292,JACOBI MEDICAL CENTER,ACUTE CARE HOSPITAL,HOSPITALS AND CLINICS,1400 PELHAM PARKWAY,BRONX,2,10461,40.8564867516,-73.847549146,NYC Health and Hospitals Corporation,Public,NYS Department of Health
f33954852f0d2fc8fe3f64616bdbca4b,ELMHURST HOSPITAL CENTER,ACUTE CARE HOSPITAL,HOSPITALS AND CLINICS,"79 01 ELMHURST, NY",QUEENS,4,11373,40.7387104026,-73.8783511552,NYC Health and Hospitals Corporation,Public,NYS Department of Health
fcabc8d279454c214632804de9ace701,BELLEVUE HOSPITAL CENTER,ACUTE CARE HOSPITAL,HOSPITALS AND CLINICS,462 FIRST AVENUE,MANHATTAN,1,10016,40.7392535154,-73.9754888728,NYC Health and Hospitals Corporation,Public,NYS Department of Health
04db3eec2cf5b59e6b46c7301834cac2,MAIMONIDES MIDWOOD COMMUNITY HOSPITAL,HOSPITAL,HOSPITALS AND CLINICS,2525 KINGS HIGHWAY,BROOKLYN,3,11229,40.6139265948,-73.9484956354,"The New York Community Hospital of Brooklyn, Inc.",Non-public,NYS Department of Health
04f47186dd690dacec2e04b0083d0f30,MOUNT SINAI HOSPITAL - MOUNT SINAI HOSPITAL OF QUEENS,HOSPITAL,HOSPITALS AND CLINICS,25-10 30 AVENUE,QUEENS,4,11102,40.7682567312,-73.9248670458,The Mount Sinai Hospital,Non-public,NYS Department of Health
167d43583634ca07b8608129603edd1e,NYU LANGONE HOSPITAL-BROOKLYN,HOSPITAL,HOSPITALS AND CLINICS,150 55 STREET,BROOKLYN,3,11220,40.646552092,-74.0210877868,NYU Langone Hospitals,Non-public,NYS Department of Health
19c98d507503768133253fe477a67612,MONTEFIORE MEDICAL CENTER - HENRY & LUCY MOSES DIV,HOSPITAL,HOSPITALS AND CLINICS,111 EAST 210 STREET,BRONX,2,10467,40.8804360481,-73.8798960259,Montefiore Medical Center,Non-public,NYS Department of Health
2239267b6f66664c7007ea9a6fd46b77,NEW YORK-PRESBYTERIAN HOSPITAL - NEW YORK WEILL CORNELL CENTER,HOSPITAL,HOSPITALS AND CLINICS,525 EAST 68 STREET,MANHATTAN,1,10065,40.764729053,-73.9539201238,The New York and Presbyterian Hospital,Non-public,NYS Department of Health
246126ff20ee80bcd9e1ad3b63041330,NEW YORK-PRESBYTERIAN HOSPITAL - ALLEN HOSPITAL,HOSPITAL,HOSPITALS AND CLINICS,5141 BROADWAY,MANHATTAN,1,10034,40.8733458837,-73.9130252494,The New York and Presbyterian Hospital,Non-public,NYS Department of Health
260eba3eb71ffbacfccfe29c7c750831,MONTEFIORE MEDICAL CENTER - MONTEFIORE WESTCHESTER SQUARE,HOSPITAL,HOSPITALS AND CLINICS,2475 ST RAYMOND AVENUE,BRONX,2,10461,40.8406864622,-73.8484030513,Montefiore Medical Center,Non-public,NYS Department of Health
2d4b635535785a9ef48042c8e2226812,NORTH CENTRAL BRONX HOSPITAL,HOSPITAL,HOSPITALS AND CLINICS,,BRONX,2,10467,40.880512,-73.881538,New York City Health and Hospitals Corporation,Public,NYS Department of Health
2e5ef01c1110cceaa57585d5d4e340a6,STATEN ISLAND UNIVERSITY HOSP-NORTH,HOSPITAL,HOSPITALS AND CLINICS,475 SEAVIEW AVENUE,STATEN ISLAND,5,10305,40.5847678934,-74.086048225,Staten Island University Hospital,Non-public,NYS Department of Health
39435311267b2bacfe9a5d97447f871f,CALVARY HOSPITAL INC,HOSPITAL,HOSPITALS AND CLINICS,1740 EASTCHESTER ROAD,BRONX,2,10461,40.8479383062,-73.8439176564,Calvary Hospital Inc.,Non-public,NYS Department of Health
3c6ec063f66e2b621f10a3b1c36c8ce0,SBH HEALTH SYSTEM,HOSPITAL,HOSPITALS AND CLINICS,4422 THIRD AVENUE,BRONX,2,10457,40.8533700223,-73.8908467235,St Barnabas Hospital Inc,Non-public,NYS Department of Health
4275934ccabcce560192ce42c86e44ec,JAMAICA HOSPITAL MEDICAL CENTER,HOSPITAL,HOSPITALS AND CLINICS,,QUEENS,4,11418,40.701412,-73.816299,Jamaica Hospital Inc,Non-public,NYS Department of Health
441bc3b09eaa7cad67c8a4bab1e9c17d,HARLEM HOSPITAL CENTER,HOSPITAL,HOSPITALS AND CLINICS,506 LENOX AVENUE,MANHATTAN,1,10037,40.8141202109,-73.9397457408,New York City Health and Hospitals Corporation,Public,NYS Department of Health
47602b14f2efb30a249cab884d7a6d5d,BELLEVUE HOSPITAL CENTER,HOSPITAL,HOSPITALS AND CLINICS,462 FIRST AVENUE,MANHATTAN,1,10016,40.7392535154,-73.9754888728,New York City Health and Hospitals Corporation,Public,NYS Department of Health
4fd8052b92c4824be0cb4886e4eb5c68,ROCKEFELLER UNIVERSITY HOSPITAL,HOSPITAL,HOSPITALS AND CLINICS,1230 YORK AVENUE,MANHATTAN,1,10065,40.7629136004,-73.9563756902,The Rockefeller University Inc,Non-public,NYS Department of Health
519d8828f3cba40a82ca406c3d9562bb,BROOKDALE HOSPITAL MEDICAL CENTER,HOSPITAL,HOSPITALS AND CLINICS,1 BROOKDALE PLAZA,BROOKLYN,3,11212,40.654958824,-73.9124201195,The Brookdale Hospital Medical Center,Non-public,NYS Department of Health
530123f8dc59a65258ab74bf35ce949e,NORTHWELL GREENWICH VILLAGE HOSPITAL,HOSPITAL,HOSPITALS AND CLINICS,30 SEVENTH AVENUE,MANHATTAN,1,10011,40.7377276571,-74.0008651872,Lenox Hill Hospital,Non-public,NYS Department of Health
53464b19e96be52f9dc1d3e08db7bf95,WOODHULL MEDICAL & MENTAL HEALTH CENTER,HOSPITAL,HOSPITALS AND CLINICS,760 BROADWAY,BROOKLYN,3,11206,40.6995844886,-73.9423894861,New York City Health and Hospitals Corporation,Public,NYS Department of Health
5583d4322b78ca4991cc59e1109970f3,NEWYORK-PRESBYTERIAN BROOKLYN METHODIST HOSPITAL,HOSPITAL,HOSPITALS AND CLINICS,506 SIXTH STREET,BROOKLYN,3,11215,40.6678206134,-73.9791087991,The New York and Presbyterian Hospital,Non-public,NYS Department of Health
5d4d9ba956fcd9ccd824549213c838be,RICHMOND UNIVERSITY MEDICAL CENTER,HOSPITAL,HOSPITALS AND CLINICS,355 BARD AVENUE,STATEN ISLAND,5,10310,40.6357092184,-74.1057876997,Richmond University Medical Center,Non-public,NYS Department of Health
5f8d4126421402d06d71196eb7a59f8e,MOUNT SINAI -  BEHAVIORAL HEALTH CENTER,HOSPITAL,HOSPITALS AND CLINICS,45 RIVINGTON STREET,MANHATTAN,1,10002,40.7206884103,-73.9911987451,Beth Israel Medical Center Inc,Non-public,NYS Department of Health
709da90479e3ab28ce9ab18e95f0111a,KINGSBROOK JEWISH MEDICAL VILLAGE,HOSPITAL,HOSPITALS AND CLINICS,585 SCHENECTADY AVENUE,BROOKLYN,3,11203,40.6594027375,-73.9337554364,The Brookdale Hospital Medical Center,Non-public,NYS Department of Health
77de65321a06bc0228a84fc1e24b2173,KINGS COUNTY HOSPITAL CENTER,HOSPITAL,HOSPITALS AND CLINICS,451 CLARKSON AVENUE,BROOKLYN,3,11203,40.6566460111,-73.9449347538,New York City Health and Hospitals Corporation,Public,NYS Department of Health
7c67f75fa93e564427e460091c2e7235,MONTEFIORE MED CENTER - JACK D WEILER HOSP OF A EINSTEIN COLLEGE DIV,HOSPITAL,HOSPITALS AND CLINICS,1825 EASTCHESTER ROAD,BRONX,2,10461,40.8489991116,-73.8461456929,Montefiore Medical Center,Non-public,NYS Department of Health
7f734b8f53c108e9346a5e567f4c3f52,MAIMONIDES MEDICAL CENTER,HOSPITAL,HOSPITALS AND CLINICS,4802 TENTH AVENUE,BROOKLYN,3,11219,40.6396953228,-73.998956759,Maimonides Medical Center,Non-public,NYS Department of Health
88dd1868149236d2c6ab3e2851b819e0,NEW YORK-PRESBYTERIAN/LOWER MANHATTAN HOSPITAL,HOSPITAL,HOSPITALS AND CLINICS,170 WILLIAM STREET,MANHATTAN,1,10038,40.7103015077,-74.0049525399,The New York and Presbyterian Hospital,Non-public,NYS Department of Health
89f7bbaac0855f947a11ea01ab539f7c,UNIVERSITY HOSPITAL OF BROOKLYN,HOSPITAL,HOSPITALS AND CLINICS,445 LENOX ROAD,BROOKLYN,3,11203,40.6550862385,-73.9449124358,NYS Department of Health,Public,NYS Department of Health
8d3ce3e47d57088be9059efa88df20c2,BRONXCARE HOSPITAL CENTER,HOSPITAL,HOSPITALS AND CLINICS,1276 FULTON AVENUE,BRONX,2,10456,40.831414662,-73.9032204674,BronxCare Health System,Non-public,NYS Department of Health
937b1c484d350af9c390518c2567aea7,ELMHURST HOSPITAL CENTER,HOSPITAL,HOSPITALS AND CLINICS,79-01 BROADWAY,QUEENS,4,11373,40.7450882754,-73.8856696736,New York City Health and Hospitals Corporation,Public,NYS Department of Health
9a1fe712491331bdaae6929681668fdb,NEWYORK-PRESBYTERIAN/QUEENS,HOSPITAL,HOSPITALS AND CLINICS,56-45 MAIN STREET,QUEENS,4,11355,40.7471760099,-73.8251499837,NewYork-Presbyterian/Queens,Non-public,NYS Department of Health
a464e8e63eb8b2c92ab1995735cfd284,BROOKLYN HOSPITAL CENTER - DOWNTOWN CAMPUS,HOSPITAL,HOSPITALS AND CLINICS,121 DEKALB AVENUE,BROOKLYN,3,11201,40.6906384129,-73.977890749,The Brooklyn Hospital Center,Non-public,NYS Department of Health
a518bdfddcb2432964c8f0675dfb1cef,NEW YORK-PRESBYTERIAN DAVID H. KOCH CENTER,HOSPITAL,HOSPITALS AND CLINICS,1283 YORK AVENUE,MANHATTAN,1,10065,40.7648587001,-73.9558645771,The New York and Presbyterian Hospital,Non-public,NYS Department of Health
a543efc84c7758791383902d1aceb7f6,WYCKOFF HEIGHTS MEDICAL CENTER,HOSPITAL,HOSPITALS AND CLINICS,374 STOCKHOLM STREET,BROOKLYN,3,11237,40.7041163281,-73.9176847758,Wyckoff Heights Medical Center,Non-public,NYS Department of Health
ad415259eef128a693019ebf6e955d7a,QUEENS HOSPITAL CENTER,HOSPITAL,HOSPITALS AND CLINICS,82-68 164 STREET,QUEENS,4,11432,40.7178808118,-73.8045202015,New York City Health and Hospitals Corporation,Public,NYS Department of Health
b278f04037e1d5f315e22b25d84cd97b,SOUTH BROOKLYN HEALTH,HOSPITAL,HOSPITALS AND CLINICS,2601 OCEAN PARKWAY,BROOKLYN,3,11235,40.5851938281,-73.9650595692,New York City Health and Hospitals Corporation,Public,NYS Department of Health
b2e7addaaf58184426b575f43afc24f9,LENOX HILL HOSPITAL,HOSPITAL,HOSPITALS AND CLINICS,100 EAST 77 STREET,MANHATTAN,1,10075,40.7739653886,-73.9611102399,Lenox Hill Hospital,Non-public,NYS Department of Health
b3939c6f4a4940039117bc7c49e997a9,FLUSHING HOSPITAL MEDICAL CENTER,HOSPITAL,HOSPITALS AND CLINICS,,QUEENS,4,11355,40.755531,-73.815475,Flushing Hospital and Medical Center Inc,Non-public,NYS Department of Health
b49a192cdf71c1f85ce3068c4275e007,NYU LANGONE HOSPITAL - JOSEPH S. AND DIANE H. STEINBERG AMBULATORY CARE CENTER,HOSPITAL,HOSPITALS AND CLINICS,70 ATLANTIC AVENUE,BROOKLYN,3,11201,40.6906617957,-73.9975366239,NYU Langone Hospitals,Non-public,NYS Department of Health
b8e93f099ff435a2c543e067b747045d,NEW YORK-PRESBYTERIAN HOSPITAL - COLUMBIA PRESBYTERIAN CENTER,HOSPITAL,HOSPITALS AND CLINICS,622 WEST 168 STREET,MANHATTAN,1,10032,40.8411566411,-73.9408112155,The New York and Presbyterian Hospital,Non-public,NYS Department of Health
b92ef18be487e0afc295ffbc4982771c,MONTEFIORE MEDICAL CENTER-WAKEFIELD HOSPITAL,HOSPITAL,HOSPITALS AND CLINICS,600 EAST 233 STREET,BRONX,2,10466,40.8935334877,-73.8611916746,Montefiore Medical Center,Non-public,NYS Department of Health
ba8d514e518c2ec4c6721decf9a8ada5,MOUNT SINAI HOSPITAL,HOSPITAL,HOSPITALS AND CLINICS,1 GUSTAVE L LEVY PLACE,MANHATTAN,1,10029,40.7904119838,-73.9528590584,The Mount Sinai Hospital,Non-public,NYS Department of Health
baf0b0d518349997bb2e6d7224fd78a9,JACOBI MEDICAL CENTER,HOSPITAL,HOSPITALS AND CLINICS,1400 PELHAM PARKWAY,BRONX,2,10461,40.8564867516,-73.847549146,New York City Health and Hospitals Corporation,Public,NYS Department of Health
be78c95be5620fb72b1b84c9a1bb1eef,BRONXCARE HOSPITAL CENTER,HOSPITAL,HOSPITALS AND CLINICS,1650 GRAND CONCOURSE,BRONX,2,10457,40.8434852512,-73.9110349928,BronxCare Health System,Non-public,NYS Department of Health
c3e6addd677e9987b3530cf52bb9b366,METROPOLITAN HOSPITAL CENTER,HOSPITAL,HOSPITALS AND CLINICS,1901 FIRST AVENUE,MANHATTAN,1,10029,40.7850865334,-73.9450268754,New York City Health and Hospitals Corporation,Public,NYS Department of Health
ca6f5c6db31a4fe2ca36cccb0b3a77b5,INTERFAITH MEDICAL CENTER,HOSPITAL,HOSPITALS AND CLINICS,1545 ATLANTIC AVENUE,BROOKLYN,3,11213,40.6784479127,-73.9373688235,The Brookdale Hospital Medical Center,Non-public,NYS Department of Health
cdbfe5392e0ecf8983b81d8fba2892aa,MOUNT SINAI WEST,HOSPITAL,HOSPITALS AND CLINICS,1000 10 AVENUE,MANHATTAN,1,10019,40.7696722594,-73.9868007824,St Lukes Roosevelt Hospital Center Inc,Non-public,NYS Department of Health
cffdd9b4dde448fec5c093aba8672495,RUMC-BAYLEY SETON,HOSPITAL,HOSPITALS AND CLINICS,75 VANDERBILT AVENUE,STATEN ISLAND,5,10304,40.6227463361,-74.075357408,Richmond University Medical Center,Non-public,NYS Department of Health
d12748a251ec9078a7bfd3b3e5d11ed5,MOUNT SINAI MORNINGSIDE,HOSPITAL,HOSPITALS AND CLINICS,1111 AMSTERDAM AVENUE,MANHATTAN,1,10025,40.8057008865,-73.9614464371,St Lukes Roosevelt Hospital Center Inc,Non-public,NYS Department of Health
d4b3e88c28e6fbb90526c42319a8f5dd,CALVARY HOSPITAL,HOSPITAL,HOSPITALS AND CLINICS,150 55 STREET,BROOKLYN,3,11220,40.646552092,-74.0210877868,Calvary Hospital Inc.,Non-public,NYS Department of Health
d558fae3a5186c22f4ff7e44e19c87da,LONG ISLAND JEWISH MEDICAL CENTER,HOSPITAL,HOSPITALS AND CLINICS,270-05 76 AVENUE,QUEENS,4,11004,40.7545114333,-73.7076672465,Long Island Jewish Medical Center,Non-public,NYS Department of Health
d9d41c39e4cb1f49cd71fe9cf26aae26,HENRY J. CARTER SPECIALTY HOSPITAL,HOSPITAL,HOSPITALS AND CLINICS,1752 PARK AVENUE,MANHATTAN,1,10035,40.8030040634,-73.941112919,New York City Health and Hospitals Corporation,Public,NYS Department of Health
da96550809892dab5192b30cb39a741e,NYU LANGONE HOSPITALS,HOSPITAL,HOSPITALS AND CLINICS,550 FIRST AVENUE,MANHATTAN,1,10016,40.7414794873,-73.973623231,NYU Langone Hospitals,Non-public,NYS Department of Health
e2427cae966f0f18596cd6abb866ee70,MOUNT SINAI BROOKLYN,HOSPITAL,HOSPITALS AND CLINICS,3201 KINGS HIGHWAY,BROOKLYN,3,11234,40.6187269272,-73.9429745867,Beth Israel Medical Center Inc,Non-public,NYS Department of Health
e33b56ed7b40ae4335d09e62e822edc9,STATEN ISLAND UNIVERSITY HOSPITAL PRINCE'S BAY,HOSPITAL,HOSPITALS AND CLINICS,375 SEGUINE AVENUE,STATEN ISLAND,5,10309,40.5168499858,-74.1962844428,Staten Island University Hospital,Non-public,NYS Department of Health
e5fa2adec7dbb5b341de73c9323935c6,LINCOLN MEDICAL & MENTAL HEALTH CENTER,HOSPITAL,HOSPITALS AND CLINICS,234 EAST 149 STREET,BRONX,2,10451,40.8170688541,-73.9245035525,New York City Health and Hospitals Corporation,Public,NYS Department of Health
ed69e7cc0627bd92d7a2f0071d7d4f1d,LONG ISLAND JEWISH FOREST HILLS,HOSPITAL,HOSPITALS AND CLINICS,102-01 66 ROAD,QUEENS,4,11375,40.7290090325,-73.8516850273,Long Island Jewish Medical Center,Non-public,NYS Department of Health
fcc6d84e4531cf06ee878f7ebe74b605,ST JOHNS EPISCOPAL HOSPITAL SO SHORE,HOSPITAL,HOSPITALS AND CLINICS,327 BEACH 19 STREET,QUEENS,4,11691,40.5985811374,-73.7534684636,Episcopal Health Services Inc,Non-public,NYS Department of Health
