crow_flies_km,bearing_deg,civilian_network_s,gmaps_duration_s,gmaps_traffic_s,gmaps_distance_m,gmaps_vs_osm_ratio,hour,dow,is_weekend,is_rush,is_night,severity,wx_temp_c,wx_humidity,wx_precip_mm,wx_wind_kmh,wx_visibility_m,wx_is_precip,wx_is_snow,wx_cloudcover,osm_path_km,osm_n_edges,osm_n_nodes,osm_mean_speed_kmh,osm_min_speed_kmh,osm_primary_share,osm_motorway_share,osm_residential_share,osm_circuity,borough,origin_layer,city,travel_seconds_true,travel_seconds_pred
8.178832155362905,90.03759299073772,678.532203751729,,,,,1,4,0.0,0.0,1.0,5.0,17.0,82.0,2.1803416069394785,8.7,,1.0,0.0,60.5,10.731935287543664,43.0,44.0,49.40732760801651,38.73060232089916,0.2790697674418604,0.2790697674418604,0.1395348837209302,1.312159863863532,MANHATTAN,ems_station,nyc,521.1677740479815,467.2414076225251
11.46667173864394,76.80599353573689,948.5624726149626,,,,,14,2,0.0,0.0,0.0,5.0,26.8,48.5,0.0,11.8,,0.0,0.0,83.0,15.977526701214678,60.0,61.0,54.89984273574908,40.2335,0.2666666666666666,0.4333333333333333,0.0,1.3933883401727345,MANHATTAN,ems_station,nyc,849.8290628453199,767.4335847498322
4.232080215612243,212.67408979846377,457.521498425627,,,,,19,2,0.0,1.0,0.0,5.0,25.25,64.5,0.0,12.0,,0.0,0.0,100.0,5.0639192416972865,53.0,54.0,40.02662910459407,38.73060232089916,0.1132075471698113,0.0,0.320754716981132,1.196555590561911,BRONX,ems_station,nyc,585.8151423657389,560.417753778308
2.2724428336900315,74.25079293078005,199.3033617508115,,,,,16,0,0.0,1.0,0.0,3.0,,,,,,,,,2.553396967785149,32.0,33.0,45.63987656250001,40.2335,0.625,0.0,0.0,1.123635292351403,Golden Gate Park,ems_station,san_francisco,295.175481304973,290.28091063604586
10.621390081562126,50.36109598918347,924.1183853284552,,,,,15,6,1.0,0.0,0.0,7.0,26.15,52.0,0.0,13.25,,0.0,0.0,97.5,13.680253038036073,82.0,83.0,46.88096110543572,38.73060232089916,0.4024390243902439,0.0975609756097561,0.0853658536585365,1.2879908310479893,MANHATTAN,ems_station,nyc,653.8706823021082,748.5275959186937
10.839967543524708,76.05561229616444,870.5310340408918,1737.0,1666.0,14202.0,1.9137743915534464,16,5,1.0,1.0,0.0,3.0,25.35,53.5,0.0,14.85,,0.0,0.0,97.0,14.007155659646802,75.0,76.0,48.96856475527942,40.2335,0.3466666666666667,0.24,0.08,1.292176900291,BROOKLYN,ems_station,nyc,2066.463617659128,1796.7053836798748
11.63747102738407,261.59911285098684,1011.4017113830593,,,,,23,0,0.0,0.0,1.0,4.0,20.049999999999997,85.5,0.0,6.4,,0.0,0.0,55.0,17.587817905580042,78.0,79.0,52.56700332320412,32.1868,0.0256410256410256,0.3333333333333333,0.3333333333333333,1.5113092753738544,QUEENS,ems_station,nyc,758.6028210938205,750.9611237632721
9.384618076320164,63.37137377174616,847.9867267349116,,,,,14,3,0.0,0.0,0.0,7.0,26.8,48.5,0.0,11.8,,0.0,0.0,83.0,13.934239447598731,51.0,52.0,49.28317228066841,32.1868,0.1176470588235294,0.2549019607843137,0.0784313725490196,1.4847955808407856,MANHATTAN,hospital_bay,nyc,731.5962259528975,692.9440286367105
8.937235522184073,356.76855845979526,918.946547921941,,,,,16,2,0.0,1.0,0.0,4.0,25.35,53.5,0.0,14.85,,0.0,0.0,97.0,11.065973669515216,109.0,110.0,41.224363005126214,40.2335,0.5137614678899083,0.0,0.036697247706422,1.2381875404365448,BROOKLYN,ems_station,nyc,1087.036678107928,1056.6010257066644
11.41381259731386,132.90954718651835,1024.6216541810936,,,,,12,1,0.0,0.0,0.0,6.0,26.299999999999997,53.5,0.0,11.7,,0.0,0.0,61.5,17.401566301139667,72.0,73.0,52.78761007392284,40.2335,0.5555555555555556,0.25,0.0,1.5246059239867815,MANHATTAN,hospital_bay,nyc,805.3939261059743,849.9868531932251
3.2891299366308115,64.70551434096853,337.039927816001,,,,,0,6,1.0,0.0,1.0,2.0,,,,,,,,,4.05736727399523,46.0,47.0,39.499033676719634,36.10698717948718,0.0,0.0,0.2391304347826087,1.233568558301274,Pacific Heights,ems_station,san_francisco,289.98606253217343,289.07535778714265
4.507432177849935,157.0192783643954,444.4217012214734,,,,,17,0,0.0,1.0,0.0,7.0,24.8,58.5,0.0,15.55,,0.0,0.0,82.5,6.380774488599258,44.0,45.0,47.145854677861195,38.73060232089916,0.3409090909090909,0.1590909090909091,0.1363636363636363,1.4156118687609216,BRONX,ems_station,nyc,496.5182864780587,528.664753421966
3.0003901269811077,8.899436078266433,255.04635063104956,,,,,11,6,1.0,0.0,0.0,2.0,,,,,,,,,3.903593467608982,16.0,17.0,44.40480838101726,37.93685620318352,0.3125,0.1875,0.3125,1.3010286337452548,Presidio,ems_station,san_francisco,263.6243644706822,272.4314186761134
6.131595601100794,337.56094342268193,760.8457034698439,2069.0,2213.0,11319.0,2.9086055029391544,9,2,0.0,1.0,0.0,4.0,21.9,64.5,1.9570892047051616,8.5,,1.0,0.0,50.0,10.692463111075345,55.0,56.0,45.19768562214645,40.2335,0.2727272727272727,0.2,0.0727272727272727,1.743830449150258,BROOKLYN,ems_station,nyc,2321.307695744079,2329.4906726374693
6.758509329363719,272.03737399384795,527.1692145468149,,,,,21,5,1.0,0.0,0.0,6.0,21.200000000000003,75.0,0.0,7.199999999999999,,0.0,0.0,99.5,8.95611943730364,40.0,41.0,56.26640889671019,38.73060232089916,0.05,0.425,0.475,1.3251619552246463,QUEENS,ems_station,nyc,429.9781665505116,397.92635340140106
2.008246975364564,294.29162946780997,244.85725188662673,,,,,16,5,1.0,1.0,0.0,2.0,,,,,,,,,2.6424394249344503,33.0,34.0,38.26189189037822,32.1868,0.0,0.0,0.4848484848484848,1.315794051901788,Castro/Upper Market,ems_station,san_francisco,349.8109837660946,337.9991697550202
5.45650124874807,319.6869423108915,682.220734320175,,,,,10,6,1.0,0.0,0.0,5.0,23.55,61.0,0.0,9.25,,0.0,0.0,21.5,8.304216055678099,76.0,77.0,41.48439407162813,40.2335,0.0921052631578947,0.0657894736842105,0.2368421052631578,1.521893916469533,BROOKLYN,ems_station,nyc,477.30891577298434,583.0446019370657
9.548615603273936,155.92280702276776,747.9126247922017,,,,,16,1,0.0,1.0,0.0,3.0,25.35,53.5,0.0,14.85,,0.0,0.0,97.0,12.452447043869473,61.0,62.0,52.576258585744974,40.2335,0.0491803278688524,0.3770491803278688,0.0,1.3041102041640356,BRONX,hospital_bay,nyc,718.9355197918262,862.2543057050199
1.4241390963026126,284.99517783590227,170.1290882348701,,,,,12,4,0.0,0.0,0.0,2.0,,,,,,,,,1.8903744498428177,19.0,20.0,39.19051696831937,37.93685620318352,0.0526315789473684,0.0,0.4210526315789473,1.327380488851586,Western Addition,ems_station,san_francisco,171.10306225043217,172.8257562576546
10.449476398973202,51.64538562234725,763.5620128702218,,,,,17,2,0.0,1.0,0.0,6.0,24.8,58.5,2.5208612043981273,15.55,,1.0,0.0,82.5,14.201173372213482,39.0,40.0,57.2446041522124,32.1868,0.0,0.4871794871794871,0.1025641025641025,1.3590320538557257,QUEENS,hospital_bay,nyc,1187.9006582384077,1010.5358349121898
3.1499841057195077,65.57801500322171,352.67928543309876,,,,,16,4,0.0,1.0,0.0,4.0,25.35,53.5,0.0,14.85,,0.0,0.0,97.0,5.065189398404181,43.0,44.0,44.42660386885505,38.73060232089916,0.3488372093023256,0.0930232558139534,0.2093023255813953,1.6080047480897397,BRONX,ems_station,nyc,364.32313249916865,439.65770614056777
8.753871174962454,270.14287982975907,699.8722460637645,,,,,5,4,0.0,0.0,1.0,6.0,16.25,91.5,0.0,7.1499999999999995,,0.0,0.0,46.5,10.64547119763508,40.0,41.0,50.5757648148527,40.2335,0.5,0.375,0.025,1.216087258410076,QUEENS,hospital_bay,nyc,405.96085516513784,430.296883676414
4.195854493652493,337.4401580389352,442.9842971875952,,,,,20,6,1.0,0.0,0.0,5.0,22.5,71.5,0.0,10.25,,0.0,0.0,81.5,4.885966607016857,44.0,45.0,40.126090075880306,38.73060232089916,0.2045454545454545,0.0,0.25,1.1644747486854867,BRONX,hospital_bay,nyc,373.5205027504861,338.0220105330366
1.9557210790746995,6.063390485778314,231.58918073950613,,,,,0,0,0.0,0.0,1.0,2.0,,,,,,,,,2.400771131433344,28.0,29.0,35.7803483881163,32.1868,0.0,0.0,0.0357142857142857,1.227563151576404,North Beach,ems_station,san_francisco,190.4609894180884,182.4072952274867
1.5680174752923202,189.39673740215568,183.55848984921772,,,,,9,4,0.0,1.0,0.0,3.0,,,,,,,,,2.024869783818749,19.0,20.0,38.90263758444064,32.1868,0.0,0.0,0.0,1.2913566434846393,South of Market,ems_station,san_francisco,261.01907136247223,241.7895411637983
1.996260923659392,342.6524417246349,232.25688889790896,,,,,16,5,1.0,1.0,0.0,7.0,25.35,53.5,0.0,14.85,,0.0,0.0,97.0,2.687374520837721,27.0,28.0,42.18553410105882,38.73060232089916,0.5185185185185185,0.0,0.2962962962962963,1.3462040402571387,MANHATTAN,hospital_bay,nyc,267.9480904868778,274.9602027866456
8.539838859313877,354.4666528888269,944.8454034957244,,,,,12,1,0.0,0.0,0.0,6.0,26.299999999999997,53.5,0.0,11.7,,0.0,0.0,61.5,13.292504582640412,88.0,89.0,44.95897109759785,38.73060232089916,0.4886363636363636,0.1704545454545454,0.0795454545454545,1.5565287356848774,BROOKLYN,ems_station,nyc,766.5277527350902,761.8837475973176
4.252090547897707,310.803791436546,511.64485710015555,,,,,21,6,1.0,0.0,0.0,3.0,21.200000000000003,75.0,0.0,7.199999999999999,,0.0,1.0,99.5,7.59662792339825,35.0,36.0,47.56348184024311,38.73060232089916,0.2,0.2571428571428571,0.0285714285714285,1.7865630653500852,QUEENS,ems_station,nyc,449.0044554982573,500.5461083756346
6.501614289876108,305.5350170111375,635.7015987548724,,,,,10,3,0.0,0.0,0.0,3.0,23.55,61.0,0.0,9.25,,0.0,0.0,21.5,7.7652777517037235,88.0,89.0,41.29733047547634,32.1868,0.6022727272727273,0.0568181818181818,0.3181818181818182,1.1943614932364277,BROOKLYN,hospital_bay,nyc,485.4271611828217,500.80580587053174
0.4495433979004132,156.77616771930934,60.77618793451015,302.0,224.0,845.0,3.685653997275593,21,6,1.0,0.0,0.0,4.0,21.200000000000003,75.0,0.0,7.199999999999999,,0.0,0.0,99.5,0.9390605362591457,8.0,9.0,43.50918598418626,32.1868,0.0,0.125,0.25,2.088920759697542,QUEENS,ems_station,nyc,153.93534099960036,166.4003057950099
7.401154801196827,197.13184447871936,632.6038184033864,,,,,22,3,0.0,0.0,1.0,6.0,20.6,84.5,0.0,6.75,,0.0,0.0,99.5,9.145294190291947,45.0,46.0,49.43317470969518,32.1868,0.1333333333333333,0.3555555555555555,0.0222222222222222,1.2356577366565928,MANHATTAN,hospital_bay,nyc,426.1144238257267,477.80802168718014
6.748765096336213,318.235427753261,577.2411678454902,,,,,18,4,0.0,1.0,0.0,2.0,,,,,,,,,8.685516456309887,70.0,71.0,46.27039281483233,32.1868,0.2857142857142857,0.0857142857142857,0.0,1.2869786297681487,Japantown,ems_station,san_francisco,694.6955894286141,807.8122312377839
3.427056541419812,266.7041757931253,341.6447985954606,,,,,3,5,1.0,0.0,1.0,2.0,,,,,,,,,3.874534844561292,60.0,61.0,40.38298849897253,32.1868,0.05,0.0,0.4,1.130572197374979,Excelsior,ems_station,san_francisco,250.748589703735,274.19159605071496
0.5170265596182753,331.43514693997986,67.36092261332972,189.0,133.0,764.0,1.9744385147967272,8,2,0.0,1.0,0.0,5.0,19.8,76.5,0.0,7.699999999999999,,0.0,0.0,58.5,0.7533507160723258,8.0,9.0,40.418056965378504,38.73060232089916,0.0,0.0,0.375,1.457083204059247,MANHATTAN,hospital_bay,nyc,140.13716907938908,116.24259313638893
11.59555544476449,142.38868054793346,1200.0216526752165,1836.0,1841.0,14823.0,1.534138984822354,6,6,1.0,0.0,0.0,3.0,16.2,93.0,1.3612237334252393,7.800000000000001,,1.0,0.0,66.0,14.77534984236217,100.0,101.0,41.39704139884972,32.1868,0.59,0.0,0.0,1.2742252764643016,BROOKLYN,ems_station,nyc,1920.3791567591825,1839.0658817157298
3.145035796772523,109.120170039988,385.73420774172337,,,,,16,6,1.0,1.0,0.0,7.0,25.35,53.5,0.0,14.85,,0.0,0.0,97.0,4.320033921257021,45.0,46.0,40.391790354045504,40.2335,0.0,0.0,0.0,1.3736040542655497,BRONX,ems_station,nyc,437.99213792627023,463.9765087327131
11.670480045853154,21.771073249616222,839.5344059464692,,,,,22,1,0.0,0.0,1.0,6.0,20.6,84.5,0.0,6.75,,0.0,0.0,99.5,13.722840117562727,45.0,46.0,53.068289605380755,38.73060232089916,0.2444444444444444,0.4,0.2,1.1758590960822417,MANHATTAN,hospital_bay,nyc,744.7706821685045,603.6174668875528
9.267444315009977,181.1172045671702,784.7553958375072,,,,,6,4,0.0,0.0,0.0,6.0,16.2,93.0,2.64058708362455,7.800000000000001,,1.0,0.0,66.0,12.549371661491174,50.0,51.0,49.143247482147146,38.73060232089916,0.12,0.28,0.26,1.3541351029393982,BRONX,hospital_bay,nyc,917.7023490842352,875.9193119241536
2.7838585790916484,7.696265299602942,328.24308529131235,,,,,15,5,1.0,0.0,0.0,5.0,26.15,52.0,0.0,13.25,,0.0,0.0,97.5,4.471830790222099,40.0,41.0,44.10568783081967,38.73060232089916,0.5,0.1,0.325,1.606342658283031,QUEENS,ems_station,nyc,291.90742243904833,267.59900102203164
9.22054977399451,228.74145745141055,951.378668911383,,,,,22,6,1.0,0.0,1.0,4.0,20.6,84.5,1.7366578434755822,6.75,,1.0,0.0,99.5,11.437907297805593,99.0,100.0,42.14476146274907,32.1868,0.5959595959595959,0.0707070707070707,0.0,1.2404799689997752,QUEENS,hospital_bay,nyc,722.9767753638151,704.7039774234473
1.5908672818535332,357.59388085911246,185.49370637699437,,,,,16,1,0.0,1.0,0.0,3.0,,,,,,,,,1.7772514588149393,20.0,21.0,34.86979417550871,32.1868,0.2,0.0,0.1,1.1171588473076448,Hayes Valley,ems_station,san_francisco,265.47593826861646,258.11306237811954
0.4222944356756319,142.95560704043214,47.2116620398946,142.0,111.0,564.0,2.3511140087845934,3,5,1.0,0.0,1.0,2.0,16.85,84.5,0.0,8.55,,0.0,0.0,77.5,0.5276362235228055,5.0,6.0,40.2335,40.2335,0.4,0.0,0.0,1.2494510439822313,BROOKLYN,ems_station,nyc,67.21674087346027,87.4186829205636
0.531949888096158,92.83060321518946,76.28394984595096,,,,,4,2,0.0,0.0,1.0,2.0,,,,,,,,,0.6906963938184113,5.0,6.0,32.1868,32.1868,0.0,0.0,0.0,1.298423797569363,Tenderloin,ems_station,san_francisco,60.73950743433694,65.96368680986107
9.103783188182282,83.63329654484232,796.4836369441932,,,,,9,6,1.0,1.0,0.0,2.0,21.9,64.5,0.0,8.5,,0.0,0.0,50.0,11.883526258740298,63.0,64.0,46.46465911373497,38.73060232089916,0.0634920634920634,0.2222222222222222,0.365079365079365,1.305339331253674,MANHATTAN,ems_station,nyc,834.8462648658331,773.5456513478767
6.501614289876108,305.5350170111375,635.7015987548724,,,,,22,4,0.0,0.0,1.0,7.0,20.6,84.5,0.0,6.75,,0.0,0.0,99.5,7.7652777517037235,88.0,89.0,41.29733047547634,32.1868,0.6022727272727273,0.0568181818181818,0.3181818181818182,1.1943614932364277,BROOKLYN,hospital_bay,nyc,486.9131901406933,462.6167299333945
6.280157985064072,51.13839729873138,694.0159312004288,1993.0,1784.0,8932.0,2.5705461788380597,12,4,0.0,0.0,0.0,5.0,26.299999999999997,53.5,0.0,11.7,,0.0,0.0,61.5,7.586689241500013,66.0,67.0,39.370025324498606,32.1868,0.0454545454545454,0.0,0.7727272727272727,1.2080411447519677,BROOKLYN,hospital_bay,nyc,1591.1475489606512,1473.1096688480636
11.364494866767473,253.94566336913235,1040.8774682365868,,,,,4,0,0.0,0.0,1.0,5.0,16.65,89.0,0.7499931797300102,7.1,,1.0,0.0,54.0,13.058357355068274,143.0,144.0,46.0396586696307,38.73060232089916,0.4895104895104895,0.0209790209790209,0.0559440559440559,1.149048638602853,BROOKLYN,ems_station,nyc,716.8138095038948,695.5891798637749
7.155171509082987,217.12843391175937,637.9590111447003,1566.0,1343.0,10507.0,2.1051509212014,2,3,0.0,0.0,1.0,4.0,16.65,87.5,0.0,7.75,,0.0,0.0,65.5,8.161446107275795,69.0,70.0,42.303211384433006,32.1868,0.4782608695652174,0.1159420289855072,0.0434782608695652,1.1406359857224126,MANHATTAN,hospital_bay,nyc,785.0835526586981,857.8363540876683
0.4222944356756319,142.95560704043214,47.2116620398946,,,,,5,3,0.0,0.0,1.0,2.0,16.25,91.5,0.0,7.1499999999999995,,0.0,0.0,46.5,0.5276362235228055,5.0,6.0,40.2335,40.2335,0.4,0.0,0.0,1.2494510439822313,BROOKLYN,ems_station,nyc,30.0,29.407781152534202
4.81353022442102,170.8099096428973,654.1620047777495,,,,,7,2,0.0,1.0,0.0,3.0,18.049999999999997,86.5,0.0,9.75,,0.0,0.0,63.0,8.02906049365286,76.0,77.0,42.28992568402072,40.2335,0.5657894736842105,0.0789473684210526,0.0526315789473684,1.6680191292698512,MANHATTAN,hospital_bay,nyc,656.5964023193376,681.0404862719882
9.943537462621803,157.94655589618517,777.9924578405876,,,,,18,5,1.0,1.0,0.0,6.0,25.55,61.5,0.7395465671879121,14.35,,1.0,0.0,92.0,13.239421434093329,52.0,53.0,54.28705555798184,32.1868,0.3076923076923077,0.4038461538461538,0.0961538461538461,1.331459903868306,BRONX,ems_station,nyc,1003.223290589545,1037.649248792594
8.768287368828657,215.1533874303875,776.1455684292212,,,,,0,4,0.0,0.0,1.0,7.0,18.5,77.5,0.0,8.149999999999999,,0.0,0.0,31.0,10.682552284869368,71.0,72.0,45.25257839762726,32.1868,0.4788732394366197,0.2112676056338028,0.0704225352112676,1.2183168543090797,MANHATTAN,ems_station,nyc,472.62476566829264,524.878874681662
10.645394940695812,250.13615605847372,914.1194843745952,,,,,22,1,0.0,0.0,1.0,3.0,20.6,84.5,0.0,6.75,,0.0,0.0,99.5,13.137980741686746,77.0,78.0,45.868738203945526,38.73060232089916,0.0649350649350649,0.1558441558441558,0.1558441558441558,1.234146860203574,QUEENS,ems_station,nyc,801.0095613378315,692.7526037290842
5.26468035915872,182.6677339644195,528.8683882563456,,,,,0,5,1.0,0.0,1.0,7.0,18.5,77.5,2.3209631140965254,8.149999999999999,,1.0,0.0,31.0,6.559673870614187,43.0,44.0,42.75978953488372,28.163449999999997,0.7906976744186046,0.0,0.2093023255813953,1.245977613665116,MANHATTAN,ems_station,nyc,371.26273257402624,360.2526274561094
10.528195550357475,53.18692218356517,917.7315925002724,,,,,17,6,1.0,1.0,0.0,5.0,24.8,58.5,0.0,15.55,,0.0,0.0,82.5,15.74963136732071,70.0,71.0,52.348905798395066,38.73060232089916,0.4714285714285714,0.2571428571428571,0.1285714285714285,1.495947837593684,BROOKLYN,hospital_bay,nyc,973.838003098133,1072.0132495579294
0.6752718101172812,109.29680458996664,116.06089097966785,,,,,11,1,0.0,0.0,0.0,3.0,,,,,,,,,1.0462204946122668,8.0,9.0,32.1868,32.1868,0.0,0.0,0.0,1.5493324005789006,Tenderloin,ems_station,san_francisco,124.3085958513894,125.35786174944162
11.451449774962215,207.90580115937712,783.6966236812732,,,,,9,3,0.0,1.0,0.0,6.0,21.9,64.5,1.1288892346668884,8.5,,1.0,0.0,50.0,13.865276926559154,58.0,59.0,51.83055330655785,38.73060232089916,0.3620689655172414,0.2758620689655172,0.1896551724137931,1.2107879088702465,MANHATTAN,ems_station,nyc,975.2095459543028,928.938941680305
8.796105658658329,339.86932318506575,944.5952262350492,,,,,1,5,1.0,0.0,1.0,7.0,17.0,82.0,1.9957242726808744,8.7,,1.0,0.0,60.5,12.803660022994166,100.0,101.0,43.53825401852871,38.73060232089916,0.52,0.12,0.34,1.4556055281567764,BROOKLYN,hospital_bay,nyc,654.6867696925782,672.8262104810906
6.203731715696972,69.02105006917839,624.0846945127025,,,,,0,0,0.0,0.0,1.0,3.0,18.5,77.5,1.4704277357223263,8.149999999999999,,1.0,0.0,31.0,9.977071766149033,47.0,48.0,50.7831440558526,40.2335,0.3404255319148936,0.2765957446808511,0.0,1.6082371423162252,MANHATTAN,hospital_bay,nyc,382.46268625887734,431.45243925123594
5.563609432780023,326.5392703542481,711.1189444461678,,,,,0,4,0.0,0.0,1.0,3.0,18.5,77.5,0.4822872791085509,8.149999999999999,,1.0,0.0,31.0,8.564231670404503,59.0,60.0,45.39512578529177,38.73060232089916,0.2033898305084746,0.1864406779661017,0.3728813559322034,1.5393301370051653,BROOKLYN,ems_station,nyc,489.1873513174819,471.8359780779802
7.472450084781569,7.451122861951319,709.8272691785477,,,,,14,4,0.0,0.0,0.0,4.0,26.8,48.5,0.0,11.8,,0.0,0.0,83.0,8.558891432220193,79.0,80.0,40.63625207155539,38.73060232089916,0.6708860759493671,0.0,0.050632911392405,1.145392921346009,BROOKLYN,ems_station,nyc,589.8213606426044,565.9417652326404
2.6579787029663353,44.69030316374307,291.0516299129112,,,,,9,6,1.0,1.0,0.0,3.0,,,,,,,,,3.5215102325795855,35.0,36.0,39.32326641878028,37.93685620318352,0.0,0.0,0.4285714285714285,1.3248827873035771,Marina,ems_station,san_francisco,386.6440755928853,397.90384409378487
8.757252087791661,216.03120628373748,824.2672368856488,,,,,9,5,1.0,1.0,0.0,3.0,21.9,64.5,0.0,8.5,,0.0,0.0,50.0,12.485305328539992,66.0,67.0,46.113935516284705,38.73060232089916,0.0151515151515151,0.1818181818181818,0.303030303030303,1.425710394467866,QUEENS,ems_station,nyc,833.1631022631847,816.4732609695945
9.817649069979128,213.89265658116997,823.1249166926567,,,,,8,2,0.0,1.0,0.0,2.0,19.8,76.5,0.0,7.699999999999999,,0.0,0.0,58.5,13.34819279241941,51.0,52.0,52.06208390074498,38.73060232089916,0.0196078431372549,0.4117647058823529,0.1764705882352941,1.359611929217978,BRONX,hospital_bay,nyc,870.2729894072436,872.6959943298949
8.390460646562914,9.772404133853684,796.6140137216514,,,,,6,3,0.0,0.0,0.0,5.0,16.2,93.0,0.0,7.800000000000001,,0.0,0.0,66.0,9.528817678491016,91.0,92.0,40.58314190827336,38.73060232089916,0.7142857142857143,0.0,0.0439560439560439,1.135672769336499,BROOKLYN,ems_station,nyc,929.2283264863368,869.6672936597555
3.165787232472148,11.069204001909329,261.46416317253426,565.0,548.0,4656.0,2.095889522107805,8,4,0.0,1.0,0.0,5.0,19.8,76.5,1.6139222080443238,7.699999999999999,,1.0,0.0,58.5,4.4762764786091305,15.0,16.0,55.604760256410266,40.2335,0.0666666666666666,0.5333333333333333,0.0,1.4139536708895082,MANHATTAN,hospital_bay,nyc,600.5763635999326,470.34759985436614
2.451015010600771,30.589030992278825,277.8834138358383,,,,,1,6,1.0,0.0,1.0,2.0,,,,,,,,,3.2513060963986096,35.0,36.0,38.843491504727155,32.1868,0.0,0.0,0.3142857142857143,1.326514151213492,Marina,ems_station,san_francisco,230.97823942090537,228.8821511729175
2.113042474236768,258.27224736603756,250.8525016807052,,,,,21,6,1.0,0.0,0.0,3.0,,,,,,,,,2.789078092578249,30.0,31.0,35.71395162921348,24.1401,0.0,0.0,0.9666666666666668,1.3199347039087157,Oceanview/Merced/Ingleside,ems_station,san_francisco,261.7185991323098,239.68412244227522
5.722504310074254,272.16064379151607,521.50421555907,,,,,19,0,0.0,1.0,0.0,3.0,25.25,64.5,0.0,12.0,,0.0,0.0,100.0,6.406574319934152,52.0,53.0,42.89615451838329,38.73060232089916,0.3653846153846153,0.0,0.0769230769230769,1.1195403223472664,BROOKLYN,ems_station,nyc,557.8519720001322,599.3258943054615
10.079725971179124,109.21317633492517,807.7107273071247,,,,,5,3,0.0,0.0,1.0,7.0,16.25,91.5,0.0,7.1499999999999995,,0.0,0.0,46.5,16.151281367583188,41.0,42.0,65.6075551865178,40.2335,0.0975609756097561,0.6341463414634146,0.0,1.6023532200939206,BRONX,hospital_bay,nyc,472.2954148006277,528.6434323189371
9.80547798874508,359.6447381030163,996.326079231148,1793.0,1809.0,21534.0,1.8156706300370875,16,6,1.0,1.0,0.0,6.0,25.35,53.5,0.0,14.85,,0.0,1.0,97.0,12.097630551899124,120.0,121.0,42.87344388564247,38.73060232089916,0.1083333333333333,0.05,0.1833333333333333,1.2337624505184774,BROOKLYN,ems_station,nyc,2818.7768619970516,2333.6029256903803
9.676992608154013,99.90493502655158,730.5906686538107,,,,,18,6,1.0,1.0,0.0,3.0,25.55,61.5,0.0,14.35,,0.0,0.0,92.0,12.538314706018328,43.0,44.0,52.279939983646614,38.73060232089916,0.4186046511627907,0.3488372093023256,0.2325581395348837,1.2956829888919534,MANHATTAN,ems_station,nyc,852.1737551828782,834.5523479625107
0.2118230844199509,282.3227114176445,27.293694035887462,,,,,22,1,0.0,0.0,1.0,3.0,,,,,,,,,0.2895178827218501,4.0,5.0,38.221825,32.1868,0.75,0.0,0.0,1.366790987463222,Mission,ems_station,san_francisco,30.0,31.16572782487036
4.177323073951031,272.43990397645734,328.76250222393384,,,,,18,2,0.0,1.0,0.0,3.0,,,,,,,,,5.075842033165605,48.0,49.0,49.404584547840585,32.1868,0.3958333333333333,0.0625,0.4791666666666667,1.215094438066704,West of Twin Peaks,ems_station,san_francisco,440.9858095529919,432.9842754064957
7.670885400794315,196.35782209176392,720.380046200488,,,,,3,6,1.0,0.0,1.0,3.0,16.85,84.5,0.4715479584696008,8.55,,1.0,0.0,77.5,9.166983306988156,64.0,65.0,44.81480781840607,32.1868,0.8125,0.0,0.109375,1.1950358828250671,MANHATTAN,hospital_bay,nyc,449.198636280798,472.31066459903354
7.640172078457533,202.98210516712436,647.0663393801757,,,,,7,6,1.0,1.0,0.0,7.0,18.049999999999997,86.5,0.0,9.75,,0.0,0.0,63.0,9.365983948616638,60.0,61.0,48.43350267794632,40.2335,0.3333333333333333,0.2666666666666666,0.0666666666666666,1.2258865183187768,BRONX,ems_station,nyc,701.647250234117,706.3760439097875
0.6679109490282295,289.37948342479626,92.74601590270258,361.0,294.0,1033.0,3.169947486568347,22,6,1.0,0.0,1.0,6.0,20.6,84.5,2.734246436680282,6.75,,1.0,0.0,99.5,1.0566063778137416,9.0,10.0,41.61642226931603,38.73060232089916,0.2222222222222222,0.0,0.1111111111111111,1.5819569649981644,MANHATTAN,hospital_bay,nyc,235.81729330448871,263.9932063193553
11.529461598010736,211.504064267265,918.533841482235,,,,,4,0,0.0,0.0,1.0,5.0,16.65,89.0,0.0,7.1,,0.0,0.0,54.0,15.966847742721988,58.0,59.0,57.97916236964138,38.73060232089916,0.1034482758620689,0.5689655172413793,0.1551724137931034,1.38487366534764,BRONX,ems_station,nyc,557.8503636616485,583.1807876361455
0.8913614464004246,311.32442444763063,114.9815599092692,,,,,6,4,0.0,0.0,0.0,2.0,,,,,,,,,1.263745594461687,14.0,15.0,39.63825295586789,37.93685620318352,0.0714285714285714,0.0,0.2142857142857142,1.4177700859343394,Western Addition,ems_station,san_francisco,155.37946957561746,138.0862269924851
6.415402708677443,43.09908679755722,570.4791944775388,,,,,13,1,0.0,0.0,0.0,7.0,27.0,51.0,0.0,13.35,,0.0,0.0,72.0,9.43486012863902,26.0,27.0,52.25307283618958,40.763425997822935,0.1153846153846153,0.2307692307692307,0.0,1.4706575030554938,STATEN ISLAND,ems_station,nyc,481.87159807726425,473.06974093082385
4.992342638586281,58.322028240401096,479.4946021160294,,,,,11,0,0.0,0.0,0.0,7.0,25.0,56.0,1.1660900188955905,9.55,,1.0,0.0,45.5,6.420772981577258,51.0,52.0,45.43829205580639,38.73060232089916,0.4509803921568627,0.0980392156862745,0.0588235294117647,1.2861242599717628,MANHATTAN,ems_station,nyc,373.71016467115606,437.6266783519772
1.5708027038658514,215.44827888187928,212.37495797752936,,,,,22,2,0.0,0.0,1.0,2.0,,,,,,,,,2.11676624606933,17.0,18.0,36.2712362897204,32.1868,0.0,0.0,0.0,1.3475697749054196,South of Market,ems_station,san_francisco,232.98723316308045,194.48136684468832
7.320342356286171,259.8212617167408,813.2857540177171,,,,,1,1,0.0,0.0,1.0,6.0,17.0,82.0,0.0,8.7,,0.0,0.0,60.5,9.77976885258674,56.0,57.0,43.42872486007588,40.2335,0.5535714285714286,0.0,0.0,1.3359715128881364,QUEENS,ems_station,nyc,495.66511012568645,513.8801696650934
7.406151859913755,183.01239129511185,663.2813552085647,,,,,7,0,0.0,1.0,0.0,4.0,18.049999999999997,86.5,0.0,9.75,,0.0,0.0,63.0,8.905817733061193,45.0,46.0,44.82121037429119,32.1868,0.0666666666666666,0.1777777777777777,0.4,1.2024892145763943,BRONX,ems_station,nyc,724.3440962721068,694.2692397425061
5.628216818605212,313.01849601518484,459.50915414493073,,,,,6,5,1.0,0.0,0.0,2.0,16.2,93.0,0.0,7.800000000000001,,0.0,0.0,66.0,6.436468972982114,55.0,56.0,44.837247384855495,38.73060232089916,0.0,0.1636363636363636,0.0181818181818181,1.1436071459978336,QUEENS,hospital_bay,nyc,391.0909702854898,504.52189807538525
11.363729077813208,109.92554071701689,900.3028373694693,,,,,17,2,0.0,1.0,0.0,4.0,24.8,58.5,0.0,15.55,,0.0,0.0,82.5,12.875946392364796,75.0,76.0,46.494510331316135,38.73060232089916,0.1733333333333333,0.1866666666666666,0.1866666666666666,1.1330740379497497,MANHATTAN,ems_station,nyc,1073.9735349138043,1100.5392076151677
1.7976981771636789,331.1861649348542,211.75211400408824,,,,,9,5,1.0,1.0,0.0,2.0,,,,,,,,,2.232736820438555,24.0,25.0,37.97502675465776,37.93685620318352,0.0,0.0,0.9166666666666666,1.2419975993752517,Noe Valley,ems_station,san_francisco,263.96188009459087,266.991692029768
8.539838859313877,354.4666528888269,944.8454034957244,,,,,22,3,0.0,0.0,1.0,6.0,20.6,84.5,0.0,6.75,,0.0,1.0,99.5,13.292504582640412,88.0,89.0,44.95897109759785,38.73060232089916,0.4886363636363636,0.1704545454545454,0.0795454545454545,1.5565287356848774,BROOKLYN,ems_station,nyc,828.1767768981875,848.3776248033512
11.812989722481367,249.74367210902403,1047.074270556506,,,,,23,4,0.0,0.0,1.0,2.0,20.049999999999997,85.5,0.0,6.4,,0.0,0.0,55.0,14.857206422331489,79.0,80.0,42.948379795520935,32.1868,0.3037974683544304,0.1645569620253164,0.2151898734177215,1.2577007828980544,QUEENS,ems_station,nyc,745.3751524922924,720.1049932980114
10.271827049013368,169.52084388128674,968.3320719226208,,,,,5,6,1.0,0.0,1.0,5.0,16.25,91.5,0.0,7.1499999999999995,,0.0,0.0,46.5,14.30543953193141,77.0,78.0,48.37931253619662,32.1868,0.3506493506493506,0.1558441558441558,0.0519480519480519,1.392686954684024,MANHATTAN,ems_station,nyc,609.6483291988626,674.8140352670979
3.064039955504966,261.4450258081654,293.44411957546214,,,,,3,4,0.0,0.0,1.0,2.0,,,,,,,,,3.94096278371916,36.0,37.0,40.82705632279702,24.1401,0.1388888888888889,0.0,0.4166666666666667,1.286198235319576,Lakeshore,ems_station,san_francisco,209.4168620518903,236.34631735366406
2.13681067612208,207.2508041939352,222.6168642762827,,,,,20,6,1.0,0.0,0.0,2.0,,,,,,,,,2.5266135690830867,22.0,23.0,40.54715518656239,38.39490282087447,0.0,0.0,0.0,1.1824227561743688,South of Market,ems_station,san_francisco,193.5688273856954,211.76939046333194
0.8206786023134218,131.55413801581892,134.91902431577546,,,,,5,4,0.0,0.0,1.0,2.0,,,,,,,,,1.2148268740741075,10.0,11.0,32.1868,32.1868,0.0,0.0,0.0,1.4802711690662045,Tenderloin,ems_station,san_francisco,108.17440511803002,110.77560963433831
0.8519997090125675,119.37661431805566,139.54867162430983,,,,,3,5,1.0,0.0,1.0,2.0,,,,,,,,,1.2562195218492007,10.0,11.0,32.1868,32.1868,0.0,0.0,0.1,1.4744365620794722,Tenderloin,ems_station,san_francisco,114.82212610317134,111.33137501724796
9.654516331847436,143.72514592129488,813.8516947717742,,,,,0,0,0.0,0.0,1.0,3.0,18.5,77.5,0.0,8.149999999999999,,0.0,0.0,31.0,13.942173550551736,54.0,55.0,55.34830895402941,38.73060232089916,0.1666666666666666,0.4444444444444444,0.037037037037037,1.4441089611667617,MANHATTAN,ems_station,nyc,479.6590001378008,525.2900093644291
10.560073837656812,304.9233797258695,917.4995741827396,,,,,22,0,0.0,0.0,1.0,7.0,20.6,84.5,0.0,6.75,,0.0,0.0,99.5,11.342825123935556,161.0,162.0,42.88140346257954,38.73060232089916,0.9316770186335404,0.031055900621118,0.0186335403726708,1.0741236565493968,BROOKLYN,ems_station,nyc,707.4041427395822,651.335074676067
7.153397763552891,319.08164157599464,745.9055245273349,1365.0,1327.0,10891.0,1.779045678527308,8,3,0.0,1.0,0.0,2.0,19.8,76.5,0.0,7.699999999999999,,0.0,0.0,58.5,10.931368460833182,64.0,65.0,48.39085436192841,38.73060232089916,0.265625,0.265625,0.21875,1.5281365334567778,BROOKLYN,hospital_bay,nyc,1332.7188839411892,1338.0915580250862
1.0365420023629857,333.93483028861806,120.62493122139016,,,,,19,4,0.0,1.0,0.0,3.0,,,,,,,,,1.2765510761790675,9.0,10.0,36.274641145283994,32.1868,0.0,0.0,0.1111111111111111,1.231547851673099,Mission,ems_station,san_francisco,178.87155091730062,172.54109624370244
2.8012620008507225,251.6653474572655,346.37458925606063,,,,,3,0,0.0,0.0,1.0,5.0,16.85,84.5,0.0,8.55,,0.0,0.0,77.5,3.968748566028134,37.0,38.0,41.82218676925149,32.1868,0.2972972972972973,0.081081081081081,0.4324324324324324,1.4167716425035768,MANHATTAN,hospital_bay,nyc,219.03819332308805,223.05850849745912
6.398576254585029,155.13661395484166,573.44906955814,,,,,11,6,1.0,0.0,0.0,3.0,25.0,56.0,0.0,9.55,,0.0,0.0,45.5,9.36005479977629,35.0,36.0,52.19206337193052,32.1868,0.2285714285714285,0.3142857142857143,0.1142857142857142,1.4628339848367289,MANHATTAN,ems_station,nyc,532.8909662771507,465.0433851972724
2.0124471649547755,217.6891548651349,276.46056633975144,,,,,8,0,0.0,1.0,0.0,3.0,,,,,,,,,2.775254456723793,24.0,25.0,36.63986338351324,32.1868,0.0,0.0,0.0,1.3790446303648225,Tenderloin,ems_station,san_francisco,365.082846505962,366.8533238599781
2.8012620008507225,251.6653474572655,346.37458925606063,,,,,10,1,0.0,0.0,0.0,2.0,23.55,61.0,0.0,9.25,,0.0,0.0,21.5,3.968748566028134,37.0,38.0,41.82218676925149,32.1868,0.2972972972972973,0.081081081081081,0.4324324324324324,1.4167716425035768,MANHATTAN,hospital_bay,nyc,258.0236554297813,248.11945923635818
8.396660737671786,192.9610884562421,896.408267138172,1620.0,1476.0,13943.0,1.6465711597152082,19,4,0.0,1.0,0.0,5.0,25.25,64.5,0.0,12.0,,0.0,0.0,100.0,12.818134310360644,61.0,62.0,49.50172142458851,24.1401,0.2622950819672131,0.2622950819672131,0.0655737704918032,1.5265752316098504,BRONX,ems_station,nyc,1741.0972617939365,1720.4224739730546
4.3162172249048485,213.58877612144812,351.21207128460065,,,,,12,0,0.0,0.0,0.0,7.0,26.299999999999997,53.5,0.0,11.7,,0.0,0.0,61.5,5.371929165247534,25.0,26.0,52.74307477050222,40.2335,0.2,0.44,0.0,1.2445919390366085,MANHATTAN,ems_station,nyc,262.5264662616822,287.89021924741354
8.369446012999,218.38434293425695,692.180984045873,,,,,0,4,0.0,0.0,1.0,2.0,18.5,77.5,0.0,8.149999999999999,,0.0,0.0,31.0,11.008944598077685,67.0,68.0,50.50307392410143,38.73060232089916,0.3283582089552239,0.2537313432835821,0.0895522388059701,1.3153731538478353,BRONX,ems_station,nyc,395.37409984793976,407.9486251841541
1.8830247739658532,210.91680458823663,218.53577328624388,,,,,18,2,0.0,1.0,0.0,3.0,,,,,,,,,2.1290162808227793,17.0,18.0,35.54087125197046,32.1868,0.0,0.0,0.0,1.1306363624408624,South of Market,ems_station,san_francisco,298.6111316206447,303.93985161311736
4.162093190400296,54.55968459775323,375.4010386271734,,,,,2,5,1.0,0.0,1.0,2.0,,,,,,,,,4.780131694547827,58.0,59.0,37.38576662497946,16.0934,0.1896551724137931,0.0,0.3275862068965517,1.148492231162198,South of Market,ems_station,san_francisco,282.24495693030804,324.7956789489866
3.667314392727348,93.82212762995204,358.111084474197,,,,,13,5,1.0,0.0,0.0,2.0,,,,,,,,,4.193150499968855,44.0,45.0,40.255773385777,32.1868,0.7727272727272727,0.0,0.1590909090909091,1.1433845181870124,Western Addition,ems_station,san_francisco,372.8560093806466,385.25410819175306
2.315869540261898,313.78980884586997,350.80172044352844,,,,,1,3,0.0,0.0,1.0,5.0,17.0,82.0,0.0,8.7,,0.0,0.0,60.5,4.085538490646559,30.0,31.0,43.08450111711968,38.73060232089916,0.4,0.1,0.2333333333333333,1.7641488087383936,MANHATTAN,hospital_bay,nyc,194.71203274405175,222.31329526678158
5.686629157828111,139.92296844186416,542.8073401878258,,,,,21,4,0.0,0.0,0.0,3.0,21.200000000000003,75.0,0.0,7.199999999999999,,0.0,0.0,99.5,9.212623398332171,30.0,31.0,56.4225689175133,40.2335,0.0,0.5333333333333333,0.0666666666666666,1.6200499703150577,BRONX,ems_station,nyc,345.0748462587715,395.43573627717325
9.743597872472064,52.65279082742592,1020.7029400656522,,,,,15,6,1.0,0.0,0.0,2.0,26.15,52.0,0.0,13.25,,0.0,0.0,97.5,16.049805636278414,48.0,49.0,53.45796422917414,38.73060232089916,0.3333333333333333,0.3958333333333333,0.2708333333333333,1.647215520010617,MANHATTAN,ems_station,nyc,795.9151509304705,739.5763600290915
8.836645994928134,271.35457153288394,772.4119829929579,,,,,8,5,1.0,1.0,0.0,4.0,19.8,76.5,0.0,7.699999999999999,,0.0,0.0,58.5,10.93255077311096,82.0,83.0,44.5983125052367,38.73060232089916,0.1097560975609756,0.1097560975609756,0.2195121951219512,1.2371832909664808,QUEENS,hospital_bay,nyc,829.3369959518017,803.4938915453113
10.271827049013368,169.52084388128674,968.3320719226208,,,,,18,0,0.0,1.0,0.0,3.0,25.55,61.5,0.0,14.35,,0.0,0.0,92.0,14.30543953193141,77.0,78.0,48.37931253619662,32.1868,0.3506493506493506,0.1558441558441558,0.0519480519480519,1.392686954684024,MANHATTAN,ems_station,nyc,1150.0701017139072,1175.9394663078583
0.6509771184174462,135.68571003601903,81.09719052011303,,,,,0,2,0.0,0.0,1.0,2.0,,,,,,,,,0.8327736390387556,7.0,8.0,35.73428732621399,32.1868,0.0,0.0,0.0,1.2792671439255263,Financial District/South Beach,ems_station,san_francisco,66.51561710343621,66.64011996596383
8.946949685740675,194.31554732335135,772.2480913883242,,,,,23,6,1.0,0.0,1.0,2.0,20.049999999999997,85.5,0.0,6.4,,0.0,0.0,55.0,15.130966555466312,43.0,44.0,65.43283808934194,40.2335,0.0,0.6511627906976745,0.0232558139534883,1.691187174057936,BRONX,hospital_bay,nyc,486.71606415260874,540.8743002387458
6.131595601100794,337.56094342268193,760.8457034698439,2069.0,2213.0,11319.0,2.9086055029391544,12,0,0.0,0.0,0.0,2.0,26.299999999999997,53.5,1.217419434798927,11.7,,1.0,1.0,61.5,10.692463111075345,55.0,56.0,45.19768562214645,40.2335,0.2727272727272727,0.2,0.0727272727272727,1.743830449150258,BROOKLYN,ems_station,nyc,2012.830468542701,1839.6609020750996
7.692333521563545,221.34614719835812,729.8776928228175,,,,,6,4,0.0,0.0,0.0,3.0,16.2,93.0,0.0,7.800000000000001,,0.0,0.0,66.0,11.022968902715878,51.0,52.0,44.77271467373924,38.73060232089916,0.1176470588235294,0.1176470588235294,0.1764705882352941,1.4329811456843005,BRONX,hospital_bay,nyc,792.2478720230747,777.6085180257618
3.462658753297005,67.88593033181951,453.931387200624,,,,,19,6,1.0,1.0,0.0,2.0,,,,,,,,,4.871007592868394,54.0,55.0,37.527978015028445,16.0934,0.0555555555555555,0.0,0.074074074074074,1.4067246991146372,Mission Bay,ems_station,san_francisco,588.9842035920935,599.2960054702031
11.890317206852885,206.123268928263,777.7842148157913,,,,,17,5,1.0,1.0,0.0,6.0,24.8,58.5,2.9551578678995805,15.55,,1.0,0.0,82.5,14.768121600037995,32.0,33.0,56.07355215619718,40.2335,0.46875,0.375,0.0,1.2420292363206689,MANHATTAN,ems_station,nyc,986.487013723898,992.5484343023422
5.449636754881207,97.77074376319246,456.2838268700946,,,,,20,3,0.0,0.0,0.0,3.0,22.5,71.5,0.0,10.25,,0.0,0.0,81.5,6.783701961076172,62.0,63.0,49.41158690925986,38.73060232089916,0.1290322580645161,0.2096774193548387,0.0967741935483871,1.2447989226070986,QUEENS,hospital_bay,nyc,289.50079639043605,353.6225500827956
1.996260923659392,342.6524417246349,232.25688889790896,,,,,9,5,1.0,1.0,0.0,4.0,21.9,64.5,0.0,8.5,,0.0,0.0,50.0,2.687374520837721,27.0,28.0,42.18553410105882,38.73060232089916,0.5185185185185185,0.0,0.2962962962962963,1.3462040402571387,MANHATTAN,hospital_bay,nyc,232.5181530773758,253.18071584457826
3.165787232472148,11.069204001909329,261.46416317253426,565.0,548.0,4656.0,2.095889522107805,15,3,0.0,0.0,0.0,6.0,26.15,52.0,0.0,13.25,,0.0,0.0,97.5,4.4762764786091305,15.0,16.0,55.604760256410266,40.2335,0.0666666666666666,0.5333333333333333,0.0,1.4139536708895082,MANHATTAN,hospital_bay,nyc,428.4730299167176,504.1135977511812
1.632193473614408,200.1345579882583,204.09891750202112,,,,,16,5,1.0,1.0,0.0,6.0,25.35,53.5,0.0,14.85,,0.0,0.0,97.0,2.438842473731828,28.0,29.0,43.32550514041119,40.2335,0.9642857142857144,0.0,0.0,1.494211631866863,MANHATTAN,hospital_bay,nyc,261.02910707690626,243.09006053977873
6.398576254585029,155.13661395484166,573.44906955814,1724.0,1574.0,8293.0,2.744794757820106,3,6,1.0,0.0,1.0,2.0,16.85,84.5,0.0,8.55,,0.0,0.0,77.5,9.36005479977629,35.0,36.0,52.19206337193052,32.1868,0.2285714285714285,0.3142857142857143,0.1142857142857142,1.4628339848367289,MANHATTAN,ems_station,nyc,864.4465054032756,945.5687503308743
11.492445670282384,35.1051008998096,804.3573497781529,,,,,23,0,0.0,0.0,1.0,7.0,20.049999999999997,85.5,0.0,6.4,,0.0,0.0,55.0,14.770987883878544,39.0,40.0,57.600337298368686,38.73060232089916,0.1025641025641025,0.5128205128205128,0.3076923076923077,1.2852780259013057,BROOKLYN,ems_station,nyc,594.0666138968718,574.3074396989186
3.0800869590441233,290.544651104178,411.4425908411339,,,,,1,0,0.0,0.0,1.0,5.0,17.0,82.0,0.0,8.7,,0.0,0.0,60.5,5.175122659233247,46.0,47.0,43.43874923360385,40.2335,0.0434782608695652,0.0869565217391304,0.1739130434782608,1.6801871921302178,QUEENS,ems_station,nyc,322.31780431417695,252.54261209247898
7.728050565777555,355.6725215340606,718.9576957318875,,,,,11,0,0.0,0.0,0.0,2.0,25.0,56.0,0.0,9.55,,0.0,0.0,45.5,13.356205945619749,54.0,55.0,62.198253236877584,40.2335,0.0555555555555555,0.5555555555555556,0.0,1.728276210402347,QUEENS,hospital_bay,nyc,488.8521508109575,571.9974187988109
11.529461598010736,211.504064267265,918.533841482235,,,,,8,3,0.0,1.0,0.0,3.0,19.8,76.5,0.0,7.699999999999999,,0.0,0.0,58.5,15.966847742721988,58.0,59.0,57.97916236964138,38.73060232089916,0.1034482758620689,0.5689655172413793,0.1551724137931034,1.38487366534764,BRONX,ems_station,nyc,936.5078364921238,944.8566547171366
4.6073898558752635,36.93522934126497,485.346029000081,,,,,9,0,0.0,1.0,0.0,5.0,21.9,64.5,0.0,8.5,,0.0,0.0,50.0,6.045901864166389,55.0,56.0,40.48427559981399,24.1401,0.1272727272727272,0.0545454545454545,0.4909090909090909,1.3122184258961198,BROOKLYN,ems_station,nyc,548.329831010519,532.9507947318843
2.0345226543774286,210.0244216877297,227.1359938879903,,,,,4,4,0.0,0.0,1.0,2.0,,,,,,,,,2.332875829622997,18.0,19.0,36.33832369504107,32.1868,0.0,0.0,0.1111111111111111,1.1466452952016233,South of Market,ems_station,san_francisco,183.29984318757388,185.64258066659104
0.825878055728105,337.4524253560179,88.7071039085906,,,,,7,5,1.0,1.0,0.0,3.0,,,,,,,,,0.974903931753478,8.0,9.0,39.12118579446451,37.93685620318352,0.0,0.0,0.25,1.180445375672308,Mission,ems_station,san_francisco,114.81166323792245,119.8206060713702
5.322897517223892,186.1526386191536,578.6464705221266,,,,,7,5,1.0,1.0,0.0,6.0,18.049999999999997,86.5,0.0,9.75,,0.0,0.0,63.0,6.653744968700841,66.0,67.0,41.247032380218535,38.73060232089916,0.8787878787878788,0.0,0.0151515151515151,1.250023121273813,MANHATTAN,hospital_bay,nyc,549.0645413647346,639.0759313829603
1.2552658012635722,167.3225613929376,135.6682217485689,,,,,0,0,0.0,0.0,1.0,2.0,,,,,,,,,1.2902198371463025,12.0,13.0,33.221483803479074,32.1868,0.0,0.0,0.0833333333333333,1.0278459238254918,Financial District/South Beach,ems_station,san_francisco,118.58052525021942,112.82370383587815
3.2991009436519625,58.262377021608586,322.10096237260933,,,,,22,0,0.0,0.0,1.0,2.0,,,,,,,,,3.813637965993384,49.0,50.0,36.8380081380017,16.0934,0.2244897959183673,0.0,0.3877551020408163,1.1559628005112963,South of Market,ems_station,san_francisco,362.7541661436483,300.73748330844506
3.029803507211604,223.57844004560457,260.86750885314365,,,,,8,6,1.0,1.0,0.0,7.0,19.8,76.5,0.0,7.699999999999999,,0.0,0.0,58.5,3.701927049602528,24.0,25.0,46.89545062588235,39.72054230521571,0.25,0.2083333333333333,0.0833333333333333,1.221837337236927,MANHATTAN,hospital_bay,nyc,261.41751019199745,283.54031342421916
7.728050565777555,355.6725215340606,718.9576957318875,,,,,3,4,0.0,0.0,1.0,5.0,16.85,84.5,0.0,8.55,,0.0,0.0,77.5,13.356205945619749,54.0,55.0,62.198253236877584,40.2335,0.0555555555555555,0.5555555555555556,0.0,1.728276210402347,QUEENS,hospital_bay,nyc,429.8188681713456,469.4779799310096
0.8648630717482116,129.29213013402818,104.39241523157688,,,,,4,4,0.0,0.0,1.0,3.0,16.65,89.0,0.0,7.1,,0.0,0.0,54.0,1.1894129843398735,14.0,15.0,40.90147759671718,40.763425997822935,0.0,0.0,0.0,1.375261614460686,BRONX,ems_station,nyc,63.56157363077538,67.0050111238918
8.182856170100614,182.00250304131637,655.4026177423511,1242.0,1079.0,11822.0,1.6463162806959852,0,1,0.0,0.0,1.0,3.0,18.5,77.5,2.782216429414155,8.149999999999999,,1.0,0.0,31.0,10.553726226983848,48.0,49.0,50.859483748196816,32.1868,0.0208333333333333,0.3333333333333333,0.0833333333333333,1.2897362494951543,BRONX,ems_station,nyc,730.1353397392145,670.2045199646797
5.449636754881207,97.77074376319246,456.2838268700946,,,,,23,1,0.0,0.0,1.0,7.0,20.049999999999997,85.5,0.0,6.4,,0.0,0.0,55.0,6.783701961076172,62.0,63.0,49.41158690925986,38.73060232089916,0.1290322580645161,0.2096774193548387,0.0967741935483871,1.2447989226070986,QUEENS,hospital_bay,nyc,327.3980498473348,349.40484773596705
6.253606297404568,183.45686354328905,591.8750180296968,,,,,15,2,0.0,0.0,0.0,7.0,26.15,52.0,0.0,13.25,,0.0,0.0,97.5,9.652649524092878,61.0,62.0,50.39410451443631,32.1868,0.1147540983606557,0.2786885245901639,0.2131147540983606,1.5435332934372623,QUEENS,ems_station,nyc,479.30068619036746,485.90579446884686
9.10949589347583,141.8560370107126,840.2891179815329,,,,,16,5,1.0,1.0,0.0,4.0,25.35,53.5,2.7713217197018953,14.85,,1.0,0.0,97.0,12.94008335048598,78.0,79.0,47.33203080292262,38.73060232089916,0.0256410256410256,0.2051282051282051,0.0769230769230769,1.4205048777456055,MANHATTAN,hospital_bay,nyc,1238.7608762690352,1080.532407196809
9.62928647204467,94.28378431541478,676.6647758636956,,,,,13,4,0.0,0.0,0.0,7.0,27.0,51.0,0.0,13.35,,0.0,0.0,72.0,12.422316423575952,42.0,43.0,57.9967586429895,38.73060232089916,0.0,0.3571428571428571,0.2619047619047619,1.2900557543531277,QUEENS,ems_station,nyc,607.0406867955519,556.5591022854517
2.1053558804396006,351.95150215635886,241.4165600508593,,,,,10,0,0.0,0.0,0.0,2.0,,,,,,,,,2.448317396464078,29.0,30.0,36.5343925348336,32.1868,0.1379310344827586,0.0,0.0689655172413793,1.1628995454929294,Hayes Valley,ems_station,san_francisco,262.00672389778924,249.60224369075024
1.920882422885578,200.54210975009832,237.06912582733975,,,,,19,4,0.0,1.0,0.0,2.0,25.25,64.5,2.512550272030871,12.0,,1.0,0.0,100.0,2.646384744482008,22.0,23.0,40.708389471568445,38.73060232089916,0.0,0.0,0.2272727272727272,1.3776922069527655,BRONX,ems_station,nyc,310.05200781641,291.6873423993841
1.4926835238096383,193.6079786858095,168.30969511777917,,,,,10,6,1.0,0.0,0.0,3.0,,,,,,,,,1.8885336987460084,16.0,17.0,40.16185713152327,32.1868,0.0,0.0,0.0,1.2651936385859464,South of Market,ems_station,san_francisco,213.3185905576923,180.63174850430204
3.3352436007866677,345.8746150927055,383.06229526641073,,,,,6,1,0.0,0.0,0.0,7.0,16.2,93.0,0.0,7.800000000000001,,0.0,0.0,66.0,4.450812033999792,67.0,68.0,42.66053677430224,38.73060232089916,0.582089552238806,0.0,0.1492537313432835,1.3344788467475062,BROOKLYN,ems_station,nyc,382.05289917071065,426.35855181477655
1.5686948584090836,237.65485606208435,218.7847520151936,703.0,639.0,2500.0,2.9206788595378184,1,4,0.0,0.0,1.0,6.0,17.0,82.0,0.0,8.7,,0.0,0.0,60.5,2.4584366281717593,23.0,24.0,40.575698197357774,40.2335,0.6956521739130435,0.0,0.2608695652173913,1.567186004972963,MANHATTAN,ems_station,nyc,418.6613636812595,395.2820343518348
4.507432177849935,157.0192783643954,444.4217012214734,,,,,12,4,0.0,0.0,0.0,4.0,26.299999999999997,53.5,0.0,11.7,,0.0,0.0,61.5,6.380774488599258,44.0,45.0,47.145854677861195,38.73060232089916,0.3409090909090909,0.1590909090909091,0.1363636363636363,1.4156118687609216,BRONX,ems_station,nyc,363.08216978274874,366.1337973515084
11.733499479491275,208.06926655156963,960.8592346219516,,,,,21,3,0.0,0.0,0.0,5.0,21.200000000000003,75.0,2.9515386240822723,7.199999999999999,,1.0,0.0,99.5,15.925984205079155,74.0,75.0,50.28258079858981,32.1868,0.0675675675675675,0.2972972972972973,0.4594594594594595,1.3573089795517383,BRONX,ems_station,nyc,762.9188630265397,728.8362167571063
7.406151859913755,183.01239129511185,663.2813552085647,1320.0,1260.0,12066.0,1.8996463417908087,16,3,0.0,1.0,0.0,2.0,25.35,53.5,0.0,14.85,,0.0,0.0,97.0,8.905817733061193,45.0,46.0,44.82121037429119,32.1868,0.0666666666666666,0.1777777777777777,0.4,1.2024892145763943,BRONX,ems_station,nyc,1419.7563316224434,1467.804405596021
4.220779985559282,205.4703219986019,465.3545941495328,,,,,17,1,0.0,1.0,0.0,6.0,24.8,58.5,0.7444016063440646,15.55,,1.0,0.0,82.5,5.876665858435823,50.0,51.0,45.47347903822739,38.73060232089916,0.42,0.0,0.08,1.3923175049497694,BROOKLYN,ems_station,nyc,497.07404705772313,591.1880907831996
8.633911931546459,8.203343291013766,703.4063665025794,,,,,23,2,0.0,0.0,1.0,4.0,20.049999999999997,85.5,0.0,6.4,,0.0,0.0,55.0,12.572262950582047,42.0,43.0,55.30522496142662,40.2335,0.0714285714285714,0.4285714285714285,0.0,1.456149084014362,MANHATTAN,hospital_bay,nyc,624.3799838918543,507.06325958003623
7.692333521563545,221.34614719835812,729.8776928228175,1598.0,1367.0,17604.0,1.8729165358008113,9,6,1.0,1.0,0.0,2.0,21.9,64.5,0.0,8.5,,0.0,0.0,50.0,11.022968902715878,51.0,52.0,44.77271467373924,38.73060232089916,0.1176470588235294,0.1176470588235294,0.1764705882352941,1.4329811456843005,BRONX,hospital_bay,nyc,1303.378702779837,1420.7800529582842
11.532020706215492,14.255994994244872,914.4771090120844,,,,,22,1,0.0,0.0,1.0,2.0,20.6,84.5,0.0,6.75,,0.0,0.0,99.5,15.72208812947292,51.0,52.0,54.025321154690225,40.2335,0.2352941176470588,0.4117647058823529,0.0392156862745098,1.3633419961689002,MANHATTAN,hospital_bay,nyc,536.4178927642104,600.6141321570517
4.971974075087702,268.68942598921376,270.1458414820276,,,,,20,6,1.0,0.0,0.0,2.0,,,,,,,,,5.937633284565522,73.0,74.0,40.22423297975512,32.1868,0.0136986301369863,0.0273972602739726,0.0,1.1942204836337138,Oceanview/Merced/Ingleside,ems_station,san_francisco,260.4924091963841,256.3799645384943
7.487609431036019,210.2403916557159,683.5165984643436,,,,,13,5,1.0,0.0,0.0,4.0,27.0,51.0,0.7422120798656211,13.35,,1.0,0.0,72.0,12.023737938268734,46.0,47.0,55.689921898894454,38.73060232089916,0.0652173913043478,0.4130434782608695,0.2826086956521739,1.6058179915782649,QUEENS,ems_station,nyc,593.5700659086992,604.6280245876205
6.979205774505405,106.43034561302444,664.9142179467161,1716.0,1585.0,8717.0,2.3837661418860145,17,0,0.0,1.0,0.0,6.0,24.8,58.5,0.0,15.55,,0.0,0.0,82.5,8.650330007964017,76.0,77.0,43.33270109312223,32.1868,0.75,0.0657894736842105,0.0394736842105263,1.2394433245632508,MANHATTAN,hospital_bay,nyc,1958.427925669456,1881.4526422755603
5.015660298683769,30.918629766918286,474.0858729848091,,,,,1,5,1.0,0.0,1.0,5.0,17.0,82.0,0.0,8.7,,0.0,0.0,60.5,5.1579926201264055,61.0,62.0,39.44202131147539,32.1868,0.7049180327868853,0.0,0.0327868852459016,1.0283775840002538,MANHATTAN,ems_station,nyc,292.5257186561905,300.1480015410466
7.061047441526632,84.3932780450258,780.545324575202,,,,,4,5,1.0,0.0,1.0,2.0,16.65,89.0,0.0,7.1,,0.0,0.0,54.0,10.676259210999838,55.0,56.0,49.300251860142254,32.1868,0.3090909090909091,0.1818181818181818,0.0,1.5119936949030863,MANHATTAN,hospital_bay,nyc,399.7915111661957,478.22671785145747
7.918720128742216,192.56326748168772,597.6522295921268,1265.0,1209.0,12243.0,2.022915568850288,17,3,0.0,1.0,0.0,6.0,24.8,58.5,0.0,15.55,,0.0,0.0,82.5,10.109950532739065,49.0,50.0,53.43967741332545,40.2335,0.3673469387755102,0.4081632653061224,0.0,1.2767152227092151,MANHATTAN,ems_station,nyc,1613.846964585369,1388.321151172935
7.647039134981323,214.53051462678667,726.583414960588,,,,,15,6,1.0,0.0,0.0,3.0,26.15,52.0,0.0,13.25,,0.0,0.0,97.5,9.116081835689016,88.0,89.0,45.851552438052,38.73060232089916,0.9659090909090908,0.0,0.0227272727272727,1.1921060785458215,BROOKLYN,hospital_bay,nyc,604.3513245233958,565.0635214509177
6.456851894660463,336.21215748626815,722.3533148576461,,,,,15,2,0.0,0.0,0.0,6.0,26.15,52.0,0.0,13.25,,0.0,0.0,97.5,10.307226093971996,65.0,66.0,45.10274935607939,38.73060232089916,0.7076923076923077,0.1846153846153846,0.0769230769230769,1.596323759957329,BROOKLYN,hospital_bay,nyc,632.6767780491202,599.6071479658729
2.90143299629132,99.52433611040811,306.71606593845644,,,,,12,6,1.0,0.0,0.0,2.0,,,,,,,,,3.517299457020074,39.0,40.0,40.9502083316009,40.2335,0.6153846153846154,0.0,0.0,1.2122628582207378,Lone Mountain/USF,ems_station,san_francisco,291.841823037615,318.82772369519125
4.782824918412241,326.90885811847903,391.6209391401045,,,,,7,2,0.0,1.0,0.0,6.0,18.049999999999997,86.5,0.0,9.75,,0.0,0.0,63.0,6.060405265391641,40.0,41.0,50.85196565308779,38.73060232089916,0.0,0.2,0.025,1.267118359708538,STATEN ISLAND,ems_station,nyc,429.4807354201439,435.92508822974867
0.3813946636062879,158.44927946406688,54.98337753974515,,,,,19,4,0.0,1.0,0.0,3.0,,,,,,,,,0.5137972098733757,6.0,7.0,33.145142700530585,32.1868,0.0,0.0,0.1666666666666666,1.3471536413623408,Tenderloin,ems_station,san_francisco,75.56458467600737,86.03014532440714
5.591911966359149,219.3129254048918,489.3532525190412,,,,,21,1,0.0,0.0,0.0,2.0,21.200000000000003,75.0,0.0,7.199999999999999,,0.0,0.0,99.5,6.691387430793361,53.0,54.0,44.598099726903335,40.2335,0.6415094339622641,0.1509433962264151,0.0754716981132075,1.1966188793830514,MANHATTAN,hospital_bay,nyc,319.43627665577804,329.5495578923723
5.26468035915872,182.6677339644195,528.8683882563456,,,,,11,1,0.0,0.0,0.0,5.0,25.0,56.0,0.0,9.55,,0.0,0.0,45.5,6.559673870614187,43.0,44.0,42.75978953488372,28.163449999999997,0.7906976744186046,0.0,0.2093023255813953,1.245977613665116,MANHATTAN,ems_station,nyc,422.3471641403129,441.3680682637748
9.572803776976958,274.3293234932704,803.0803674212704,,,,,13,4,0.0,0.0,0.0,2.0,27.0,51.0,0.0,13.35,,0.0,0.0,72.0,11.794514490752764,51.0,52.0,48.3014394042232,40.2335,0.2352941176470588,0.2941176470588235,0.2352941176470588,1.2320856841460728,QUEENS,ems_station,nyc,716.5436936516085,609.0765317877937
2.2193091816889496,266.39120634837553,270.5127141642731,,,,,7,1,0.0,1.0,0.0,4.0,18.049999999999997,86.5,0.0,9.75,,0.0,0.0,63.0,3.6712079042820926,34.0,35.0,45.032516917439274,38.73060232089916,0.1176470588235294,0.1176470588235294,0.1764705882352941,1.6542120109142304,BRONX,hospital_bay,nyc,242.34095575251692,283.90833822054566
0.7926768636227409,144.06492604307186,88.28874109562975,,,,,5,0,0.0,0.0,1.0,7.0,16.25,91.5,0.0,7.1499999999999995,,0.0,0.0,46.5,0.9867125180197271,13.0,14.0,40.2335,40.2335,0.0,0.0,0.9230769230769232,1.2447853132866684,QUEENS,hospital_bay,nyc,57.48451871270833,58.0533251221579
1.827657765035456,316.31308695931307,213.9867600925309,,,,,7,6,1.0,1.0,0.0,6.0,18.049999999999997,86.5,0.0,9.75,,0.0,0.0,63.0,2.4408903270759947,39.0,40.0,41.189307211521886,38.73060232089916,0.8974358974358975,0.0,0.1025641025641025,1.3355292078047456,BROOKLYN,hospital_bay,nyc,272.604194360463,235.72880845159088
6.300835344417283,175.48309122374485,582.8442153106241,1106.0,1030.0,9727.0,1.7671960584717588,10,4,0.0,0.0,0.0,5.0,23.55,61.0,0.0,9.25,,0.0,0.0,21.5,9.373549627067655,55.0,56.0,46.62582947679291,38.73060232089916,0.0,0.1636363636363636,0.109090909090909,1.487667763826408,BRONX,hospital_bay,nyc,831.0465251755086,857.364709460858
0.9225067948966056,291.6279903643961,125.78437840743985,,,,,21,3,0.0,0.0,0.0,2.0,,,,,,,,,1.4844186710483287,13.0,14.0,39.9015042277497,36.10698717948718,0.0,0.0,0.7692307692307693,1.6091140783572246,Bayview Hunters Point,ems_station,san_francisco,113.3740386088276,123.60097638335625
7.742177402425346,319.4335875501206,693.8928375351667,,,,,8,1,0.0,1.0,0.0,2.0,,,,,,,,,10.00813970059057,79.0,80.0,44.02064427340472,32.1868,0.2151898734177215,0.0759493670886076,0.3417721518987341,1.2926776513097438,Pacific Heights,ems_station,san_francisco,925.1725825511852,867.9750795008412
11.63747102738407,261.59911285098684,1011.4017113830593,,,,,12,1,0.0,0.0,0.0,3.0,26.299999999999997,53.5,0.0,11.7,,0.0,0.0,61.5,17.587817905580042,78.0,79.0,52.56700332320412,32.1868,0.0256410256410256,0.3333333333333333,0.3333333333333333,1.5113092753738544,QUEENS,ems_station,nyc,841.7290959617275,801.8251544898247
4.37594891027961,141.1186520062571,498.51122400133704,,,,,0,3,0.0,0.0,1.0,6.0,18.5,77.5,0.0,8.149999999999999,,0.0,0.0,31.0,7.644494008904591,35.0,36.0,50.21662256290739,40.2335,0.0285714285714285,0.2285714285714285,0.0,1.7469340172017982,BRONX,ems_station,nyc,327.9744228443083,305.10847802072595
9.118788634941945,249.73094902242855,803.3186697760389,,,,,12,0,0.0,0.0,0.0,4.0,26.299999999999997,53.5,0.0,11.7,,0.0,0.0,61.5,11.128573183416863,63.0,64.0,41.16337949980876,32.1868,0.3492063492063492,0.1587301587301587,0.238095238095238,1.2204003874784095,QUEENS,ems_station,nyc,632.1381925223484,663.0749081335763
7.445922079998199,154.03233006887842,716.6496095574239,1300.0,1214.0,14626.0,1.6939938064708095,9,3,0.0,1.0,0.0,7.0,21.9,64.5,0.0,8.5,,0.0,0.0,50.0,12.428045002659491,39.0,40.0,58.055771206163776,38.73060232089916,0.0769230769230769,0.5897435897435898,0.0769230769230769,1.6691075825309334,MANHATTAN,ems_station,nyc,1219.9469574848774,1327.6489623704326
8.26057218453075,320.0276404442869,796.0531491114801,,,,,14,4,0.0,0.0,0.0,6.0,26.8,48.5,0.0,11.8,,0.0,0.0,83.0,11.522418078548704,45.0,46.0,45.182443881691135,32.1868,0.0222222222222222,0.2444444444444444,0.1555555555555555,1.394869244061118,BROOKLYN,ems_station,nyc,742.210729746205,642.3469740121328
9.445069414358295,121.12860841034023,903.7619862394456,,,,,10,2,0.0,0.0,0.0,2.0,23.55,61.0,0.0,9.25,,0.0,0.0,21.5,11.311952427219794,91.0,92.0,45.612507199976626,38.73060232089916,0.4725274725274725,0.0,0.0109890109890109,1.1976568864622088,BROOKLYN,hospital_bay,nyc,712.9594904879799,690.3954351757998
4.414094895911433,287.0083259299232,271.54610389912176,,,,,2,6,1.0,0.0,1.0,3.0,,,,,,,,,5.382893227073119,22.0,23.0,59.33881254155097,37.93685620318352,0.0909090909090909,0.3181818181818182,0.4090909090909091,1.2194783651024446,West of Twin Peaks,ems_station,san_francisco,265.5034857107768,220.47004293071572
8.25124515618572,139.736241577984,764.0460522631374,1641.0,1676.0,16934.0,2.1935850529370784,5,0,0.0,0.0,1.0,7.0,16.25,91.5,1.5313875218582595,7.1499999999999995,,1.0,0.0,46.5,11.96447882052191,81.0,82.0,49.01754421507268,38.73060232089916,0.2222222222222222,0.2345679012345679,0.1604938271604938,1.4500210082295866,QUEENS,ems_station,nyc,1192.5648472648334,1141.3361500212957
1.288115914675643,154.66933629635616,138.239215753276,,,,,3,4,0.0,0.0,1.0,2.0,,,,,,,,,1.5330629831105775,19.0,20.0,38.38663104940155,37.93685620318352,0.0,0.0,0.3684210526315789,1.190159181828457,Nob Hill,ems_station,san_francisco,109.78812842801118,114.88007208096761
5.81544647342285,83.97012823269768,444.7646014687372,,,,,10,6,1.0,0.0,0.0,3.0,,,,,,,,,7.181222698049838,74.0,75.0,40.6371841097895,32.1868,0.0675675675675675,0.0,0.1891891891891892,1.234853201876884,Bayview Hunters Point,ems_station,san_francisco,480.9421612469269,481.81587267936027
1.1101234786753225,310.84355936982274,143.01930351096345,,,,,4,2,0.0,0.0,1.0,2.0,,,,,,,,,1.666591068498134,21.0,22.0,39.61794065659608,37.93685620318352,0.0476190476190476,0.0,0.238095238095238,1.501266391092663,Western Addition,ems_station,san_francisco,118.0647655655564,119.65722407761967
7.176175491089149,339.13969999675555,593.0515868441755,,,,,2,3,0.0,0.0,1.0,3.0,16.65,87.5,0.0,7.75,,0.0,0.0,65.5,9.64693049953106,40.0,41.0,50.20810849491418,40.2335,0.0,0.35,0.05,1.3442996915989465,QUEENS,ems_station,nyc,371.4247409001963,375.2276002256686
5.051223802704419,133.44889775770048,488.52664920338594,,,,,12,5,1.0,0.0,0.0,4.0,26.299999999999997,53.5,0.0,11.7,,0.0,0.0,61.5,5.6563617954571175,101.0,102.0,42.049888395968,38.73060232089916,0.8316831683168316,0.0,0.1584158415841584,1.119800273436451,BROOKLYN,ems_station,nyc,353.3948833311293,399.23766535310415
11.90884241756065,122.66084608581995,780.547496482873,1110.0,1063.0,14842.0,1.3618645947746302,1,5,1.0,0.0,1.0,5.0,17.0,82.0,0.0,8.7,,0.0,0.0,60.5,14.746300599915331,36.0,37.0,63.29177578028251,38.73060232089916,0.0,0.6111111111111112,0.25,1.238264818935768,BRONX,ems_station,nyc,654.7058686323282,680.1570681551588
3.706321274350432,150.7622239196628,634.1101015307476,,,,,14,5,1.0,0.0,0.0,7.0,26.8,48.5,0.0,11.8,,0.0,1.0,83.0,8.953611011083908,56.0,57.0,46.472892640727295,32.1868,0.3214285714285714,0.1785714285714285,0.0892857142857142,2.4157676435249433,MANHATTAN,hospital_bay,nyc,529.8524709143326,615.3045259598949
8.390460646562914,9.772404133853684,796.6140137216514,,,,,12,4,0.0,0.0,0.0,3.0,26.299999999999997,53.5,0.0,11.7,,0.0,0.0,61.5,9.528817678491016,91.0,92.0,40.58314190827336,38.73060232089916,0.7142857142857143,0.0,0.0439560439560439,1.135672769336499,BROOKLYN,ems_station,nyc,712.7448632981385,660.5487875803818
6.115229152381886,209.40366778228568,582.4215156691338,,,,,9,0,0.0,1.0,0.0,4.0,21.9,64.5,0.0,8.5,,0.0,0.0,50.0,7.741674322998729,56.0,57.0,44.659504770000446,38.73060232089916,0.3035714285714285,0.1785714285714285,0.3035714285714285,1.265966348944314,BRONX,ems_station,nyc,677.114879503325,630.7769847369053
5.9787600254450615,91.4872947047416,468.93193894424655,,,,,19,4,0.0,1.0,0.0,3.0,,,,,,,,,7.432523128339967,75.0,76.0,40.40337769929637,32.1868,0.04,0.0,0.28,1.243154616794757,Bayview Hunters Point,ems_station,san_francisco,674.9592652151101,635.0318408652178
11.63747102738407,261.59911285098684,1011.4017113830593,,,,,0,0,0.0,0.0,1.0,6.0,18.5,77.5,0.0,8.149999999999999,,0.0,0.0,31.0,17.587817905580042,78.0,79.0,52.56700332320412,32.1868,0.0256410256410256,0.3333333333333333,0.3333333333333333,1.5113092753738544,QUEENS,ems_station,nyc,620.1315281252728,625.7755378099284
11.044974598334829,76.92321308960936,888.6073028810405,,,,,1,4,0.0,0.0,1.0,2.0,17.0,82.0,0.0,8.7,,0.0,0.0,60.5,12.98793964974676,96.0,97.0,45.7167725783618,38.73060232089916,0.1979166666666666,0.1354166666666666,0.0729166666666666,1.1759139447640612,BROOKLYN,hospital_bay,nyc,560.1327415548365,565.7734702367075
6.3472773717623605,278.84072614458336,721.752083215409,,,,,10,1,0.0,0.0,0.0,5.0,23.55,61.0,0.0,9.25,,0.0,0.0,21.5,8.904821767119898,52.0,53.0,40.17442813044624,32.1868,0.3076923076923077,0.0576923076923076,0.4230769230769231,1.402935659742158,BROOKLYN,ems_station,nyc,571.5841882143492,585.8479480348908
9.092103615482966,303.62323962327173,833.7404986926101,,,,,1,6,1.0,0.0,1.0,7.0,17.0,82.0,0.0,8.7,,0.0,1.0,60.5,10.406736022898851,145.0,146.0,43.17358591362281,38.73060232089916,0.9103448275862068,0.0344827586206896,0.0413793103448275,1.1445905659474882,BROOKLYN,ems_station,nyc,573.366337292502,633.4588136534344
9.770866238991925,110.6323772886946,884.7899340715314,,,,,0,2,0.0,0.0,1.0,6.0,18.5,77.5,0.0,8.149999999999999,,0.0,0.0,31.0,10.629219769443749,82.0,83.0,42.95458269589887,38.73060232089916,0.6219512195121951,0.0,0.0121951219512195,1.0878482531084557,MANHATTAN,hospital_bay,nyc,482.5760403610551,572.2014939507878
4.878004028660661,58.24341286661428,481.8758682923267,943.0,1083.0,8175.0,2.247466767402026,1,6,1.0,0.0,1.0,3.0,17.0,82.0,0.0,8.7,,0.0,0.0,60.5,7.727469958727607,36.0,37.0,52.09046252995662,38.73060232089916,0.0,0.3055555555555556,0.3611111111111111,1.584145874690742,QUEENS,ems_station,nyc,644.2477377021438,653.9863026477492
2.0345226543774286,210.0244216877297,227.1359938879903,,,,,12,0,0.0,0.0,0.0,2.0,,,,,,,,,2.332875829622997,18.0,19.0,36.33832369504107,32.1868,0.0,0.0,0.1111111111111111,1.1466452952016233,South of Market,ems_station,san_francisco,229.421011580902,237.47280581001945
10.49258797081996,197.74880280435943,742.804445200125,,,,,12,4,0.0,0.0,0.0,3.0,26.299999999999997,53.5,0.0,11.7,,0.0,0.0,61.5,13.328292741661611,43.0,44.0,59.87797336798128,40.2335,0.0930232558139534,0.6511627906976745,0.0,1.2702578981208248,MANHATTAN,ems_station,nyc,550.810948418838,596.9136757682093
