civilian_network_s,crow_flies_km,bearing_deg,borough,origin_layer,start_lat,start_lon,dest_lat,dest_lon,osm_path_km,osm_n_edges,osm_n_nodes,osm_mean_speed_kmh,osm_min_speed_kmh,osm_primary_share,osm_motorway_share,osm_residential_share,osm_circuity,osm_route_ok,travel_seconds,hour,dow,is_weekend,is_rush,is_night,severity,wx_is_precip,wx_is_snow,wx_temp_c,wx_humidity,wx_precip_mm,wx_wind_kmh,wx_visibility_m,wx_cloudcover
1133.217025600236,11.542107999775807,7.799376792955286,BROOKLYN,ems_station,40.649196,-73.902192,40.75203495383239,-73.88359732782362,15.278533848818002,126.0,127.0,45.7543769431486,32.1868,0.4365079365079365,0.07936507936507936,0.14285714285714285,1.3237212690363642,1.0,1442.5105735657362,18,3,0,1,0,3.0,0,0,25.55,61.5,0.0,14.35,,92.0
1133.217025600236,11.542107999775807,7.799376792955286,BROOKLYN,ems_station,40.649196,-73.902192,40.75203495383239,-73.88359732782362,15.278533848818002,126.0,127.0,45.7543769431486,32.1868,0.4365079365079365,0.07936507936507936,0.14285714285714285,1.3237212690363642,1.0,1163.5008050704132,6,4,0,0,0,2.0,0,0,16.2,93.0,0.0,7.800000000000001,,66.0
1133.217025600236,11.542107999775807,7.799376792955286,BROOKLYN,ems_station,40.649196,-73.902192,40.75203495383239,-73.88359732782362,15.278533848818002,126.0,127.0,45.7543769431486,32.1868,0.4365079365079365,0.07936507936507936,0.14285714285714285,1.3237212690363642,1.0,1234.4194493372038,8,4,0,1,0,7.0,0,0,19.8,76.5,0.0,7.699999999999999,,58.5
1133.217025600236,11.542107999775807,7.799376792955286,BROOKLYN,ems_station,40.649196,-73.902192,40.75203495383239,-73.88359732782362,15.278533848818002,126.0,127.0,45.7543769431486,32.1868,0.4365079365079365,0.07936507936507936,0.14285714285714285,1.3237212690363642,1.0,555.7347005913741,3,6,1,0,1,7.0,0,0,16.85,84.5,0.0,8.55,,77.5
1133.217025600236,11.542107999775807,7.799376792955286,BROOKLYN,ems_station,40.649196,-73.902192,40.75203495383239,-73.88359732782362,15.278533848818002,126.0,127.0,45.7543769431486,32.1868,0.4365079365079365,0.07936507936507936,0.14285714285714285,1.3237212690363642,1.0,1001.4806382997785,10,6,1,0,0,4.0,0,0,23.55,61.0,0.0,9.25,,21.5
1133.217025600236,11.542107999775807,7.799376792955286,BROOKLYN,ems_station,40.649196,-73.902192,40.75203495383239,-73.88359732782362,15.278533848818002,126.0,127.0,45.7543769431486,32.1868,0.4365079365079365,0.07936507936507936,0.14285714285714285,1.3237212690363642,1.0,1151.733124672134,9,0,0,1,0,6.0,0,0,21.9,64.5,0.0,8.5,,50.0
1133.217025600236,11.542107999775807,7.799376792955286,BROOKLYN,ems_station,40.649196,-73.902192,40.75203495383239,-73.88359732782362,15.278533848818002,126.0,127.0,45.7543769431486,32.1868,0.4365079365079365,0.07936507936507936,0.14285714285714285,1.3237212690363642,1.0,966.0369654605125,20,0,0,0,0,5.0,0,0,22.5,71.5,0.0,10.25,,81.5
1133.217025600236,11.542107999775807,7.799376792955286,BROOKLYN,ems_station,40.649196,-73.902192,40.75203495383239,-73.88359732782362,15.278533848818002,126.0,127.0,45.7543769431486,32.1868,0.4365079365079365,0.07936507936507936,0.14285714285714285,1.3237212690363642,1.0,639.8041460413166,0,1,0,0,1,6.0,0,0,18.5,77.5,0.0,8.149999999999999,,31.0
1133.217025600236,11.542107999775807,7.799376792955286,BROOKLYN,ems_station,40.649196,-73.902192,40.75203495383239,-73.88359732782362,15.278533848818002,126.0,127.0,45.7543769431486,32.1868,0.4365079365079365,0.07936507936507936,0.14285714285714285,1.3237212690363642,1.0,667.6113775908982,0,3,0,0,1,3.0,0,0,18.5,77.5,0.0,8.149999999999999,,31.0
1133.217025600236,11.542107999775807,7.799376792955286,BROOKLYN,ems_station,40.649196,-73.902192,40.75203495383239,-73.88359732782362,15.278533848818002,126.0,127.0,45.7543769431486,32.1868,0.4365079365079365,0.07936507936507936,0.14285714285714285,1.3237212690363642,1.0,667.2506780942844,1,3,0,0,1,2.0,0,0,17.0,82.0,0.0,8.7,,60.5
1133.217025600236,11.542107999775807,7.799376792955286,BROOKLYN,ems_station,40.649196,-73.902192,40.75203495383239,-73.88359732782362,15.278533848818002,126.0,127.0,45.7543769431486,32.1868,0.4365079365079365,0.07936507936507936,0.14285714285714285,1.3237212690363642,1.0,1444.1164521632825,19,3,0,1,0,3.0,0,0,25.25,64.5,0.0,12.0,,100.0
1133.217025600236,11.542107999775807,7.799376792955286,BROOKLYN,ems_station,40.649196,-73.902192,40.75203495383239,-73.88359732782362,15.278533848818002,126.0,127.0,45.7543769431486,32.1868,0.4365079365079365,0.07936507936507936,0.14285714285714285,1.3237212690363642,1.0,1456.115219629337,19,2,0,1,0,2.0,1,0,25.25,64.5,1.4259563838923441,12.0,,100.0
1133.217025600236,11.542107999775807,7.799376792955286,BROOKLYN,ems_station,40.649196,-73.902192,40.75203495383239,-73.88359732782362,15.278533848818002,126.0,127.0,45.7543769431486,32.1868,0.4365079365079365,0.07936507936507936,0.14285714285714285,1.3237212690363642,1.0,907.7867889681199,20,2,0,0,0,4.0,0,0,22.5,71.5,0.0,10.25,,81.5
1133.217025600236,11.542107999775807,7.799376792955286,BROOKLYN,ems_station,40.649196,-73.902192,40.75203495383239,-73.88359732782362,15.278533848818002,126.0,127.0,45.7543769431486,32.1868,0.4365079365079365,0.07936507936507936,0.14285714285714285,1.3237212690363642,1.0,1408.4581699710789,18,4,0,1,0,3.0,0,0,25.55,61.5,0.0,14.35,,92.0
1133.217025600236,11.542107999775807,7.799376792955286,BROOKLYN,ems_station,40.649196,-73.902192,40.75203495383239,-73.88359732782362,15.278533848818002,126.0,127.0,45.7543769431486,32.1868,0.4365079365079365,0.07936507936507936,0.14285714285714285,1.3237212690363642,1.0,1257.2990723984085,18,6,1,1,0,6.0,0,0,25.55,61.5,0.0,14.35,,92.0
429.09794086333426,4.089260492079393,182.3306476206051,BRONX,hospital_bay,40.880512,-73.881538,40.843766801299076,-73.88351491281807,4.781982218786486,38.0,39.0,40.172550986745534,38.73060232089916,0.18421052631578946,0.0,0.34210526315789475,1.1694002443837574,1.0,263.4508007229787,4,3,0,0,1,5.0,0,0,16.65,89.0,0.0,7.1,,54.0
429.09794086333426,4.089260492079393,182.3306476206051,BRONX,hospital_bay,40.880512,-73.881538,40.843766801299076,-73.88351491281807,4.781982218786486,38.0,39.0,40.172550986745534,38.73060232089916,0.18421052631578946,0.0,0.34210526315789475,1.1694002443837574,1.0,474.17821868987795,6,0,0,0,0,7.0,0,0,16.2,93.0,0.0,7.800000000000001,,66.0
429.09794086333426,4.089260492079393,182.3306476206051,BRONX,hospital_bay,40.880512,-73.881538,40.843766801299076,-73.88351491281807,4.781982218786486,38.0,39.0,40.172550986745534,38.73060232089916,0.18421052631578946,0.0,0.34210526315789475,1.1694002443837574,1.0,363.3553653643,11,4,0,0,0,6.0,0,0,25.0,56.0,0.0,9.55,,45.5
429.09794086333426,4.089260492079393,182.3306476206051,BRONX,hospital_bay,40.880512,-73.881538,40.843766801299076,-73.88351491281807,4.781982218786486,38.0,39.0,40.172550986745534,38.73060232089916,0.18421052631578946,0.0,0.34210526315789475,1.1694002443837574,1.0,345.86704993260025,14,0,0,0,0,7.0,0,0,26.8,48.5,0.0,11.8,,83.0
429.09794086333426,4.089260492079393,182.3306476206051,BRONX,hospital_bay,40.880512,-73.881538,40.843766801299076,-73.88351491281807,4.781982218786486,38.0,39.0,40.172550986745534,38.73060232089916,0.18421052631578946,0.0,0.34210526315789475,1.1694002443837574,1.0,396.7970459152035,11,5,1,0,0,6.0,0,0,25.0,56.0,0.0,9.55,,45.5
429.09794086333426,4.089260492079393,182.3306476206051,BRONX,hospital_bay,40.880512,-73.881538,40.843766801299076,-73.88351491281807,4.781982218786486,38.0,39.0,40.172550986745534,38.73060232089916,0.18421052631578946,0.0,0.34210526315789475,1.1694002443837574,1.0,365.2667115679305,10,1,0,0,0,5.0,0,0,23.55,61.0,0.0,9.25,,21.5
429.09794086333426,4.089260492079393,182.3306476206051,BRONX,hospital_bay,40.880512,-73.881538,40.843766801299076,-73.88351491281807,4.781982218786486,38.0,39.0,40.172550986745534,38.73060232089916,0.18421052631578946,0.0,0.34210526315789475,1.1694002443837574,1.0,330.071257311737,20,4,0,0,0,6.0,0,0,22.5,71.5,0.0,10.25,,81.5
429.09794086333426,4.089260492079393,182.3306476206051,BRONX,hospital_bay,40.880512,-73.881538,40.843766801299076,-73.88351491281807,4.781982218786486,38.0,39.0,40.172550986745534,38.73060232089916,0.18421052631578946,0.0,0.34210526315789475,1.1694002443837574,1.0,314.57167244904525,15,2,0,0,0,6.0,0,0,26.15,52.0,0.0,13.25,,97.5
429.09794086333426,4.089260492079393,182.3306476206051,BRONX,hospital_bay,40.880512,-73.881538,40.843766801299076,-73.88351491281807,4.781982218786486,38.0,39.0,40.172550986745534,38.73060232089916,0.18421052631578946,0.0,0.34210526315789475,1.1694002443837574,1.0,314.170774401407,12,5,1,0,0,5.0,1,0,26.299999999999997,53.5,1.955109951795784,11.7,,61.5
429.09794086333426,4.089260492079393,182.3306476206051,BRONX,hospital_bay,40.880512,-73.881538,40.843766801299076,-73.88351491281807,4.781982218786486,38.0,39.0,40.172550986745534,38.73060232089916,0.18421052631578946,0.0,0.34210526315789475,1.1694002443837574,1.0,335.1527863907448,5,5,1,0,1,7.0,1,0,16.25,91.5,0.6323846464619988,7.1499999999999995,,46.5
429.09794086333426,4.089260492079393,182.3306476206051,BRONX,hospital_bay,40.880512,-73.881538,40.843766801299076,-73.88351491281807,4.781982218786486,38.0,39.0,40.172550986745534,38.73060232089916,0.18421052631578946,0.0,0.34210526315789475,1.1694002443837574,1.0,459.2700992767766,6,2,0,0,0,4.0,0,0,16.2,93.0,0.0,7.800000000000001,,66.0
429.09794086333426,4.089260492079393,182.3306476206051,BRONX,hospital_bay,40.880512,-73.881538,40.843766801299076,-73.88351491281807,4.781982218786486,38.0,39.0,40.172550986745534,38.73060232089916,0.18421052631578946,0.0,0.34210526315789475,1.1694002443837574,1.0,280.2355197996663,4,5,1,0,1,6.0,0,0,16.65,89.0,0.0,7.1,,54.0
429.09794086333426,4.089260492079393,182.3306476206051,BRONX,hospital_bay,40.880512,-73.881538,40.843766801299076,-73.88351491281807,4.781982218786486,38.0,39.0,40.172550986745534,38.73060232089916,0.18421052631578946,0.0,0.34210526315789475,1.1694002443837574,1.0,251.90577187817834,4,1,0,0,1,4.0,0,0,16.65,89.0,0.0,7.1,,54.0
429.09794086333426,4.089260492079393,182.3306476206051,BRONX,hospital_bay,40.880512,-73.881538,40.843766801299076,-73.88351491281807,4.781982218786486,38.0,39.0,40.172550986745534,38.73060232089916,0.18421052631578946,0.0,0.34210526315789475,1.1694002443837574,1.0,464.54453306602267,19,1,0,1,0,6.0,0,0,25.25,64.5,0.0,12.0,,100.0
429.09794086333426,4.089260492079393,182.3306476206051,BRONX,hospital_bay,40.880512,-73.881538,40.843766801299076,-73.88351491281807,4.781982218786486,38.0,39.0,40.172550986745534,38.73060232089916,0.18421052631578946,0.0,0.34210526315789475,1.1694002443837574,1.0,240.20173448681663,1,5,1,0,1,2.0,0,0,17.0,82.0,0.0,8.7,,60.5
712.0841211160098,9.378722268512044,249.3725906060041,QUEENS,ems_station,40.774748,-73.874521,40.744987329184966,-73.97871230550359,12.854185804022528,37.0,38.0,61.66756081525499,32.1868,0.05405405405405406,0.7297297297297297,0.08108108108108109,1.370568979015291,1.0,617.3780533480183,8,1,0,1,0,4.0,0,0,19.8,76.5,0.0,7.699999999999999,,58.5
712.0841211160098,9.378722268512044,249.3725906060041,QUEENS,ems_station,40.774748,-73.874521,40.744987329184966,-73.97871230550359,12.854185804022528,37.0,38.0,61.66756081525499,32.1868,0.05405405405405406,0.7297297297297297,0.08108108108108109,1.370568979015291,1.0,455.6063987149957,4,5,1,0,1,7.0,0,0,16.65,89.0,0.0,7.1,,54.0
712.0841211160098,9.378722268512044,249.3725906060041,QUEENS,ems_station,40.774748,-73.874521,40.744987329184966,-73.97871230550359,12.854185804022528,37.0,38.0,61.66756081525499,32.1868,0.05405405405405406,0.7297297297297297,0.08108108108108109,1.370568979015291,1.0,447.34740492138303,0,4,0,0,1,4.0,0,0,18.5,77.5,0.0,8.149999999999999,,31.0
712.0841211160098,9.378722268512044,249.3725906060041,QUEENS,ems_station,40.774748,-73.874521,40.744987329184966,-73.97871230550359,12.854185804022528,37.0,38.0,61.66756081525499,32.1868,0.05405405405405406,0.7297297297297297,0.08108108108108109,1.370568979015291,1.0,598.5777337775039,7,6,1,1,0,2.0,0,0,18.049999999999997,86.5,0.0,9.75,,63.0
712.0841211160098,9.378722268512044,249.3725906060041,QUEENS,ems_station,40.774748,-73.874521,40.744987329184966,-73.97871230550359,12.854185804022528,37.0,38.0,61.66756081525499,32.1868,0.05405405405405406,0.7297297297297297,0.08108108108108109,1.370568979015291,1.0,569.2997533776702,14,3,0,0,0,7.0,0,0,26.8,48.5,0.0,11.8,,83.0
712.0841211160098,9.378722268512044,249.3725906060041,QUEENS,ems_station,40.774748,-73.874521,40.744987329184966,-73.97871230550359,12.854185804022528,37.0,38.0,61.66756081525499,32.1868,0.05405405405405406,0.7297297297297297,0.08108108108108109,1.370568979015291,1.0,765.1505799037362,14,3,0,0,0,4.0,1,1,26.8,48.5,1.5361617731921888,11.8,,83.0
712.0841211160098,9.378722268512044,249.3725906060041,QUEENS,ems_station,40.774748,-73.874521,40.744987329184966,-73.97871230550359,12.854185804022528,37.0,38.0,61.66756081525499,32.1868,0.05405405405405406,0.7297297297297297,0.08108108108108109,1.370568979015291,1.0,664.0908037865728,11,3,0,0,0,4.0,0,0,25.0,56.0,0.0,9.55,,45.5
712.0841211160098,9.378722268512044,249.3725906060041,QUEENS,ems_station,40.774748,-73.874521,40.744987329184966,-73.97871230550359,12.854185804022528,37.0,38.0,61.66756081525499,32.1868,0.05405405405405406,0.7297297297297297,0.08108108108108109,1.370568979015291,1.0,545.453779975294,13,1,0,0,0,6.0,0,0,27.0,51.0,0.0,13.35,,72.0
712.0841211160098,9.378722268512044,249.3725906060041,QUEENS,ems_station,40.774748,-73.874521,40.744987329184966,-73.97871230550359,12.854185804022528,37.0,38.0,61.66756081525499,32.1868,0.05405405405405406,0.7297297297297297,0.08108108108108109,1.370568979015291,1.0,841.894420948013,16,0,0,1,0,7.0,0,0,25.35,53.5,0.0,14.850000000000001,,97.0
712.0841211160098,9.378722268512044,249.3725906060041,QUEENS,ems_station,40.774748,-73.874521,40.744987329184966,-73.97871230550359,12.854185804022528,37.0,38.0,61.66756081525499,32.1868,0.05405405405405406,0.7297297297297297,0.08108108108108109,1.370568979015291,1.0,494.3710218777642,21,4,0,0,0,6.0,0,0,21.200000000000003,75.0,0.0,7.199999999999999,,99.5
712.0841211160098,9.378722268512044,249.3725906060041,QUEENS,ems_station,40.774748,-73.874521,40.744987329184966,-73.97871230550359,12.854185804022528,37.0,38.0,61.66756081525499,32.1868,0.05405405405405406,0.7297297297297297,0.08108108108108109,1.370568979015291,1.0,545.5202075084205,14,1,0,0,0,3.0,0,0,26.8,48.5,0.0,11.8,,83.0
712.0841211160098,9.378722268512044,249.3725906060041,QUEENS,ems_station,40.774748,-73.874521,40.744987329184966,-73.97871230550359,12.854185804022528,37.0,38.0,61.66756081525499,32.1868,0.05405405405405406,0.7297297297297297,0.08108108108108109,1.370568979015291,1.0,426.7311774431075,4,2,0,0,1,6.0,0,0,16.65,89.0,0.0,7.1,,54.0
712.0841211160098,9.378722268512044,249.3725906060041,QUEENS,ems_station,40.774748,-73.874521,40.744987329184966,-73.97871230550359,12.854185804022528,37.0,38.0,61.66756081525499,32.1868,0.05405405405405406,0.7297297297297297,0.08108108108108109,1.370568979015291,1.0,833.5216467096309,17,1,0,1,0,3.0,0,0,24.8,58.5,0.0,15.55,,82.5
712.0841211160098,9.378722268512044,249.3725906060041,QUEENS,ems_station,40.774748,-73.874521,40.744987329184966,-73.97871230550359,12.854185804022528,37.0,38.0,61.66756081525499,32.1868,0.05405405405405406,0.7297297297297297,0.08108108108108109,1.370568979015291,1.0,782.4326970584904,19,4,0,1,0,3.0,0,0,25.25,64.5,0.0,12.0,,100.0
712.0841211160098,9.378722268512044,249.3725906060041,QUEENS,ems_station,40.774748,-73.874521,40.744987329184966,-73.97871230550359,12.854185804022528,37.0,38.0,61.66756081525499,32.1868,0.05405405405405406,0.7297297297297297,0.08108108108108109,1.370568979015291,1.0,766.3686306238337,8,3,0,1,0,7.0,0,0,19.8,76.5,0.0,7.699999999999999,,58.5
664.9142179467161,6.979205774505405,106.43034561302443,MANHATTAN,hospital_bay,40.7103015077,-74.0049525399,40.69252111192363,-73.92555278351443,8.650330007964017,76.0,77.0,43.33270109312223,32.1868,0.75,0.06578947368421052,0.039473684210526314,1.2394433245632508,1.0,631.1180977226628,6,5,1,0,0,6.0,0,0,16.2,93.0,0.0,7.800000000000001,,66.0
664.9142179467161,6.979205774505405,106.43034561302443,MANHATTAN,hospital_bay,40.7103015077,-74.0049525399,40.69252111192363,-73.92555278351443,8.650330007964017,76.0,77.0,43.33270109312223,32.1868,0.75,0.06578947368421052,0.039473684210526314,1.2394433245632508,1.0,492.20180039742075,20,4,0,0,0,3.0,0,0,22.5,71.5,0.0,10.25,,81.5
664.9142179467161,6.979205774505405,106.43034561302443,MANHATTAN,hospital_bay,40.7103015077,-74.0049525399,40.69252111192363,-73.92555278351443,8.650330007964017,76.0,77.0,43.33270109312223,32.1868,0.75,0.06578947368421052,0.039473684210526314,1.2394433245632508,1.0,387.6972969018458,0,1,0,0,1,3.0,0,0,18.5,77.5,0.0,8.149999999999999,,31.0
664.9142179467161,6.979205774505405,106.43034561302443,MANHATTAN,hospital_bay,40.7103015077,-74.0049525399,40.69252111192363,-73.92555278351443,8.650330007964017,76.0,77.0,43.33270109312223,32.1868,0.75,0.06578947368421052,0.039473684210526314,1.2394433245632508,1.0,378.43201515263553,3,2,0,0,1,4.0,0,0,16.85,84.5,0.0,8.55,,77.5
664.9142179467161,6.979205774505405,106.43034561302443,MANHATTAN,hospital_bay,40.7103015077,-74.0049525399,40.69252111192363,-73.92555278351443,8.650330007964017,76.0,77.0,43.33270109312223,32.1868,0.75,0.06578947368421052,0.039473684210526314,1.2394433245632508,1.0,781.7571001344688,17,2,0,1,0,5.0,0,0,24.8,58.5,0.0,15.55,,82.5
664.9142179467161,6.979205774505405,106.43034561302443,MANHATTAN,hospital_bay,40.7103015077,-74.0049525399,40.69252111192363,-73.92555278351443,8.650330007964017,76.0,77.0,43.33270109312223,32.1868,0.75,0.06578947368421052,0.039473684210526314,1.2394433245632508,1.0,807.9150161898577,17,0,0,1,0,6.0,0,0,24.8,58.5,0.0,15.55,,82.5
664.9142179467161,6.979205774505405,106.43034561302443,MANHATTAN,hospital_bay,40.7103015077,-74.0049525399,40.69252111192363,-73.92555278351443,8.650330007964017,76.0,77.0,43.33270109312223,32.1868,0.75,0.06578947368421052,0.039473684210526314,1.2394433245632508,1.0,498.1722668625605,23,1,0,0,1,2.0,0,0,20.049999999999997,85.5,0.0,6.4,,55.0
664.9142179467161,6.979205774505405,106.43034561302443,MANHATTAN,hospital_bay,40.7103015077,-74.0049525399,40.69252111192363,-73.92555278351443,8.650330007964017,76.0,77.0,43.33270109312223,32.1868,0.75,0.06578947368421052,0.039473684210526314,1.2394433245632508,1.0,721.5489266061163,9,0,0,1,0,4.0,0,0,21.9,64.5,0.0,8.5,,50.0
664.9142179467161,6.979205774505405,106.43034561302443,MANHATTAN,hospital_bay,40.7103015077,-74.0049525399,40.69252111192363,-73.92555278351443,8.650330007964017,76.0,77.0,43.33270109312223,32.1868,0.75,0.06578947368421052,0.039473684210526314,1.2394433245632508,1.0,420.27523912347345,4,5,1,0,1,3.0,0,0,16.65,89.0,0.0,7.1,,54.0
664.9142179467161,6.979205774505405,106.43034561302443,MANHATTAN,hospital_bay,40.7103015077,-74.0049525399,40.69252111192363,-73.92555278351443,8.650330007964017,76.0,77.0,43.33270109312223,32.1868,0.75,0.06578947368421052,0.039473684210526314,1.2394433245632508,1.0,711.5044634284609,14,0,0,0,0,3.0,1,0,26.8,48.5,1.3257338348397942,11.8,,83.0
664.9142179467161,6.979205774505405,106.43034561302443,MANHATTAN,hospital_bay,40.7103015077,-74.0049525399,40.69252111192363,-73.92555278351443,8.650330007964017,76.0,77.0,43.33270109312223,32.1868,0.75,0.06578947368421052,0.039473684210526314,1.2394433245632508,1.0,725.3942504726698,6,5,1,0,0,4.0,0,0,16.2,93.0,0.0,7.800000000000001,,66.0
664.9142179467161,6.979205774505405,106.43034561302443,MANHATTAN,hospital_bay,40.7103015077,-74.0049525399,40.69252111192363,-73.92555278351443,8.650330007964017,76.0,77.0,43.33270109312223,32.1868,0.75,0.06578947368421052,0.039473684210526314,1.2394433245632508,1.0,864.5800214681517,18,3,0,1,0,5.0,0,0,25.55,61.5,0.0,14.35,,92.0
664.9142179467161,6.979205774505405,106.43034561302443,MANHATTAN,hospital_bay,40.7103015077,-74.0049525399,40.69252111192363,-73.92555278351443,8.650330007964017,76.0,77.0,43.33270109312223,32.1868,0.75,0.06578947368421052,0.039473684210526314,1.2394433245632508,1.0,836.0601463328991,18,5,1,1,0,3.0,0,0,25.55,61.5,0.0,14.35,,92.0
664.9142179467161,6.979205774505405,106.43034561302443,MANHATTAN,hospital_bay,40.7103015077,-74.0049525399,40.69252111192363,-73.92555278351443,8.650330007964017,76.0,77.0,43.33270109312223,32.1868,0.75,0.06578947368421052,0.039473684210526314,1.2394433245632508,1.0,546.3447131589996,12,0,0,0,0,3.0,0,0,26.299999999999997,53.5,0.0,11.7,,61.5
664.9142179467161,6.979205774505405,106.43034561302443,MANHATTAN,hospital_bay,40.7103015077,-74.0049525399,40.69252111192363,-73.92555278351443,8.650330007964017,76.0,77.0,43.33270109312223,32.1868,0.75,0.06578947368421052,0.039473684210526314,1.2394433245632508,1.0,509.85038982478045,14,6,1,0,0,2.0,0,0,26.8,48.5,0.0,11.8,,83.0
285.5200641822264,2.9492384890269703,78.29905997292275,QUEENS,ems_station,40.745121,-73.885641,40.750494909866546,-73.85135725025106,3.218092173199135,43.0,44.0,40.442284259081305,40.2335,0.0,0.0,0.11627906976744186,1.09116037416861,1.0,174.9957057800248,4,6,1,0,1,5.0,0,0,16.65,89.0,0.0,7.1,,54.0
285.5200641822264,2.9492384890269703,78.29905997292275,QUEENS,ems_station,40.745121,-73.885641,40.750494909866546,-73.85135725025106,3.218092173199135,43.0,44.0,40.442284259081305,40.2335,0.0,0.0,0.11627906976744186,1.09116037416861,1.0,327.3614546797869,17,0,0,1,0,4.0,0,0,24.8,58.5,0.0,15.55,,82.5
285.5200641822264,2.9492384890269703,78.29905997292275,QUEENS,ems_station,40.745121,-73.885641,40.750494909866546,-73.85135725025106,3.218092173199135,43.0,44.0,40.442284259081305,40.2335,0.0,0.0,0.11627906976744186,1.09116037416861,1.0,260.3542756706722,12,6,1,0,0,5.0,0,0,26.299999999999997,53.5,0.0,11.7,,61.5
285.5200641822264,2.9492384890269703,78.29905997292275,QUEENS,ems_station,40.745121,-73.885641,40.750494909866546,-73.85135725025106,3.218092173199135,43.0,44.0,40.442284259081305,40.2335,0.0,0.0,0.11627906976744186,1.09116037416861,1.0,268.2212404885327,9,5,1,1,0,6.0,0,0,21.9,64.5,0.0,8.5,,50.0
285.5200641822264,2.9492384890269703,78.29905997292275,QUEENS,ems_station,40.745121,-73.885641,40.750494909866546,-73.85135725025106,3.218092173199135,43.0,44.0,40.442284259081305,40.2335,0.0,0.0,0.11627906976744186,1.09116037416861,1.0,365.23016167546564,8,3,0,1,0,6.0,0,0,19.8,76.5,0.0,7.699999999999999,,58.5
285.5200641822264,2.9492384890269703,78.29905997292275,QUEENS,ems_station,40.745121,-73.885641,40.750494909866546,-73.85135725025106,3.218092173199135,43.0,44.0,40.442284259081305,40.2335,0.0,0.0,0.11627906976744186,1.09116037416861,1.0,225.26984860210987,23,2,0,0,1,4.0,0,0,20.049999999999997,85.5,0.0,6.4,,55.0
285.5200641822264,2.9492384890269703,78.29905997292275,QUEENS,ems_station,40.745121,-73.885641,40.750494909866546,-73.85135725025106,3.218092173199135,43.0,44.0,40.442284259081305,40.2335,0.0,0.0,0.11627906976744186,1.09116037416861,1.0,158.8322871075288,5,4,0,0,1,2.0,0,0,16.25,91.5,0.0,7.1499999999999995,,46.5
285.5200641822264,2.9492384890269703,78.29905997292275,QUEENS,ems_station,40.745121,-73.885641,40.750494909866546,-73.85135725025106,3.218092173199135,43.0,44.0,40.442284259081305,40.2335,0.0,0.0,0.11627906976744186,1.09116037416861,1.0,317.71031490743775,9,2,0,1,0,5.0,0,0,21.9,64.5,0.0,8.5,,50.0
285.5200641822264,2.9492384890269703,78.29905997292275,QUEENS,ems_station,40.745121,-73.885641,40.750494909866546,-73.85135725025106,3.218092173199135,43.0,44.0,40.442284259081305,40.2335,0.0,0.0,0.11627906976744186,1.09116037416861,1.0,171.1415452719627,5,1,0,0,1,6.0,0,0,16.25,91.5,0.0,7.1499999999999995,,46.5
285.5200641822264,2.9492384890269703,78.29905997292275,QUEENS,ems_station,40.745121,-73.885641,40.750494909866546,-73.85135725025106,3.218092173199135,43.0,44.0,40.442284259081305,40.2335,0.0,0.0,0.11627906976744186,1.09116037416861,1.0,293.47526308827344,8,0,0,1,0,7.0,0,0,19.8,76.5,0.0,7.699999999999999,,58.5
285.5200641822264,2.9492384890269703,78.29905997292275,QUEENS,ems_station,40.745121,-73.885641,40.750494909866546,-73.85135725025106,3.218092173199135,43.0,44.0,40.442284259081305,40.2335,0.0,0.0,0.11627906976744186,1.09116037416861,1.0,233.96069725714366,14,3,0,0,0,4.0,0,0,26.8,48.5,0.0,11.8,,83.0
285.5200641822264,2.9492384890269703,78.29905997292275,QUEENS,ems_station,40.745121,-73.885641,40.750494909866546,-73.85135725025106,3.218092173199135,43.0,44.0,40.442284259081305,40.2335,0.0,0.0,0.11627906976744186,1.09116037416861,1.0,158.83699671171914,1,2,0,0,1,7.0,0,0,17.0,82.0,0.0,8.7,,60.5
285.5200641822264,2.9492384890269703,78.29905997292275,QUEENS,ems_station,40.745121,-73.885641,40.750494909866546,-73.85135725025106,3.218092173199135,43.0,44.0,40.442284259081305,40.2335,0.0,0.0,0.11627906976744186,1.09116037416861,1.0,244.0468676406936,12,1,0,0,0,7.0,0,0,26.299999999999997,53.5,0.0,11.7,,61.5
285.5200641822264,2.9492384890269703,78.29905997292275,QUEENS,ems_station,40.745121,-73.885641,40.750494909866546,-73.85135725025106,3.218092173199135,43.0,44.0,40.442284259081305,40.2335,0.0,0.0,0.11627906976744186,1.09116037416861,1.0,335.89666012401244,17,5,1,1,0,4.0,0,0,24.8,58.5,0.0,15.55,,82.5
285.5200641822264,2.9492384890269703,78.29905997292275,QUEENS,ems_station,40.745121,-73.885641,40.750494909866546,-73.85135725025106,3.218092173199135,43.0,44.0,40.442284259081305,40.2335,0.0,0.0,0.11627906976744186,1.09116037416861,1.0,312.47989007393204,8,3,0,1,0,7.0,0,0,19.8,76.5,0.0,7.699999999999999,,58.5
578.7820548244189,5.228354523189438,137.5857373924817,BRONX,hospital_bay,40.8804682307,-73.8810941706,40.845746567470684,-73.83917046952729,7.887617131432959,54.0,55.0,45.89671750399185,38.73060232089916,0.3148148148148148,0.12962962962962962,0.18518518518518517,1.5086232382385,1.0,691.3602308703156,17,3,0,1,0,2.0,0,0,24.8,58.5,0.0,15.55,,82.5
578.7820548244189,5.228354523189438,137.5857373924817,BRONX,hospital_bay,40.8804682307,-73.8810941706,40.845746567470684,-73.83917046952729,7.887617131432959,54.0,55.0,45.89671750399185,38.73060232089916,0.3148148148148148,0.12962962962962962,0.18518518518518517,1.5086232382385,1.0,364.98131552049404,0,5,1,0,1,7.0,0,0,18.5,77.5,0.0,8.149999999999999,,31.0
578.7820548244189,5.228354523189438,137.5857373924817,BRONX,hospital_bay,40.8804682307,-73.8810941706,40.845746567470684,-73.83917046952729,7.887617131432959,54.0,55.0,45.89671750399185,38.73060232089916,0.3148148148148148,0.12962962962962962,0.18518518518518517,1.5086232382385,1.0,641.6636170956639,19,6,1,1,0,3.0,0,0,25.25,64.5,0.0,12.0,,100.0
578.7820548244189,5.228354523189438,137.5857373924817,BRONX,hospital_bay,40.8804682307,-73.8810941706,40.845746567470684,-73.83917046952729,7.887617131432959,54.0,55.0,45.89671750399185,38.73060232089916,0.3148148148148148,0.12962962962962962,0.18518518518518517,1.5086232382385,1.0,834.8989297024756,19,2,0,1,0,3.0,1,0,25.25,64.5,0.3996526957175671,12.0,,100.0
578.7820548244189,5.228354523189438,137.5857373924817,BRONX,hospital_bay,40.8804682307,-73.8810941706,40.845746567470684,-73.83917046952729,7.887617131432959,54.0,55.0,45.89671750399185,38.73060232089916,0.3148148148148148,0.12962962962962962,0.18518518518518517,1.5086232382385,1.0,370.4749298701335,5,0,0,0,1,2.0,1,0,16.25,91.5,1.8246726068802406,7.1499999999999995,,46.5
578.7820548244189,5.228354523189438,137.5857373924817,BRONX,hospital_bay,40.8804682307,-73.8810941706,40.845746567470684,-73.83917046952729,7.887617131432959,54.0,55.0,45.89671750399185,38.73060232089916,0.3148148148148148,0.12962962962962962,0.18518518518518517,1.5086232382385,1.0,325.8275628199909,0,2,0,0,1,5.0,0,0,18.5,77.5,0.0,8.149999999999999,,31.0
578.7820548244189,5.228354523189438,137.5857373924817,BRONX,hospital_bay,40.8804682307,-73.8810941706,40.845746567470684,-73.83917046952729,7.887617131432959,54.0,55.0,45.89671750399185,38.73060232089916,0.3148148148148148,0.12962962962962962,0.18518518518518517,1.5086232382385,1.0,410.589364753309,21,3,0,0,0,4.0,0,0,21.200000000000003,75.0,0.0,7.199999999999999,,99.5
578.7820548244189,5.228354523189438,137.5857373924817,BRONX,hospital_bay,40.8804682307,-73.8810941706,40.845746567470684,-73.83917046952729,7.887617131432959,54.0,55.0,45.89671750399185,38.73060232089916,0.3148148148148148,0.12962962962962962,0.18518518518518517,1.5086232382385,1.0,498.4039894660573,10,5,1,0,0,6.0,0,0,23.55,61.0,0.0,9.25,,21.5
578.7820548244189,5.228354523189438,137.5857373924817,BRONX,hospital_bay,40.8804682307,-73.8810941706,40.845746567470684,-73.83917046952729,7.887617131432959,54.0,55.0,45.89671750399185,38.73060232089916,0.3148148148148148,0.12962962962962962,0.18518518518518517,1.5086232382385,1.0,592.9593945355267,6,2,0,0,0,6.0,0,0,16.2,93.0,0.0,7.800000000000001,,66.0
578.7820548244189,5.228354523189438,137.5857373924817,BRONX,hospital_bay,40.8804682307,-73.8810941706,40.845746567470684,-73.83917046952729,7.887617131432959,54.0,55.0,45.89671750399185,38.73060232089916,0.3148148148148148,0.12962962962962962,0.18518518518518517,1.5086232382385,1.0,408.15595390634337,21,1,0,0,0,6.0,0,0,21.200000000000003,75.0,0.0,7.199999999999999,,99.5
578.7820548244189,5.228354523189438,137.5857373924817,BRONX,hospital_bay,40.8804682307,-73.8810941706,40.845746567470684,-73.83917046952729,7.887617131432959,54.0,55.0,45.89671750399185,38.73060232089916,0.3148148148148148,0.12962962962962962,0.18518518518518517,1.5086232382385,1.0,604.5614243879904,7,2,0,1,0,2.0,0,0,18.049999999999997,86.5,0.0,9.75,,63.0
578.7820548244189,5.228354523189438,137.5857373924817,BRONX,hospital_bay,40.8804682307,-73.8810941706,40.845746567470684,-73.83917046952729,7.887617131432959,54.0,55.0,45.89671750399185,38.73060232089916,0.3148148148148148,0.12962962962962962,0.18518518518518517,1.5086232382385,1.0,563.1595538531653,6,3,0,0,0,5.0,0,0,16.2,93.0,0.0,7.800000000000001,,66.0
578.7820548244189,5.228354523189438,137.5857373924817,BRONX,hospital_bay,40.8804682307,-73.8810941706,40.845746567470684,-73.83917046952729,7.887617131432959,54.0,55.0,45.89671750399185,38.73060232089916,0.3148148148148148,0.12962962962962962,0.18518518518518517,1.5086232382385,1.0,438.68439446422764,14,4,0,0,0,5.0,0,0,26.8,48.5,0.0,11.8,,83.0
578.7820548244189,5.228354523189438,137.5857373924817,BRONX,hospital_bay,40.8804682307,-73.8810941706,40.845746567470684,-73.83917046952729,7.887617131432959,54.0,55.0,45.89671750399185,38.73060232089916,0.3148148148148148,0.12962962962962962,0.18518518518518517,1.5086232382385,1.0,437.96170527039624,1,3,0,0,1,4.0,0,0,17.0,82.0,0.0,8.7,,60.5
578.7820548244189,5.228354523189438,137.5857373924817,BRONX,hospital_bay,40.8804682307,-73.8810941706,40.845746567470684,-73.83917046952729,7.887617131432959,54.0,55.0,45.89671750399185,38.73060232089916,0.3148148148148148,0.12962962962962962,0.18518518518518517,1.5086232382385,1.0,370.43787220758674,2,1,0,0,1,6.0,0,0,16.65,87.5,0.0,7.75,,65.5
914.893810271263,9.692178152546164,208.1474143867993,MANHATTAN,hospital_bay,40.7904119838,-73.9528590584,40.71354369879897,-74.00710693558435,12.179603967625466,84.0,85.0,44.07474843514803,32.1868,0.39285714285714285,0.17857142857142858,0.047619047619047616,1.2566426014802305,1.0,588.0157850188799,23,3,0,0,1,4.0,0,0,20.049999999999997,85.5,0.0,6.4,,55.0
914.893810271263,9.692178152546164,208.1474143867993,MANHATTAN,hospital_bay,40.7904119838,-73.9528590584,40.71354369879897,-74.00710693558435,12.179603967625466,84.0,85.0,44.07474843514803,32.1868,0.39285714285714285,0.17857142857142858,0.047619047619047616,1.2566426014802305,1.0,806.1682679084603,11,3,0,0,0,7.0,0,0,25.0,56.0,0.0,9.55,,45.5
914.893810271263,9.692178152546164,208.1474143867993,MANHATTAN,hospital_bay,40.7904119838,-73.9528590584,40.71354369879897,-74.00710693558435,12.179603967625466,84.0,85.0,44.07474843514803,32.1868,0.39285714285714285,0.17857142857142858,0.047619047619047616,1.2566426014802305,1.0,1078.0122663860461,9,4,0,1,0,5.0,0,0,21.9,64.5,0.0,8.5,,50.0
914.893810271263,9.692178152546164,208.1474143867993,MANHATTAN,hospital_bay,40.7904119838,-73.9528590584,40.71354369879897,-74.00710693558435,12.179603967625466,84.0,85.0,44.07474843514803,32.1868,0.39285714285714285,0.17857142857142858,0.047619047619047616,1.2566426014802305,1.0,818.6655700427453,11,6,1,0,0,7.0,0,0,25.0,56.0,0.0,9.55,,45.5
914.893810271263,9.692178152546164,208.1474143867993,MANHATTAN,hospital_bay,40.7904119838,-73.9528590584,40.71354369879897,-74.00710693558435,12.179603967625466,84.0,85.0,44.07474843514803,32.1868,0.39285714285714285,0.17857142857142858,0.047619047619047616,1.2566426014802305,1.0,459.2019426184904,3,4,0,0,1,2.0,0,0,16.85,84.5,0.0,8.55,,77.5
914.893810271263,9.692178152546164,208.1474143867993,MANHATTAN,hospital_bay,40.7904119838,-73.9528590584,40.71354369879897,-74.00710693558435,12.179603967625466,84.0,85.0,44.07474843514803,32.1868,0.39285714285714285,0.17857142857142858,0.047619047619047616,1.2566426014802305,1.0,555.9606746402376,0,0,0,0,1,6.0,0,0,18.5,77.5,0.0,8.149999999999999,,31.0
914.893810271263,9.692178152546164,208.1474143867993,MANHATTAN,hospital_bay,40.7904119838,-73.9528590584,40.71354369879897,-74.00710693558435,12.179603967625466,84.0,85.0,44.07474843514803,32.1868,0.39285714285714285,0.17857142857142858,0.047619047619047616,1.2566426014802305,1.0,637.4241384708572,23,2,0,0,1,3.0,0,0,20.049999999999997,85.5,0.0,6.4,,55.0
914.893810271263,9.692178152546164,208.1474143867993,MANHATTAN,hospital_bay,40.7904119838,-73.9528590584,40.71354369879897,-74.00710693558435,12.179603967625466,84.0,85.0,44.07474843514803,32.1868,0.39285714285714285,0.17857142857142858,0.047619047619047616,1.2566426014802305,1.0,735.0673690087493,15,5,1,0,0,3.0,0,0,26.15,52.0,0.0,13.25,,97.5
914.893810271263,9.692178152546164,208.1474143867993,MANHATTAN,hospital_bay,40.7904119838,-73.9528590584,40.71354369879897,-74.00710693558435,12.179603967625466,84.0,85.0,44.07474843514803,32.1868,0.39285714285714285,0.17857142857142858,0.047619047619047616,1.2566426014802305,1.0,594.9579527413835,3,3,0,0,1,6.0,0,0,16.85,84.5,0.0,8.55,,77.5
914.893810271263,9.692178152546164,208.1474143867993,MANHATTAN,hospital_bay,40.7904119838,-73.9528590584,40.71354369879897,-74.00710693558435,12.179603967625466,84.0,85.0,44.07474843514803,32.1868,0.39285714285714285,0.17857142857142858,0.047619047619047616,1.2566426014802305,1.0,694.0474060357759,20,1,0,0,0,4.0,0,0,22.5,71.5,0.0,10.25,,81.5
914.893810271263,9.692178152546164,208.1474143867993,MANHATTAN,hospital_bay,40.7904119838,-73.9528590584,40.71354369879897,-74.00710693558435,12.179603967625466,84.0,85.0,44.07474843514803,32.1868,0.39285714285714285,0.17857142857142858,0.047619047619047616,1.2566426014802305,1.0,618.0334146641707,0,0,0,0,1,7.0,0,0,18.5,77.5,0.0,8.149999999999999,,31.0
914.893810271263,9.692178152546164,208.1474143867993,MANHATTAN,hospital_bay,40.7904119838,-73.9528590584,40.71354369879897,-74.00710693558435,12.179603967625466,84.0,85.0,44.07474843514803,32.1868,0.39285714285714285,0.17857142857142858,0.047619047619047616,1.2566426014802305,1.0,774.7250104192018,12,1,0,0,0,3.0,0,0,26.299999999999997,53.5,0.0,11.7,,61.5
914.893810271263,9.692178152546164,208.1474143867993,MANHATTAN,hospital_bay,40.7904119838,-73.9528590584,40.71354369879897,-74.00710693558435,12.179603967625466,84.0,85.0,44.07474843514803,32.1868,0.39285714285714285,0.17857142857142858,0.047619047619047616,1.2566426014802305,1.0,698.4190057228308,22,1,0,0,1,4.0,0,0,20.6,84.5,0.0,6.75,,99.5
914.893810271263,9.692178152546164,208.1474143867993,MANHATTAN,hospital_bay,40.7904119838,-73.9528590584,40.71354369879897,-74.00710693558435,12.179603967625466,84.0,85.0,44.07474843514803,32.1868,0.39285714285714285,0.17857142857142858,0.047619047619047616,1.2566426014802305,1.0,710.2154612501265,23,1,0,0,1,7.0,0,0,20.049999999999997,85.5,0.0,6.4,,55.0
914.893810271263,9.692178152546164,208.1474143867993,MANHATTAN,hospital_bay,40.7904119838,-73.9528590584,40.71354369879897,-74.00710693558435,12.179603967625466,84.0,85.0,44.07474843514803,32.1868,0.39285714285714285,0.17857142857142858,0.047619047619047616,1.2566426014802305,1.0,540.2541416135743,4,4,0,0,1,5.0,0,0,16.65,89.0,0.0,7.1,,54.0
916.4259073110277,9.269997823971076,197.56926189768504,QUEENS,hospital_bay,40.755531,-73.815475,40.676047998092066,-73.84865647201624,13.572779726050193,91.0,92.0,50.09885749366512,38.73060232089916,0.5714285714285714,0.13186813186813187,0.16483516483516483,1.4641621264411357,1.0,711.8781923757092,15,2,0,0,0,4.0,1,0,26.15,52.0,2.581458460979801,13.25,,97.5
916.4259073110277,9.269997823971076,197.56926189768504,QUEENS,hospital_bay,40.755531,-73.815475,40.676047998092066,-73.84865647201624,13.572779726050193,91.0,92.0,50.09885749366512,38.73060232089916,0.5714285714285714,0.13186813186813187,0.16483516483516483,1.4641621264411357,1.0,703.4590987456717,1,0,0,0,1,3.0,0,1,17.0,82.0,0.0,8.7,,60.5
916.4259073110277,9.269997823971076,197.56926189768504,QUEENS,hospital_bay,40.755531,-73.815475,40.676047998092066,-73.84865647201624,13.572779726050193,91.0,92.0,50.09885749366512,38.73060232089916,0.5714285714285714,0.13186813186813187,0.16483516483516483,1.4641621264411357,1.0,1066.1232797291216,18,1,0,1,0,2.0,0,0,25.55,61.5,0.0,14.35,,92.0
916.4259073110277,9.269997823971076,197.56926189768504,QUEENS,hospital_bay,40.755531,-73.815475,40.676047998092066,-73.84865647201624,13.572779726050193,91.0,92.0,50.09885749366512,38.73060232089916,0.5714285714285714,0.13186813186813187,0.16483516483516483,1.4641621264411357,1.0,518.0056824795586,0,6,1,0,1,2.0,1,0,18.5,77.5,0.6351119339203717,8.149999999999999,,31.0
916.4259073110277,9.269997823971076,197.56926189768504,QUEENS,hospital_bay,40.755531,-73.815475,40.676047998092066,-73.84865647201624,13.572779726050193,91.0,92.0,50.09885749366512,38.73060232089916,0.5714285714285714,0.13186813186813187,0.16483516483516483,1.4641621264411357,1.0,796.6575940991438,13,3,0,0,0,3.0,0,0,27.0,51.0,0.0,13.35,,72.0
916.4259073110277,9.269997823971076,197.56926189768504,QUEENS,hospital_bay,40.755531,-73.815475,40.676047998092066,-73.84865647201624,13.572779726050193,91.0,92.0,50.09885749366512,38.73060232089916,0.5714285714285714,0.13186813186813187,0.16483516483516483,1.4641621264411357,1.0,735.9249514611279,15,0,0,0,0,7.0,0,0,26.15,52.0,0.0,13.25,,97.5
916.4259073110277,9.269997823971076,197.56926189768504,QUEENS,hospital_bay,40.755531,-73.815475,40.676047998092066,-73.84865647201624,13.572779726050193,91.0,92.0,50.09885749366512,38.73060232089916,0.5714285714285714,0.13186813186813187,0.16483516483516483,1.4641621264411357,1.0,554.4320142105007,0,1,0,0,1,6.0,0,0,18.5,77.5,0.0,8.149999999999999,,31.0
916.4259073110277,9.269997823971076,197.56926189768504,QUEENS,hospital_bay,40.755531,-73.815475,40.676047998092066,-73.84865647201624,13.572779726050193,91.0,92.0,50.09885749366512,38.73060232089916,0.5714285714285714,0.13186813186813187,0.16483516483516483,1.4641621264411357,1.0,667.5739632221755,4,6,1,0,1,5.0,0,0,16.65,89.0,0.0,7.1,,54.0
916.4259073110277,9.269997823971076,197.56926189768504,QUEENS,hospital_bay,40.755531,-73.815475,40.676047998092066,-73.84865647201624,13.572779726050193,91.0,92.0,50.09885749366512,38.73060232089916,0.5714285714285714,0.13186813186813187,0.16483516483516483,1.4641621264411357,1.0,757.2833953507463,22,2,0,0,1,6.0,0,0,20.6,84.5,0.0,6.75,,99.5
916.4259073110277,9.269997823971076,197.56926189768504,QUEENS,hospital_bay,40.755531,-73.815475,40.676047998092066,-73.84865647201624,13.572779726050193,91.0,92.0,50.09885749366512,38.73060232089916,0.5714285714285714,0.13186813186813187,0.16483516483516483,1.4641621264411357,1.0,693.8913203659804,11,2,0,0,0,6.0,0,0,25.0,56.0,0.0,9.55,,45.5
916.4259073110277,9.269997823971076,197.56926189768504,QUEENS,hospital_bay,40.755531,-73.815475,40.676047998092066,-73.84865647201624,13.572779726050193,91.0,92.0,50.09885749366512,38.73060232089916,0.5714285714285714,0.13186813186813187,0.16483516483516483,1.4641621264411357,1.0,630.9781570663404,0,5,1,0,1,5.0,0,0,18.5,77.5,0.0,8.149999999999999,,31.0
916.4259073110277,9.269997823971076,197.56926189768504,QUEENS,hospital_bay,40.755531,-73.815475,40.676047998092066,-73.84865647201624,13.572779726050193,91.0,92.0,50.09885749366512,38.73060232089916,0.5714285714285714,0.13186813186813187,0.16483516483516483,1.4641621264411357,1.0,629.4111622348296,20,4,0,0,0,4.0,0,0,22.5,71.5,0.0,10.25,,81.5
916.4259073110277,9.269997823971076,197.56926189768504,QUEENS,hospital_bay,40.755531,-73.815475,40.676047998092066,-73.84865647201624,13.572779726050193,91.0,92.0,50.09885749366512,38.73060232089916,0.5714285714285714,0.13186813186813187,0.16483516483516483,1.4641621264411357,1.0,693.1525433021322,14,3,0,0,0,5.0,0,0,26.8,48.5,0.0,11.8,,83.0
916.4259073110277,9.269997823971076,197.56926189768504,QUEENS,hospital_bay,40.755531,-73.815475,40.676047998092066,-73.84865647201624,13.572779726050193,91.0,92.0,50.09885749366512,38.73060232089916,0.5714285714285714,0.13186813186813187,0.16483516483516483,1.4641621264411357,1.0,939.2621137121057,13,3,0,0,0,7.0,0,1,27.0,51.0,0.0,13.35,,72.0
916.4259073110277,9.269997823971076,197.56926189768504,QUEENS,hospital_bay,40.755531,-73.815475,40.676047998092066,-73.84865647201624,13.572779726050193,91.0,92.0,50.09885749366512,38.73060232089916,0.5714285714285714,0.13186813186813187,0.16483516483516483,1.4641621264411357,1.0,651.7758684627211,4,6,1,0,1,5.0,1,0,16.65,89.0,2.9165644031955615,7.1,,54.0
540.8287677557008,5.839677898954642,277.60154641140684,BROOKLYN,ems_station,40.674488,-73.911413,40.68141485303249,-73.98005709840152,6.6656501877958885,48.0,49.0,43.54292269417732,38.73060232089916,0.7083333333333334,0.0,0.0625,1.1414414122034202,1.0,281.073225267863,5,1,0,0,1,7.0,1,0,16.25,91.5,1.9187191162652324,7.1499999999999995,,46.5
540.8287677557008,5.839677898954642,277.60154641140684,BROOKLYN,ems_station,40.674488,-73.911413,40.68141485303249,-73.98005709840152,6.6656501877958885,48.0,49.0,43.54292269417732,38.73060232089916,0.7083333333333334,0.0,0.0625,1.1414414122034202,1.0,383.57602123848096,13,2,0,0,0,4.0,0,0,27.0,51.0,0.0,13.35,,72.0
540.8287677557008,5.839677898954642,277.60154641140684,BROOKLYN,ems_station,40.674488,-73.911413,40.68141485303249,-73.98005709840152,6.6656501877958885,48.0,49.0,43.54292269417732,38.73060232089916,0.7083333333333334,0.0,0.0625,1.1414414122034202,1.0,594.4368167955397,17,4,0,1,0,2.0,0,0,24.8,58.5,0.0,15.55,,82.5
540.8287677557008,5.839677898954642,277.60154641140684,BROOKLYN,ems_station,40.674488,-73.911413,40.68141485303249,-73.98005709840152,6.6656501877958885,48.0,49.0,43.54292269417732,38.73060232089916,0.7083333333333334,0.0,0.0625,1.1414414122034202,1.0,689.5200377005874,17,2,0,1,0,5.0,0,0,24.8,58.5,0.0,15.55,,82.5
540.8287677557008,5.839677898954642,277.60154641140684,BROOKLYN,ems_station,40.674488,-73.911413,40.68141485303249,-73.98005709840152,6.6656501877958885,48.0,49.0,43.54292269417732,38.73060232089916,0.7083333333333334,0.0,0.0625,1.1414414122034202,1.0,429.8861784733121,23,2,0,0,1,3.0,0,0,20.049999999999997,85.5,0.0,6.4,,55.0
540.8287677557008,5.839677898954642,277.60154641140684,BROOKLYN,ems_station,40.674488,-73.911413,40.68141485303249,-73.98005709840152,6.6656501877958885,48.0,49.0,43.54292269417732,38.73060232089916,0.7083333333333334,0.0,0.0625,1.1414414122034202,1.0,289.04824448562533,5,1,0,0,1,2.0,0,0,16.25,91.5,0.0,7.1499999999999995,,46.5
540.8287677557008,5.839677898954642,277.60154641140684,BROOKLYN,ems_station,40.674488,-73.911413,40.68141485303249,-73.98005709840152,6.6656501877958885,48.0,49.0,43.54292269417732,38.73060232089916,0.7083333333333334,0.0,0.0625,1.1414414122034202,1.0,564.5535289782922,18,4,0,1,0,3.0,0,0,25.55,61.5,0.0,14.35,,92.0
540.8287677557008,5.839677898954642,277.60154641140684,BROOKLYN,ems_station,40.674488,-73.911413,40.68141485303249,-73.98005709840152,6.6656501877958885,48.0,49.0,43.54292269417732,38.73060232089916,0.7083333333333334,0.0,0.0625,1.1414414122034202,1.0,420.6501094520438,14,6,1,0,0,5.0,0,0,26.8,48.5,0.0,11.8,,83.0
540.8287677557008,5.839677898954642,277.60154641140684,BROOKLYN,ems_station,40.674488,-73.911413,40.68141485303249,-73.98005709840152,6.6656501877958885,48.0,49.0,43.54292269417732,38.73060232089916,0.7083333333333334,0.0,0.0625,1.1414414122034202,1.0,397.2200584775098,20,2,0,0,0,4.0,0,0,22.5,71.5,0.0,10.25,,81.5
540.8287677557008,5.839677898954642,277.60154641140684,BROOKLYN,ems_station,40.674488,-73.911413,40.68141485303249,-73.98005709840152,6.6656501877958885,48.0,49.0,43.54292269417732,38.73060232089916,0.7083333333333334,0.0,0.0625,1.1414414122034202,1.0,315.95530336085835,1,2,0,0,1,5.0,0,0,17.0,82.0,0.0,8.7,,60.5
540.8287677557008,5.839677898954642,277.60154641140684,BROOKLYN,ems_station,40.674488,-73.911413,40.68141485303249,-73.98005709840152,6.6656501877958885,48.0,49.0,43.54292269417732,38.73060232089916,0.7083333333333334,0.0,0.0625,1.1414414122034202,1.0,338.53205688781014,0,5,1,0,1,4.0,0,0,18.5,77.5,0.0,8.149999999999999,,31.0
540.8287677557008,5.839677898954642,277.60154641140684,BROOKLYN,ems_station,40.674488,-73.911413,40.68141485303249,-73.98005709840152,6.6656501877958885,48.0,49.0,43.54292269417732,38.73060232089916,0.7083333333333334,0.0,0.0625,1.1414414122034202,1.0,450.1785133721558,22,3,0,0,1,6.0,1,0,20.6,84.5,2.125095018307641,6.75,,99.5
540.8287677557008,5.839677898954642,277.60154641140684,BROOKLYN,ems_station,40.674488,-73.911413,40.68141485303249,-73.98005709840152,6.6656501877958885,48.0,49.0,43.54292269417732,38.73060232089916,0.7083333333333334,0.0,0.0625,1.1414414122034202,1.0,426.3475800020658,13,3,0,0,0,3.0,0,0,27.0,51.0,0.0,13.35,,72.0
540.8287677557008,5.839677898954642,277.60154641140684,BROOKLYN,ems_station,40.674488,-73.911413,40.68141485303249,-73.98005709840152,6.6656501877958885,48.0,49.0,43.54292269417732,38.73060232089916,0.7083333333333334,0.0,0.0625,1.1414414122034202,1.0,383.09624613838025,3,1,0,0,1,3.0,1,0,16.85,84.5,1.2464104080705838,8.55,,77.5
540.8287677557008,5.839677898954642,277.60154641140684,BROOKLYN,ems_station,40.674488,-73.911413,40.68141485303249,-73.98005709840152,6.6656501877958885,48.0,49.0,43.54292269417732,38.73060232089916,0.7083333333333334,0.0,0.0625,1.1414414122034202,1.0,605.2187891326377,18,2,0,1,0,2.0,0,0,25.55,61.5,0.0,14.35,,92.0
720.8962855242296,10.672605993758259,120.7734948872922,BRONX,ems_station,40.836342,-73.920365,40.78718249295348,-73.81144659695411,13.86062164539924,45.0,46.0,58.656669412665636,41.72978719008264,0.022222222222222223,0.4444444444444444,0.0,1.2987101419752076,1.0,429.90670300511675,0,5,1,0,1,6.0,0,0,18.5,77.5,0.0,8.149999999999999,,31.0
720.8962855242296,10.672605993758259,120.7734948872922,BRONX,ems_station,40.836342,-73.920365,40.78718249295348,-73.81144659695411,13.86062164539924,45.0,46.0,58.656669412665636,41.72978719008264,0.022222222222222223,0.4444444444444444,0.0,1.2987101419752076,1.0,378.5472315985706,3,4,0,0,1,2.0,0,0,16.85,84.5,0.0,8.55,,77.5
720.8962855242296,10.672605993758259,120.7734948872922,BRONX,ems_station,40.836342,-73.920365,40.78718249295348,-73.81144659695411,13.86062164539924,45.0,46.0,58.656669412665636,41.72978719008264,0.022222222222222223,0.4444444444444444,0.0,1.2987101419752076,1.0,702.1762355707032,12,5,1,0,0,2.0,0,1,26.299999999999997,53.5,0.0,11.7,,61.5
720.8962855242296,10.672605993758259,120.7734948872922,BRONX,ems_station,40.836342,-73.920365,40.78718249295348,-73.81144659695411,13.86062164539924,45.0,46.0,58.656669412665636,41.72978719008264,0.022222222222222223,0.4444444444444444,0.0,1.2987101419752076,1.0,439.2709279574777,5,6,1,0,1,6.0,0,0,16.25,91.5,0.0,7.1499999999999995,,46.5
720.8962855242296,10.672605993758259,120.7734948872922,BRONX,ems_station,40.836342,-73.920365,40.78718249295348,-73.81144659695411,13.86062164539924,45.0,46.0,58.656669412665636,41.72978719008264,0.022222222222222223,0.4444444444444444,0.0,1.2987101419752076,1.0,853.0885438861618,6,6,1,0,0,7.0,1,0,16.2,93.0,1.7315658052190108,7.800000000000001,,66.0
720.8962855242296,10.672605993758259,120.7734948872922,BRONX,ems_station,40.836342,-73.920365,40.78718249295348,-73.81144659695411,13.86062164539924,45.0,46.0,58.656669412665636,41.72978719008264,0.022222222222222223,0.4444444444444444,0.0,1.2987101419752076,1.0,946.3664095517897,19,0,0,1,0,4.0,1,0,25.25,64.5,2.5594329408109493,12.0,,100.0
720.8962855242296,10.672605993758259,120.7734948872922,BRONX,ems_station,40.836342,-73.920365,40.78718249295348,-73.81144659695411,13.86062164539924,45.0,46.0,58.656669412665636,41.72978719008264,0.022222222222222223,0.4444444444444444,0.0,1.2987101419752076,1.0,494.8354222818541,23,3,0,0,1,2.0,0,0,20.049999999999997,85.5,0.0,6.4,,55.0
720.8962855242296,10.672605993758259,120.7734948872922,BRONX,ems_station,40.836342,-73.920365,40.78718249295348,-73.81144659695411,13.86062164539924,45.0,46.0,58.656669412665636,41.72978719008264,0.022222222222222223,0.4444444444444444,0.0,1.2987101419752076,1.0,899.5396279196292,17,6,1,1,0,7.0,0,0,24.8,58.5,0.0,15.55,,82.5
720.8962855242296,10.672605993758259,120.7734948872922,BRONX,ems_station,40.836342,-73.920365,40.78718249295348,-73.81144659695411,13.86062164539924,45.0,46.0,58.656669412665636,41.72978719008264,0.022222222222222223,0.4444444444444444,0.0,1.2987101419752076,1.0,724.3929109209794,6,6,1,0,0,2.0,0,0,16.2,93.0,0.0,7.800000000000001,,66.0
720.8962855242296,10.672605993758259,120.7734948872922,BRONX,ems_station,40.836342,-73.920365,40.78718249295348,-73.81144659695411,13.86062164539924,45.0,46.0,58.656669412665636,41.72978719008264,0.022222222222222223,0.4444444444444444,0.0,1.2987101419752076,1.0,423.5271607479067,21,5,1,0,0,5.0,0,0,21.200000000000003,75.0,0.0,7.199999999999999,,99.5
720.8962855242296,10.672605993758259,120.7734948872922,BRONX,ems_station,40.836342,-73.920365,40.78718249295348,-73.81144659695411,13.86062164539924,45.0,46.0,58.656669412665636,41.72978719008264,0.022222222222222223,0.4444444444444444,0.0,1.2987101419752076,1.0,513.7436797706828,20,2,0,0,0,7.0,0,0,22.5,71.5,0.0,10.25,,81.5
720.8962855242296,10.672605993758259,120.7734948872922,BRONX,ems_station,40.836342,-73.920365,40.78718249295348,-73.81144659695411,13.86062164539924,45.0,46.0,58.656669412665636,41.72978719008264,0.022222222222222223,0.4444444444444444,0.0,1.2987101419752076,1.0,803.6152800911153,16,1,0,1,0,3.0,0,0,25.35,53.5,0.0,14.850000000000001,,97.0
720.8962855242296,10.672605993758259,120.7734948872922,BRONX,ems_station,40.836342,-73.920365,40.78718249295348,-73.81144659695411,13.86062164539924,45.0,46.0,58.656669412665636,41.72978719008264,0.022222222222222223,0.4444444444444444,0.0,1.2987101419752076,1.0,478.2652626768873,0,1,0,0,1,4.0,0,0,18.5,77.5,0.0,8.149999999999999,,31.0
720.8962855242296,10.672605993758259,120.7734948872922,BRONX,ems_station,40.836342,-73.920365,40.78718249295348,-73.81144659695411,13.86062164539924,45.0,46.0,58.656669412665636,41.72978719008264,0.022222222222222223,0.4444444444444444,0.0,1.2987101419752076,1.0,691.944887164041,9,2,0,1,0,4.0,0,0,21.9,64.5,0.0,8.5,,50.0
720.8962855242296,10.672605993758259,120.7734948872922,BRONX,ems_station,40.836342,-73.920365,40.78718249295348,-73.81144659695411,13.86062164539924,45.0,46.0,58.656669412665636,41.72978719008264,0.022222222222222223,0.4444444444444444,0.0,1.2987101419752076,1.0,724.3638407692221,17,4,0,1,0,2.0,0,0,24.8,58.5,0.0,15.55,,82.5
521.499680317811,6.8021343314458536,22.587352320438526,MANHATTAN,hospital_bay,40.7629136004,-73.9563756902,40.81939022762444,-73.92532803861734,8.704161683131405,25.0,26.0,55.57331667454669,38.73060232089916,0.16,0.48,0.16,1.279622139023717,1.0,624.4635315844795,17,3,0,1,0,2.0,1,0,24.8,58.5,2.291910443524751,15.55,,82.5
521.499680317811,6.8021343314458536,22.587352320438526,MANHATTAN,hospital_bay,40.7629136004,-73.9563756902,40.81939022762444,-73.92532803861734,8.704161683131405,25.0,26.0,55.57331667454669,38.73060232089916,0.16,0.48,0.16,1.279622139023717,1.0,398.8115786325933,11,5,1,0,0,3.0,0,0,25.0,56.0,0.0,9.55,,45.5
521.499680317811,6.8021343314458536,22.587352320438526,MANHATTAN,hospital_bay,40.7629136004,-73.9563756902,40.81939022762444,-73.92532803861734,8.704161683131405,25.0,26.0,55.57331667454669,38.73060232089916,0.16,0.48,0.16,1.279622139023717,1.0,577.1432169499873,9,4,0,1,0,6.0,0,0,21.9,64.5,0.0,8.5,,50.0
521.499680317811,6.8021343314458536,22.587352320438526,MANHATTAN,hospital_bay,40.7629136004,-73.9563756902,40.81939022762444,-73.92532803861734,8.704161683131405,25.0,26.0,55.57331667454669,38.73060232089916,0.16,0.48,0.16,1.279622139023717,1.0,385.9181697005051,23,3,0,0,1,6.0,0,0,20.049999999999997,85.5,0.0,6.4,,55.0
521.499680317811,6.8021343314458536,22.587352320438526,MANHATTAN,hospital_bay,40.7629136004,-73.9563756902,40.81939022762444,-73.92532803861734,8.704161683131405,25.0,26.0,55.57331667454669,38.73060232089916,0.16,0.48,0.16,1.279622139023717,1.0,350.91274301632666,1,4,0,0,1,7.0,1,0,17.0,82.0,0.8726970551829968,8.7,,60.5
521.499680317811,6.8021343314458536,22.587352320438526,MANHATTAN,hospital_bay,40.7629136004,-73.9563756902,40.81939022762444,-73.92532803861734,8.704161683131405,25.0,26.0,55.57331667454669,38.73060232089916,0.16,0.48,0.16,1.279622139023717,1.0,558.5844557435977,6,0,0,0,0,6.0,0,0,16.2,93.0,0.0,7.800000000000001,,66.0
521.499680317811,6.8021343314458536,22.587352320438526,MANHATTAN,hospital_bay,40.7629136004,-73.9563756902,40.81939022762444,-73.92532803861734,8.704161683131405,25.0,26.0,55.57331667454669,38.73060232089916,0.16,0.48,0.16,1.279622139023717,1.0,431.9901658729204,10,6,1,0,0,4.0,0,0,23.55,61.0,0.0,9.25,,21.5
521.499680317811,6.8021343314458536,22.587352320438526,MANHATTAN,hospital_bay,40.7629136004,-73.9563756902,40.81939022762444,-73.92532803861734,8.704161683131405,25.0,26.0,55.57331667454669,38.73060232089916,0.16,0.48,0.16,1.279622139023717,1.0,577.6215456495654,8,1,0,1,0,3.0,0,0,19.8,76.5,0.0,7.699999999999999,,58.5
521.499680317811,6.8021343314458536,22.587352320438526,MANHATTAN,hospital_bay,40.7629136004,-73.9563756902,40.81939022762444,-73.92532803861734,8.704161683131405,25.0,26.0,55.57331667454669,38.73060232089916,0.16,0.48,0.16,1.279622139023717,1.0,337.043262873947,1,5,1,0,1,5.0,0,0,17.0,82.0,0.0,8.7,,60.5
521.499680317811,6.8021343314458536,22.587352320438526,MANHATTAN,hospital_bay,40.7629136004,-73.9563756902,40.81939022762444,-73.92532803861734,8.704161683131405,25.0,26.0,55.57331667454669,38.73060232089916,0.16,0.48,0.16,1.279622139023717,1.0,434.851926929911,12,5,1,0,0,6.0,0,0,26.299999999999997,53.5,0.0,11.7,,61.5
521.499680317811,6.8021343314458536,22.587352320438526,MANHATTAN,hospital_bay,40.7629136004,-73.9563756902,40.81939022762444,-73.92532803861734,8.704161683131405,25.0,26.0,55.57331667454669,38.73060232089916,0.16,0.48,0.16,1.279622139023717,1.0,698.5661171805189,17,5,1,1,0,6.0,0,0,24.8,58.5,0.0,15.55,,82.5
521.499680317811,6.8021343314458536,22.587352320438526,MANHATTAN,hospital_bay,40.7629136004,-73.9563756902,40.81939022762444,-73.92532803861734,8.704161683131405,25.0,26.0,55.57331667454669,38.73060232089916,0.16,0.48,0.16,1.279622139023717,1.0,574.1792439685951,7,5,1,1,0,4.0,1,0,18.049999999999997,86.5,0.2957023505991284,9.75,,63.0
521.499680317811,6.8021343314458536,22.587352320438526,MANHATTAN,hospital_bay,40.7629136004,-73.9563756902,40.81939022762444,-73.92532803861734,8.704161683131405,25.0,26.0,55.57331667454669,38.73060232089916,0.16,0.48,0.16,1.279622139023717,1.0,632.3030876219949,17,5,1,1,0,6.0,0,0,24.8,58.5,0.0,15.55,,82.5
521.499680317811,6.8021343314458536,22.587352320438526,MANHATTAN,hospital_bay,40.7629136004,-73.9563756902,40.81939022762444,-73.92532803861734,8.704161683131405,25.0,26.0,55.57331667454669,38.73060232089916,0.16,0.48,0.16,1.279622139023717,1.0,484.3614678565225,14,2,0,0,0,7.0,1,0,26.8,48.5,0.9425976771151847,11.8,,83.0
521.499680317811,6.8021343314458536,22.587352320438526,MANHATTAN,hospital_bay,40.7629136004,-73.9563756902,40.81939022762444,-73.92532803861734,8.704161683131405,25.0,26.0,55.57331667454669,38.73060232089916,0.16,0.48,0.16,1.279622139023717,1.0,398.8659721470118,20,0,0,0,0,4.0,0,0,22.5,71.5,0.0,10.25,,81.5
1171.4348750743109,11.45134253923334,350.1385558117544,BROOKLYN,hospital_bay,40.6566460111,-73.9449347538,40.758106456852204,-73.9682197312134,13.864248563503594,126.0,127.0,40.79942422324033,38.73060232089916,0.7857142857142857,0.0,0.03968253968253968,1.2107094444169686,1.0,873.8343056355226,21,2,0,0,0,6.0,0,0,21.200000000000003,75.0,0.0,7.199999999999999,,99.5
1171.4348750743109,11.45134253923334,350.1385558117544,BROOKLYN,hospital_bay,40.6566460111,-73.9449347538,40.758106456852204,-73.9682197312134,13.864248563503594,126.0,127.0,40.79942422324033,38.73060232089916,0.7857142857142857,0.0,0.03968253968253968,1.2107094444169686,1.0,1300.714016773346,8,0,0,1,0,5.0,0,0,19.8,76.5,0.0,7.699999999999999,,58.5
1171.4348750743109,11.45134253923334,350.1385558117544,BROOKLYN,hospital_bay,40.6566460111,-73.9449347538,40.758106456852204,-73.9682197312134,13.864248563503594,126.0,127.0,40.79942422324033,38.73060232089916,0.7857142857142857,0.0,0.03968253968253968,1.2107094444169686,1.0,701.8578125021974,3,5,1,0,1,4.0,0,0,16.85,84.5,0.0,8.55,,77.5
1171.4348750743109,11.45134253923334,350.1385558117544,BROOKLYN,hospital_bay,40.6566460111,-73.9449347538,40.758106456852204,-73.9682197312134,13.864248563503594,126.0,127.0,40.79942422324033,38.73060232089916,0.7857142857142857,0.0,0.03968253968253968,1.2107094444169686,1.0,1073.748316859385,11,4,0,0,0,7.0,1,0,25.0,56.0,0.6759398593482,9.55,,45.5
1171.4348750743109,11.45134253923334,350.1385558117544,BROOKLYN,hospital_bay,40.6566460111,-73.9449347538,40.758106456852204,-73.9682197312134,13.864248563503594,126.0,127.0,40.79942422324033,38.73060232089916,0.7857142857142857,0.0,0.03968253968253968,1.2107094444169686,1.0,1026.3476431691392,20,4,0,0,0,3.0,0,0,22.5,71.5,0.0,10.25,,81.5
1171.4348750743109,11.45134253923334,350.1385558117544,BROOKLYN,hospital_bay,40.6566460111,-73.9449347538,40.758106456852204,-73.9682197312134,13.864248563503594,126.0,127.0,40.79942422324033,38.73060232089916,0.7857142857142857,0.0,0.03968253968253968,1.2107094444169686,1.0,1319.2533069619476,8,2,0,1,0,5.0,1,0,19.8,76.5,2.4845234032966634,7.699999999999999,,58.5
1171.4348750743109,11.45134253923334,350.1385558117544,BROOKLYN,hospital_bay,40.6566460111,-73.9449347538,40.758106456852204,-73.9682197312134,13.864248563503594,126.0,127.0,40.79942422324033,38.73060232089916,0.7857142857142857,0.0,0.03968253968253968,1.2107094444169686,1.0,1302.0982821864704,17,3,0,1,0,5.0,0,0,24.8,58.5,0.0,15.55,,82.5
1171.4348750743109,11.45134253923334,350.1385558117544,BROOKLYN,hospital_bay,40.6566460111,-73.9449347538,40.758106456852204,-73.9682197312134,13.864248563503594,126.0,127.0,40.79942422324033,38.73060232089916,0.7857142857142857,0.0,0.03968253968253968,1.2107094444169686,1.0,1176.7309472644572,9,1,0,1,0,7.0,0,0,21.9,64.5,0.0,8.5,,50.0
1171.4348750743109,11.45134253923334,350.1385558117544,BROOKLYN,hospital_bay,40.6566460111,-73.9449347538,40.758106456852204,-73.9682197312134,13.864248563503594,126.0,127.0,40.79942422324033,38.73060232089916,0.7857142857142857,0.0,0.03968253968253968,1.2107094444169686,1.0,780.0929151513055,21,5,1,0,0,4.0,0,0,21.200000000000003,75.0,0.0,7.199999999999999,,99.5
1171.4348750743109,11.45134253923334,350.1385558117544,BROOKLYN,hospital_bay,40.6566460111,-73.9449347538,40.758106456852204,-73.9682197312134,13.864248563503594,126.0,127.0,40.79942422324033,38.73060232089916,0.7857142857142857,0.0,0.03968253968253968,1.2107094444169686,1.0,1464.3108757370142,17,5,1,1,0,7.0,0,0,24.8,58.5,0.0,15.55,,82.5
1171.4348750743109,11.45134253923334,350.1385558117544,BROOKLYN,hospital_bay,40.6566460111,-73.9449347538,40.758106456852204,-73.9682197312134,13.864248563503594,126.0,127.0,40.79942422324033,38.73060232089916,0.7857142857142857,0.0,0.03968253968253968,1.2107094444169686,1.0,995.4085812168165,10,0,0,0,0,7.0,1,0,23.55,61.0,2.8529805261253975,9.25,,21.5
1171.4348750743109,11.45134253923334,350.1385558117544,BROOKLYN,hospital_bay,40.6566460111,-73.9449347538,40.758106456852204,-73.9682197312134,13.864248563503594,126.0,127.0,40.79942422324033,38.73060232089916,0.7857142857142857,0.0,0.03968253968253968,1.2107094444169686,1.0,1254.3029739498038,7,4,0,1,0,4.0,0,0,18.049999999999997,86.5,0.0,9.75,,63.0
1171.4348750743109,11.45134253923334,350.1385558117544,BROOKLYN,hospital_bay,40.6566460111,-73.9449347538,40.758106456852204,-73.9682197312134,13.864248563503594,126.0,127.0,40.79942422324033,38.73060232089916,0.7857142857142857,0.0,0.03968253968253968,1.2107094444169686,1.0,1016.2307881782102,10,1,0,0,0,7.0,0,0,23.55,61.0,0.0,9.25,,21.5
1171.4348750743109,11.45134253923334,350.1385558117544,BROOKLYN,hospital_bay,40.6566460111,-73.9449347538,40.758106456852204,-73.9682197312134,13.864248563503594,126.0,127.0,40.79942422324033,38.73060232089916,0.7857142857142857,0.0,0.03968253968253968,1.2107094444169686,1.0,685.6801907154038,2,0,0,0,1,5.0,0,0,16.65,87.5,0.0,7.75,,65.5
1171.4348750743109,11.45134253923334,350.1385558117544,BROOKLYN,hospital_bay,40.6566460111,-73.9449347538,40.758106456852204,-73.9682197312134,13.864248563503594,126.0,127.0,40.79942422324033,38.73060232089916,0.7857142857142857,0.0,0.03968253968253968,1.2107094444169686,1.0,1211.0576783594804,8,5,1,1,0,7.0,0,0,19.8,76.5,0.0,7.699999999999999,,58.5
572.4313861568137,6.323446808832189,89.39819156645035,MANHATTAN,ems_station,40.842592,-73.935335,40.8431649108642,-73.86016672507611,8.634804687603966,57.0,58.0,45.871201120303645,40.2335,0.12280701754385964,0.14035087719298245,0.05263157894736842,1.3655218346335132,1.0,379.3782898400586,22,6,1,0,1,4.0,0,0,20.6,84.5,0.0,6.75,,99.5
572.4313861568137,6.323446808832189,89.39819156645035,MANHATTAN,ems_station,40.842592,-73.935335,40.8431649108642,-73.86016672507611,8.634804687603966,57.0,58.0,45.871201120303645,40.2335,0.12280701754385964,0.14035087719298245,0.05263157894736842,1.3655218346335132,1.0,466.90288074614756,12,1,0,0,0,5.0,0,0,26.299999999999997,53.5,0.0,11.7,,61.5
572.4313861568137,6.323446808832189,89.39819156645035,MANHATTAN,ems_station,40.842592,-73.935335,40.8431649108642,-73.86016672507611,8.634804687603966,57.0,58.0,45.871201120303645,40.2335,0.12280701754385964,0.14035087719298245,0.05263157894736842,1.3655218346335132,1.0,606.1345915118011,7,2,0,1,0,5.0,0,0,18.049999999999997,86.5,0.0,9.75,,63.0
572.4313861568137,6.323446808832189,89.39819156645035,MANHATTAN,ems_station,40.842592,-73.935335,40.8431649108642,-73.86016672507611,8.634804687603966,57.0,58.0,45.871201120303645,40.2335,0.12280701754385964,0.14035087719298245,0.05263157894736842,1.3655218346335132,1.0,555.8849248162184,9,2,0,1,0,2.0,0,0,21.9,64.5,0.0,8.5,,50.0
572.4313861568137,6.323446808832189,89.39819156645035,MANHATTAN,ems_station,40.842592,-73.935335,40.8431649108642,-73.86016672507611,8.634804687603966,57.0,58.0,45.871201120303645,40.2335,0.12280701754385964,0.14035087719298245,0.05263157894736842,1.3655218346335132,1.0,424.2472812780129,2,6,1,0,1,7.0,1,0,16.65,87.5,2.1552915420320464,7.75,,65.5
572.4313861568137,6.323446808832189,89.39819156645035,MANHATTAN,ems_station,40.842592,-73.935335,40.8431649108642,-73.86016672507611,8.634804687603966,57.0,58.0,45.871201120303645,40.2335,0.12280701754385964,0.14035087719298245,0.05263157894736842,1.3655218346335132,1.0,737.7805298276827,19,3,0,1,0,6.0,1,0,25.25,64.5,0.5543786179470888,12.0,,100.0
572.4313861568137,6.323446808832189,89.39819156645035,MANHATTAN,ems_station,40.842592,-73.935335,40.8431649108642,-73.86016672507611,8.634804687603966,57.0,58.0,45.871201120303645,40.2335,0.12280701754385964,0.14035087719298245,0.05263157894736842,1.3655218346335132,1.0,341.8831274321897,0,0,0,0,1,5.0,0,0,18.5,77.5,0.0,8.149999999999999,,31.0
572.4313861568137,6.323446808832189,89.39819156645035,MANHATTAN,ems_station,40.842592,-73.935335,40.8431649108642,-73.86016672507611,8.634804687603966,57.0,58.0,45.871201120303645,40.2335,0.12280701754385964,0.14035087719298245,0.05263157894736842,1.3655218346335132,1.0,675.0556353311862,17,5,1,1,0,4.0,0,0,24.8,58.5,0.0,15.55,,82.5
572.4313861568137,6.323446808832189,89.39819156645035,MANHATTAN,ems_station,40.842592,-73.935335,40.8431649108642,-73.86016672507611,8.634804687603966,57.0,58.0,45.871201120303645,40.2335,0.12280701754385964,0.14035087719298245,0.05263157894736842,1.3655218346335132,1.0,378.4107526324408,2,4,0,0,1,5.0,0,0,16.65,87.5,0.0,7.75,,65.5
572.4313861568137,6.323446808832189,89.39819156645035,MANHATTAN,ems_station,40.842592,-73.935335,40.8431649108642,-73.86016672507611,8.634804687603966,57.0,58.0,45.871201120303645,40.2335,0.12280701754385964,0.14035087719298245,0.05263157894736842,1.3655218346335132,1.0,312.372691010883,5,1,0,0,1,2.0,0,0,16.25,91.5,0.0,7.1499999999999995,,46.5
572.4313861568137,6.323446808832189,89.39819156645035,MANHATTAN,ems_station,40.842592,-73.935335,40.8431649108642,-73.86016672507611,8.634804687603966,57.0,58.0,45.871201120303645,40.2335,0.12280701754385964,0.14035087719298245,0.05263157894736842,1.3655218346335132,1.0,616.539312317884,16,3,0,1,0,2.0,0,0,25.35,53.5,0.0,14.850000000000001,,97.0
572.4313861568137,6.323446808832189,89.39819156645035,MANHATTAN,ems_station,40.842592,-73.935335,40.8431649108642,-73.86016672507611,8.634804687603966,57.0,58.0,45.871201120303645,40.2335,0.12280701754385964,0.14035087719298245,0.05263157894736842,1.3655218346335132,1.0,443.43034763282526,21,6,1,0,0,3.0,0,0,21.200000000000003,75.0,0.0,7.199999999999999,,99.5
572.4313861568137,6.323446808832189,89.39819156645035,MANHATTAN,ems_station,40.842592,-73.935335,40.8431649108642,-73.86016672507611,8.634804687603966,57.0,58.0,45.871201120303645,40.2335,0.12280701754385964,0.14035087719298245,0.05263157894736842,1.3655218346335132,1.0,457.92532164257045,14,4,0,0,0,3.0,0,0,26.8,48.5,0.0,11.8,,83.0
572.4313861568137,6.323446808832189,89.39819156645035,MANHATTAN,ems_station,40.842592,-73.935335,40.8431649108642,-73.86016672507611,8.634804687603966,57.0,58.0,45.871201120303645,40.2335,0.12280701754385964,0.14035087719298245,0.05263157894736842,1.3655218346335132,1.0,383.94955813353636,0,5,1,0,1,7.0,0,0,18.5,77.5,0.0,8.149999999999999,,31.0
572.4313861568137,6.323446808832189,89.39819156645035,MANHATTAN,ems_station,40.842592,-73.935335,40.8431649108642,-73.86016672507611,8.634804687603966,57.0,58.0,45.871201120303645,40.2335,0.12280701754385964,0.14035087719298245,0.05263157894736842,1.3655218346335132,1.0,360.64402845284127,5,6,1,0,1,4.0,0,0,16.25,91.5,0.0,7.1499999999999995,,46.5
155.10758020417703,1.5350726312124288,274.72213481779545,BRONX,hospital_bay,40.8170688541,-73.9245035525,40.81820392339041,-73.94268353273702,1.7406387617062549,17.0,18.0,40.67280676308099,38.73060232089916,0.0,0.0,0.11764705882352941,1.1339129669268262,1.0,116.80179181989524,10,4,0,0,0,3.0,0,0,23.55,61.0,0.0,9.25,,21.5
155.10758020417703,1.5350726312124288,274.72213481779545,BRONX,hospital_bay,40.8170688541,-73.9245035525,40.81820392339041,-73.94268353273702,1.7406387617062549,17.0,18.0,40.67280676308099,38.73060232089916,0.0,0.0,0.11764705882352941,1.1339129669268262,1.0,169.61779688677353,9,0,0,1,0,4.0,0,0,21.9,64.5,0.0,8.5,,50.0
155.10758020417703,1.5350726312124288,274.72213481779545,BRONX,hospital_bay,40.8170688541,-73.9245035525,40.81820392339041,-73.94268353273702,1.7406387617062549,17.0,18.0,40.67280676308099,38.73060232089916,0.0,0.0,0.11764705882352941,1.1339129669268262,1.0,94.43761790834331,4,5,1,0,1,2.0,0,0,16.65,89.0,0.0,7.1,,54.0
155.10758020417703,1.5350726312124288,274.72213481779545,BRONX,hospital_bay,40.8170688541,-73.9245035525,40.81820392339041,-73.94268353273702,1.7406387617062549,17.0,18.0,40.67280676308099,38.73060232089916,0.0,0.0,0.11764705882352941,1.1339129669268262,1.0,103.31324352121787,22,0,0,0,1,2.0,1,0,20.6,84.5,2.9608832806145458,6.75,,99.5
155.10758020417703,1.5350726312124288,274.72213481779545,BRONX,hospital_bay,40.8170688541,-73.9245035525,40.81820392339041,-73.94268353273702,1.7406387617062549,17.0,18.0,40.67280676308099,38.73060232089916,0.0,0.0,0.11764705882352941,1.1339129669268262,1.0,169.50010587459502,9,1,0,1,0,2.0,0,0,21.9,64.5,0.0,8.5,,50.0
