borobox,box_type,location,zip,borough,communitydistict,citycouncil,latitude,longitude,location_point,:@computed_region_efsh_h5xi,:@computed_region_f5dn_yrer,:@computed_region_yeji_bk3q,:@computed_region_92fq_4b7q,:@computed_region_sbqj_enih,zipcode,incident_volume,facname,factype,address,boro
X2588,ERS,CLAY AVE & E 168 ST,10456.0,BRONX,BX04,16.0,40.83257252,-73.91051469,"{'type': 'Point', 'coordinates': [-73.91051469, 40.83257252]}",10934.0,50.0,5.0,42.0,27.0,10456,740,CSL CLAY AVE & E 168 ST,SYNTHETIC_CSL,CLAY AVE & E 168 ST,BRONX
X4742,ERS,CLAY AVE & E 169 ST,10456.0,BRONX,BX04,16.0,40.8341879,-73.909573,"{'type': 'Point', 'coordinates': [-73.909573, 40.8341879]}",10934.0,50.0,5.0,42.0,27.0,10456,740,CSL CLAY AVE & E 169 ST,SYNTHETIC_CSL,CLAY AVE & E 169 ST,BRONX
X2340,ERS,FOREST AVE & E 161 ST,10456.0,BRONX,BX01,16.0,40.82137071,-73.90489653,"{'type': 'Point', 'coordinates': [-73.90489653, 40.82137071]}",10934.0,34.0,5.0,42.0,25.0,10456,740,CSL FOREST AVE & E 161 ST,SYNTHETIC_CSL,FOREST AVE & E 161 ST,BRONX
X2381,ERS,3 AVE & E 163 ST,10456.0,BRONX,BX03,17.0,40.82406664,-73.90870859,"{'type': 'Point', 'coordinates': [-73.90870859, 40.82406664]}",10934.0,34.0,5.0,43.0,25.0,10456,740,CSL 3 AVE & E 163 ST,SYNTHETIC_CSL,3 AVE & E 163 ST,BRONX
X2747,ERS,FULTON AVE & E 170 ST,10456.0,BRONX,BX03,16.0,40.83462212,-73.90185606,"{'type': 'Point', 'coordinates': [-73.90185606, 40.83462212]}",10934.0,34.0,5.0,42.0,25.0,10456,740,CSL FULTON AVE & E 170 ST,SYNTHETIC_CSL,FULTON AVE & E 170 ST,BRONX
M1290,ERS,FDR DR & E 107 ST,10029.0,MANHATTAN,MN11,8.0,40.78951095,-73.93750187,"{'type': 'Point', 'coordinates': [-73.93750187, 40.78951095]}",12426.0,7.0,4.0,35.0,14.0,10029,705,CSL FDR DR & E 107 ST,SYNTHETIC_CSL,FDR DR & E 107 ST,MANHATTAN
M1275,ERS,2 AVE & E 101 ST,10029.0,MANHATTAN,MN11,8.0,40.787442,-73.9447695,"{'type': 'Point', 'coordinates': [-73.9447695, 40.787442]}",12426.0,7.0,4.0,35.0,14.0,10029,705,CSL 2 AVE & E 101 ST,SYNTHETIC_CSL,2 AVE & E 101 ST,MANHATTAN
M1230,ERS,FDR DR & E 97 ST,10029.0,MANHATTAN,MN11,8.0,40.78363246,-73.94351861,"{'type': 'Point', 'coordinates': [-73.94351861, 40.78363246]}",12426.0,7.0,4.0,35.0,14.0,10029,705,CSL FDR DR & E 97 ST,SYNTHETIC_CSL,FDR DR & E 97 ST,MANHATTAN
M1378,ERS,LEXINGTON AVE & E 115 ST,10029.0,MANHATTAN,MN11,8.0,40.7979438,-73.94212011,"{'type': 'Point', 'coordinates': [-73.94212011, 40.7979438]}",12426.0,7.0,4.0,35.0,16.0,10029,705,CSL LEXINGTON AVE & E 115 ST,SYNTHETIC_CSL,LEXINGTON AVE & E 115 ST,MANHATTAN
M1262,ERS,3 AVE & E 100 ST,10029.0,MANHATTAN,MN11,5.0,40.78775317,-73.94746094,"{'type': 'Point', 'coordinates': [-73.94746094, 40.78775317]}",12426.0,7.0,4.0,35.0,14.0,10029,705,CSL 3 AVE & E 100 ST,SYNTHETIC_CSL,3 AVE & E 100 ST,MANHATTAN
B1759,ERS,SUNNYSIDE AVE & BARBEY ST,11207.0,BROOKLYN,BK05,37.0,40.68248486,-73.89028339,"{'type': 'Point', 'coordinates': [-73.89028339, 40.68248486]}",17214.0,45.0,2.0,37.0,47.0,11207,651,CSL SUNNYSIDE AVE & BARBEY ST,SYNTHETIC_CSL,SUNNYSIDE AVE & BARBEY ST,BROOKLYN
B1729,ERS,GLENMORE AVE & SHEFFIELD AVE,11207.0,BROOKLYN,BK05,37.0,40.67301661,-73.89716712,"{'type': 'Point', 'coordinates': [-73.89716712, 40.67301661]}",17214.0,45.0,2.0,37.0,47.0,11207,651,CSL GLENMORE AVE & SHEFFIELD AVE,SYNTHETIC_CSL,GLENMORE AVE & SHEFFIELD AVE,BROOKLYN
B2107,ERS,NEW LOTS AVE & HINSDALE ST,11207.0,BROOKLYN,BK05,42.0,40.65983319,-73.89759944,"{'type': 'Point', 'coordinates': [-73.89759944, 40.65983319]}",17214.0,45.0,2.0,25.0,47.0,11207,651,CSL NEW LOTS AVE & HINSDALE ST,SYNTHETIC_CSL,NEW LOTS AVE & HINSDALE ST,BROOKLYN
B1709,ERS,LIBERTY AVE & SNEDIKER AVE,11207.0,BROOKLYN,BK05,37.0,40.67357377,-73.90207722,"{'type': 'Point', 'coordinates': [-73.90207722, 40.67357377]}",17214.0,45.0,2.0,37.0,47.0,11207,651,CSL LIBERTY AVE & SNEDIKER AVE,SYNTHETIC_CSL,LIBERTY AVE & SNEDIKER AVE,BROOKLYN
B1905,ERS,LINDEN BLVD & WILLIAMS AVE,11207.0,BROOKLYN,BK05,42.0,40.65774692,-73.89610851,"{'type': 'Point', 'coordinates': [-73.89610851, 40.65774692]}",17214.0,45.0,2.0,25.0,47.0,11207,651,CSL LINDEN BLVD & WILLIAMS AVE,SYNTHETIC_CSL,LINDEN BLVD & WILLIAMS AVE,BROOKLYN
B2211,ERS,HOPKINSON AVE/BOYLAND ST & HEGEMAN AVE,11212.0,BROOKLYN,BK16,42.0,40.65593507,-73.91004188,"{'type': 'Point', 'coordinates': [-73.91004188, 40.65593507]}",17614.0,55.0,2.0,25.0,46.0,11212,618,CSL HOPKINSON AVE/BOYLAND ST & HEGEMAN AVE,SYNTHETIC_CSL,HOPKINSON AVE/BOYLAND ST & HEGEMAN AVE,BROOKLYN
B1662,ERS,BLAKE AVE & CHESTER ST,11212.0,BROOKLYN,BK16,41.0,40.66548902,-73.91062465,"{'type': 'Point', 'coordinates': [-73.91062465, 40.66548902]}",17614.0,55.0,2.0,17.0,46.0,11212,618,CSL BLAKE AVE & CHESTER ST,SYNTHETIC_CSL,BLAKE AVE & CHESTER ST,BROOKLYN
B1611,ERS,E NEW YORK AVE & ST MARKS AVE,11212.0,BROOKLYN,BK16,41.0,40.672948,-73.90925438,"{'type': 'Point', 'coordinates': [-73.90925438, 40.672948]}",17614.0,55.0,2.0,17.0,46.0,11212,618,CSL E NEW YORK AVE & ST MARKS AVE,SYNTHETIC_CSL,E NEW YORK AVE & ST MARKS AVE,BROOKLYN
B1696,ERS,LIVONIA AVE & SARATOGA AVE,11212.0,BROOKLYN,BK16,42.0,40.66157348,-73.91547732,"{'type': 'Point', 'coordinates': [-73.91547732, 40.66157348]}",17614.0,55.0,2.0,25.0,46.0,11212,618,CSL LIVONIA AVE & SARATOGA AVE,SYNTHETIC_CSL,LIVONIA AVE & SARATOGA AVE,BROOKLYN
B1670,ERS,BLAKE AVE 500' E OF ROCKAWAY AVE,11212.0,BROOKLYN,BK16,41.0,40.66571252,-73.9087103,"{'type': 'Point', 'coordinates': [-73.9087103, 40.66571252]}",17614.0,55.0,2.0,17.0,46.0,11212,618,CSL BLAKE AVE 500' E OF ROCKAWAY AVE,SYNTHETIC_CSL,BLAKE AVE 500' E OF ROCKAWAY AVE,BROOKLYN
X2954,ERS,BATHGATE AVE & E 176 ST,10457.0,BRONX,BX06,15.0,40.84564214,-73.8977025,"{'type': 'Point', 'coordinates': [-73.8977025, 40.84564214]}",10935.0,35.0,5.0,22.0,31.0,10457,578,CSL BATHGATE AVE & E 176 ST,SYNTHETIC_CSL,BATHGATE AVE & E 176 ST,BRONX
X2781,ERS,WEBSTER AVE & CLAREMONT PWAY,10457.0,BRONX,BX03,16.0,40.83979143,-73.90515859,"{'type': 'Point', 'coordinates': [-73.90515859, 40.83979143]}",10935.0,34.0,5.0,42.0,25.0,10457,578,CSL WEBSTER AVE & CLAREMONT PWAY,SYNTHETIC_CSL,WEBSTER AVE & CLAREMONT PWAY,BRONX
X4793,ERS,E/S PARK AVE & E 182 ST,10457.0,BRONX,BX06,15.0,40.8546611,-73.89505346,"{'type': 'Point', 'coordinates': [-73.89505346, 40.8546611]}",10935.0,35.0,5.0,22.0,31.0,10457,578,CSL E/S PARK AVE & E 182 ST,SYNTHETIC_CSL,E/S PARK AVE & E 182 ST,BRONX
X2940,ERS,WASHINGTON AVE & E 175 ST,10457.0,BRONX,BX06,15.0,40.84473793,-73.89934758,"{'type': 'Point', 'coordinates': [-73.89934758, 40.84473793]}",10935.0,35.0,5.0,22.0,31.0,10457,578,CSL WASHINGTON AVE & E 175 ST,SYNTHETIC_CSL,WASHINGTON AVE & E 175 ST,BRONX
X2983,ERS,E TREMONT AVE & ANTHONY AVE,10457.0,BRONX,BX05,15.0,40.84869243,-73.90328063,"{'type': 'Point', 'coordinates': [-73.90328063, 40.84869243]}",10935.0,6.0,5.0,22.0,29.0,10457,578,CSL E TREMONT AVE & ANTHONY AVE,SYNTHETIC_CSL,E TREMONT AVE & ANTHONY AVE,BRONX
X3468,ERS,ADEE AVE & OLINVILLE AVE,10467.0,BRONX,BX12,15.0,40.86968361,-73.86822921,"{'type': 'Point', 'coordinates': [-73.86822921, 40.86968361]}",11605.0,59.0,5.0,22.0,32.0,10467,578,CSL ADEE AVE & OLINVILLE AVE,SYNTHETIC_CSL,ADEE AVE & OLINVILLE AVE,BRONX
X3591,ERS,JEROME AVE & E 212 ST,10467.0,BRONX,BX07,11.0,40.88439063,-73.87995799,"{'type': 'Point', 'coordinates': [-73.87995799, 40.88439063]}",11605.0,27.0,5.0,40.0,33.0,10467,578,CSL JEROME AVE & E 212 ST,SYNTHETIC_CSL,JEROME AVE & E 212 ST,BRONX
X3499,ERS,WALLACE AVE & SOUTH OAK DR,10467.0,BRONX,BX12,12.0,40.87222258,-73.86424876,"{'type': 'Point', 'coordinates': [-73.86424876, 40.87222258]}",11605.0,29.0,5.0,22.0,30.0,10467,578,CSL WALLACE AVE & SOUTH OAK DR,SYNTHETIC_CSL,WALLACE AVE & SOUTH OAK DR,BRONX
X3634,ERS,BRONXWOOD AVE & E 214 ST,10467.0,BRONX,BX12,12.0,40.87836638,-73.85892378,"{'type': 'Point', 'coordinates': [-73.85892378, 40.87836638]}",11605.0,29.0,5.0,2.0,30.0,10467,578,CSL BRONXWOOD AVE & E 214 ST,SYNTHETIC_CSL,BRONXWOOD AVE & E 214 ST,BRONX
X3613,ERS,BARKER AVE & MAGENTA ST,10467.0,BRONX,BX12,12.0,40.8753293,-73.86921534,"{'type': 'Point', 'coordinates': [-73.86921534, 40.8753293]}",11605.0,29.0,5.0,2.0,30.0,10467,578,CSL BARKER AVE & MAGENTA ST,SYNTHETIC_CSL,BARKER AVE & MAGENTA ST,BRONX
X4762,ERS,W/S PARK AVE & E 186 ST,10458.0,BRONX,BX06,15.0,40.85790201,-73.89341592,"{'type': 'Point', 'coordinates': [-73.89341592, 40.85790201]}",10936.0,35.0,5.0,22.0,31.0,10458,564,CSL W/S PARK AVE & E 186 ST,SYNTHETIC_CSL,W/S PARK AVE & E 186 ST,BRONX
X3397,ERS,BRIGGS AVE & E 197 ST,10458.0,BRONX,BX07,15.0,40.86836792,-73.88980523,"{'type': 'Point', 'coordinates': [-73.88980523, 40.86836792]}",10936.0,24.0,5.0,22.0,34.0,10458,564,CSL BRIGGS AVE & E 197 ST,SYNTHETIC_CSL,BRIGGS AVE & E 197 ST,BRONX
X4776,ERS,CROTONA AVE & E FORDHAM RD,10458.0,BRONX,BX06,15.0,40.85728511,-73.88202608,"{'type': 'Point', 'coordinates': [-73.88202608, 40.85728511]}",10936.0,35.0,5.0,22.0,31.0,10458,564,CSL CROTONA AVE & E FORDHAM RD,SYNTHETIC_CSL,CROTONA AVE & E FORDHAM RD,BRONX
X3528,ERS,BRIGGS AVE & E MOSHOLU PWAY S,10458.0,BRONX,BX07,11.0,40.87295649,-73.88296699,"{'type': 'Point', 'coordinates': [-73.88296699, 40.87295649]}",10936.0,24.0,5.0,40.0,34.0,10458,564,CSL BRIGGS AVE & E MOSHOLU PWAY S,SYNTHETIC_CSL,BRIGGS AVE & E MOSHOLU PWAY S,BRONX
X3345,ERS,ARTHUR AVE & E 188 ST,10458.0,BRONX,BX06,15.0,40.85643383,-73.8868168,"{'type': 'Point', 'coordinates': [-73.8868168, 40.85643383]}",10936.0,35.0,5.0,22.0,31.0,10458,564,CSL ARTHUR AVE & E 188 ST,SYNTHETIC_CSL,ARTHUR AVE & E 188 ST,BRONX
X2965,ERS,JEROME AVE & MOUNT HOPE PL,10453.0,BRONX,BX05,14.0,40.8494181,-73.91112232,"{'type': 'Point', 'coordinates': [-73.91112232, 40.8494181]}",10931.0,6.0,5.0,29.0,29.0,10453,540,CSL JEROME AVE & MOUNT HOPE PL,SYNTHETIC_CSL,JEROME AVE & MOUNT HOPE PL,BRONX
X4770,ERS,DAVIDSON AVE & W 176 ST,10453.0,BRONX,BX05,14.0,40.84843248,-73.91297839,"{'type': 'Point', 'coordinates': [-73.91297839, 40.84843248]}",10931.0,6.0,5.0,29.0,29.0,10453,540,CSL DAVIDSON AVE & W 176 ST,SYNTHETIC_CSL,DAVIDSON AVE & W 176 ST,BRONX
X2923,ERS,TOWNSEND AVE & E 174 ST,10453.0,BRONX,BX04,14.0,40.84506052,-73.91308485,"{'type': 'Point', 'coordinates': [-73.91308485, 40.84506052]}",10930.0,50.0,5.0,29.0,27.0,10453,540,CSL TOWNSEND AVE & E 174 ST,SYNTHETIC_CSL,TOWNSEND AVE & E 174 ST,BRONX
X2932,ERS,GRAND AVE & W 174 ST,10453.0,BRONX,BX05,14.0,40.84727122,-73.91504409,"{'type': 'Point', 'coordinates': [-73.91504409, 40.84727122]}",10931.0,6.0,5.0,29.0,29.0,10453,540,CSL GRAND AVE & W 174 ST,SYNTHETIC_CSL,GRAND AVE & W 174 ST,BRONX
X3150,ERS,HARRISON AVE & W 180 ST,10453.0,BRONX,BX05,14.0,40.8555451,-73.90913419,"{'type': 'Point', 'coordinates': [-73.90913419, 40.8555451]}",10931.0,6.0,5.0,29.0,29.0,10453,540,CSL HARRISON AVE & W 180 ST,SYNTHETIC_CSL,HARRISON AVE & W 180 ST,BRONX
M0256,ERS,NORFOLK ST & GRAND ST,10002.0,MANHATTAN,MN03,1.0,40.7164457,-73.98836626,"{'type': 'Point', 'coordinates': [-73.98836626, 40.7164457]}",11723.0,70.0,4.0,32.0,4.0,10002,535,CSL NORFOLK ST & GRAND ST,SYNTHETIC_CSL,NORFOLK ST & GRAND ST,MANHATTAN
M0261,ERS,ELDRIDGE ST & BROOME ST,10002.0,MANHATTAN,MN03,1.0,40.71858343,-73.99174683,"{'type': 'Point', 'coordinates': [-73.99174683, 40.71858343]}",11723.0,70.0,4.0,32.0,2.0,10002,535,CSL ELDRIDGE ST & BROOME ST,SYNTHETIC_CSL,ELDRIDGE ST & BROOME ST,MANHATTAN
M0276,ERS,RIDGE ST & DELANCEY ST,10002.0,MANHATTAN,MN03,1.0,40.71741442,-73.98399542,"{'type': 'Point', 'coordinates': [-73.98399542, 40.71741442]}",11723.0,70.0,4.0,32.0,4.0,10002,535,CSL RIDGE ST & DELANCEY ST,SYNTHETIC_CSL,RIDGE ST & DELANCEY ST,MANHATTAN
M0402,ERS,CLINTON ST & STANTON ST,10002.0,MANHATTAN,MN03,1.0,40.72023424,-73.98447732,"{'type': 'Point', 'coordinates': [-73.98447732, 40.72023424]}",11723.0,70.0,4.0,50.0,4.0,10002,535,CSL CLINTON ST & STANTON ST,SYNTHETIC_CSL,CLINTON ST & STANTON ST,MANHATTAN
M0242,ERS,SOUTH ST & GOUVERNEUR SLIP,10002.0,MANHATTAN,MN03,2.0,40.7104635,-73.98302698,"{'type': 'Point', 'coordinates': [-73.98302698, 40.7104635]}",11723.0,70.0,4.0,50.0,4.0,10002,535,CSL SOUTH ST & GOUVERNEUR SLIP,SYNTHETIC_CSL,SOUTH ST & GOUVERNEUR SLIP,MANHATTAN
B0674,ERS,WILLOUGHBY AVE & MARCY AVE,11206.0,BROOKLYN,BK03,36.0,40.69390487,-73.94891392,"{'type': 'Point', 'coordinates': [-73.94891392, 40.69390487]}",17213.0,69.0,2.0,49.0,51.0,11206,499,CSL WILLOUGHBY AVE & MARCY AVE,SYNTHETIC_CSL,WILLOUGHBY AVE & MARCY AVE,BROOKLYN
B0274,BARS,MESEROLE ST & WATERBURY ST,11206.0,BROOKLYN,BK01,34.0,40.7086776,-73.93698021,"{'type': 'Point', 'coordinates': [-73.93698021, 40.7086776]}",17213.0,36.0,2.0,30.0,56.0,11206,499,CSL MESEROLE ST & WATERBURY ST,SYNTHETIC_CSL,MESEROLE ST & WATERBURY ST,BROOKLYN
B0347,ERS,GRAHAM AVE & COOK ST,11206.0,BROOKLYN,BK01,34.0,40.70234555,-73.94238141,"{'type': 'Point', 'coordinates': [-73.94238141, 40.70234555]}",17213.0,36.0,2.0,30.0,56.0,11206,499,CSL GRAHAM AVE & COOK ST,SYNTHETIC_CSL,GRAHAM AVE & COOK ST,BROOKLYN
B0779,ERS,MYRTLE AVE & BROADWAY,11206.0,BROOKLYN,BK03,34.0,40.69698654,-73.93522264,"{'type': 'Point', 'coordinates': [-73.93522264, 40.69698654]}",17213.0,69.0,2.0,49.0,52.0,11206,499,CSL MYRTLE AVE & BROADWAY,SYNTHETIC_CSL,MYRTLE AVE & BROADWAY,BROOKLYN
B0341,ERS,LEE AVE & LORIMER ST,11206.0,BROOKLYN,BK01,33.0,40.70021099,-73.95388643,"{'type': 'Point', 'coordinates': [-73.95388643, 40.70021099]}",17213.0,36.0,2.0,38.0,56.0,11206,499,CSL LEE AVE & LORIMER ST,SYNTHETIC_CSL,LEE AVE & LORIMER ST,BROOKLYN
B0793,ERS,LEXINGTON AVE & MALCOLM X BLVD\REID AVE,11221.0,BROOKLYN,BK03,36.0,40.68997797,-73.93036357,"{'type': 'Point', 'coordinates': [-73.93036357, 40.68997797]}",18181.0,69.0,2.0,49.0,52.0,11221,494,CSL LEXINGTON AVE & MALCOLM X BLVD\REID AVE,SYNTHETIC_CSL,LEXINGTON AVE & MALCOLM X BLVD\REID AVE,BROOKLYN
B0792,ERS,LEWIS AVE & LEXINGTON AVE,11221.0,BROOKLYN,BK03,36.0,40.689354,-73.9363203,"{'type': 'Point', 'coordinates': [-73.9363203, 40.689354]}",18181.0,69.0,2.0,49.0,52.0,11221,494,CSL LEWIS AVE & LEXINGTON AVE,SYNTHETIC_CSL,LEWIS AVE & LEXINGTON AVE,BROOKLYN
B0755,ERS,BUSHWICK AVE & STANHOPE ST,11221.0,BROOKLYN,BK04,34.0,40.6942806,-73.92673532,"{'type': 'Point', 'coordinates': [-73.92673532, 40.6942806]}",18181.0,42.0,2.0,30.0,53.0,11221,494,CSL BUSHWICK AVE & STANHOPE ST,SYNTHETIC_CSL,BUSHWICK AVE & STANHOPE ST,BROOKLYN
B0882,ERS,STUYVESANT AVE & PUTNAM AVE,11221.0,BROOKLYN,BK03,36.0,40.68603234,-73.93266905,"{'type': 'Point', 'coordinates': [-73.93266905, 40.68603234]}",18181.0,69.0,2.0,49.0,52.0,11221,494,CSL STUYVESANT AVE & PUTNAM AVE,SYNTHETIC_CSL,STUYVESANT AVE & PUTNAM AVE,BROOKLYN
B0823,ERS,CENTRAL AVE & PUTNAM AVE,11221.0,BROOKLYN,BK04,37.0,40.6921653,-73.91475403,"{'type': 'Point', 'coordinates': [-73.91475403, 40.6921653]}",18181.0,42.0,2.0,37.0,53.0,11221,494,CSL CENTRAL AVE & PUTNAM AVE,SYNTHETIC_CSL,CENTRAL AVE & PUTNAM AVE,BROOKLYN
B1936,ERS,STANLEY AVE & BERRIMAN ST,11208.0,BROOKLYN,BK05,42.0,40.66329419,-73.87475187,"{'type': 'Point', 'coordinates': [-73.87475187, 40.66329419]}",17215.0,45.0,2.0,25.0,47.0,11208,490,CSL STANLEY AVE & BERRIMAN ST,SYNTHETIC_CSL,STANLEY AVE & BERRIMAN ST,BROOKLYN
B1843,ERS,GLENMORE AVE & PINE ST,11208.0,BROOKLYN,BK05,42.0,40.67680551,-73.87130777,"{'type': 'Point', 'coordinates': [-73.87130777, 40.67680551]}",17215.0,45.0,2.0,25.0,47.0,11208,490,CSL GLENMORE AVE & PINE ST,SYNTHETIC_CSL,GLENMORE AVE & PINE ST,BROOKLYN
B1978,ERS,DUMONT AVE & EMERALD ST,11208.0,BROOKLYN,BK05,42.0,40.67138053,-73.85947417,"{'type': 'Point', 'coordinates': [-73.85947417, 40.67138053]}",17215.0,45.0,2.0,25.0,47.0,11208,490,CSL DUMONT AVE & EMERALD ST,SYNTHETIC_CSL,DUMONT AVE & EMERALD ST,BROOKLYN
B4018,ERS,FLATLANDS AVE & FOUNTAIN AVE,11208.0,BROOKLYN,BK05,42.0,40.66045225,-73.8671807,"{'type': 'Point', 'coordinates': [-73.8671807, 40.66045225]}",17215.0,45.0,2.0,25.0,47.0,11208,490,CSL FLATLANDS AVE & FOUNTAIN AVE,SYNTHETIC_CSL,FLATLANDS AVE & FOUNTAIN AVE,BROOKLYN
B1816,ERS,ETNA AVE & RICHMOND ST,11208.0,BROOKLYN,BK05,37.0,40.68582132,-73.87737336,"{'type': 'Point', 'coordinates': [-73.87737336, 40.68582132]}",17215.0,45.0,2.0,37.0,47.0,11208,490,CSL ETNA AVE & RICHMOND ST,SYNTHETIC_CSL,ETNA AVE & RICHMOND ST,BROOKLYN
M1483,ERS,1 AVE & E 126 ST,10035.0,MANHATTAN,MN11,8.0,40.80248977,-73.93089359,"{'type': 'Point', 'coordinates': [-73.93089359, 40.80248977]}",13093.0,7.0,4.0,35.0,16.0,10035,486,CSL 1 AVE & E 126 ST,SYNTHETIC_CSL,1 AVE & E 126 ST,MANHATTAN
M1479,ERS,LEXINGTON AV & E 125 ST\KING BLVD,10035.0,MANHATTAN,MN11,9.0,40.80437468,-73.93741853,"{'type': 'Point', 'coordinates': [-73.93741853, 40.80437468]}",13093.0,7.0,4.0,36.0,16.0,10035,486,CSL LEXINGTON AV & E 125 ST\KING BLVD,SYNTHETIC_CSL,LEXINGTON AV & E 125 ST\KING BLVD,MANHATTAN
M1405,ERS,3 AVE & E 118 ST,10035.0,MANHATTAN,MN11,8.0,40.79925316,-73.93906264,"{'type': 'Point', 'coordinates': [-73.93906264, 40.79925316]}",13093.0,7.0,4.0,35.0,16.0,10035,486,CSL 3 AVE & E 118 ST,SYNTHETIC_CSL,3 AVE & E 118 ST,MANHATTAN
M1424,ERS,PLEASANT AVE & E 119 ST,10035.0,MANHATTAN,MN11,8.0,40.79698743,-73.93174315,"{'type': 'Point', 'coordinates': [-73.93174315, 40.79698743]}",13093.0,7.0,4.0,35.0,16.0,10035,486,CSL PLEASANT AVE & E 119 ST,SYNTHETIC_CSL,PLEASANT AVE & E 119 ST,MANHATTAN
M1517,ERS,LEXINGTON AVE & E 129 ST,10035.0,MANHATTAN,MN11,9.0,40.80691711,-73.93556209,"{'type': 'Point', 'coordinates': [-73.93556209, 40.80691711]}",13093.0,7.0,4.0,36.0,16.0,10035,486,CSL LEXINGTON AVE & E 129 ST,SYNTHETIC_CSL,LEXINGTON AVE & E 129 ST,MANHATTAN
B1571,ERS,NOSTRAND AVE & LINDEN BLVD,11226.0,BROOKLYN,BK17,40.0,40.65264232,-73.94976875,"{'type': 'Point', 'coordinates': [-73.94976875, 40.65264232]}",13510.0,61.0,2.0,11.0,40.0,11226,474,CSL NOSTRAND AVE & LINDEN BLVD,SYNTHETIC_CSL,NOSTRAND AVE & LINDEN BLVD,BROOKLYN
B2453,ERS,FOSTER AVE & E 21 ST,11226.0,BROOKLYN,BK14,40.0,40.63679269,-73.95743328,"{'type': 'Point', 'coordinates': [-73.95743328, 40.63679269]}",13510.0,60.0,2.0,11.0,43.0,11226,474,CSL FOSTER AVE & E 21 ST,SYNTHETIC_CSL,FOSTER AVE & E 21 ST,BROOKLYN
B1563,ERS,TILDEN AVE & ROGERS AVE,11226.0,BROOKLYN,BK17,40.0,40.64677092,-73.95204923,"{'type': 'Point', 'coordinates': [-73.95204923, 40.64677092]}",13510.0,61.0,2.0,11.0,40.0,11226,474,CSL TILDEN AVE & ROGERS AVE,SYNTHETIC_CSL,TILDEN AVE & ROGERS AVE,BROOKLYN
B1092,ERS,FLATBUSH AVE & WINTHROP ST,11226.0,BROOKLYN,BK09,40.0,40.65648588,-73.96007277,"{'type': 'Point', 'coordinates': [-73.96007277, 40.65648588]}",13509.0,17.0,2.0,11.0,44.0,11226,474,CSL FLATBUSH AVE & WINTHROP ST,SYNTHETIC_CSL,FLATBUSH AVE & WINTHROP ST,BROOKLYN
B1548,ERS,WOODRUFF AVE & FLATBUSH AVE,11226.0,BROOKLYN,BK14,40.0,40.65483921,-73.95969666,"{'type': 'Point', 'coordinates': [-73.95969666, 40.65483921]}",13510.0,60.0,2.0,11.0,43.0,11226,474,CSL WOODRUFF AVE & FLATBUSH AVE,SYNTHETIC_CSL,WOODRUFF AVE & FLATBUSH AVE,BROOKLYN
B3934,ERS,HERKIMER ST & JARDINE PL,11233.0,BROOKLYN,BK16,37.0,40.6772081,-73.90513693,"{'type': 'Point', 'coordinates': [-73.90513693, 40.6772081]}",13516.0,55.0,2.0,37.0,46.0,11233,463,CSL HERKIMER ST & JARDINE PL,SYNTHETIC_CSL,HERKIMER ST & JARDINE PL,BROOKLYN
B1650,ERS,SARATOGA AVE & ATLANTIC AVE,11233.0,BROOKLYN,BK16,41.0,40.67664704,-73.91646486,"{'type': 'Point', 'coordinates': [-73.91646486, 40.67664704]}",13516.0,55.0,2.0,17.0,46.0,11233,463,CSL SARATOGA AVE & ATLANTIC AVE,SYNTHETIC_CSL,SARATOGA AVE & ATLANTIC AVE,BROOKLYN
B0847,ERS,ROCKAWAY AVE & MAC DOUGAL ST,11233.0,BROOKLYN,BK16,37.0,40.68023987,-73.91122493,"{'type': 'Point', 'coordinates': [-73.91122493, 40.68023987]}",13516.0,55.0,2.0,37.0,46.0,11233,463,CSL ROCKAWAY AVE & MAC DOUGAL ST,SYNTHETIC_CSL,ROCKAWAY AVE & MAC DOUGAL ST,BROOKLYN
B1646,ERS,HOWARD AVE & ST MARKS AVE,11233.0,BROOKLYN,BK16,41.0,40.67354188,-73.91954093,"{'type': 'Point', 'coordinates': [-73.91954093, 40.67354188]}",13516.0,55.0,2.0,17.0,46.0,11233,463,CSL HOWARD AVE & ST MARKS AVE,SYNTHETIC_CSL,HOWARD AVE & ST MARKS AVE,BROOKLYN
B0869,ERS,PATCHEN AVE & DECATUR ST,11233.0,BROOKLYN,BK03,36.0,40.68230798,-73.925946,"{'type': 'Point', 'coordinates': [-73.925946, 40.68230798]}",13516.0,69.0,2.0,17.0,52.0,11233,463,CSL PATCHEN AVE & DECATUR ST,SYNTHETIC_CSL,PATCHEN AVE & DECATUR ST,BROOKLYN
X3070,ERS,E TREMONT AVE & BX PARK AVE,10460.0,BRONX,BX06,15.0,40.83990252,-73.87561285,"{'type': 'Point', 'coordinates': [-73.87561285, 40.83990252]}",11269.0,35.0,5.0,22.0,31.0,10460,459,CSL E TREMONT AVE & BX PARK AVE,SYNTHETIC_CSL,E TREMONT AVE & BX PARK AVE,BRONX
X2974,ERS,E TREMONT AVE & SOUTHERN BLVD,10460.0,BRONX,BX06,17.0,40.84271041,-73.88565994,"{'type': 'Point', 'coordinates': [-73.88565994, 40.84271041]}",11269.0,35.0,5.0,43.0,31.0,10460,459,CSL E TREMONT AVE & SOUTHERN BLVD,SYNTHETIC_CSL,E TREMONT AVE & SOUTHERN BLVD,BRONX
X4755,ERS,LONGFELLOW AVE & E 176 ST,10460.0,BRONX,BX03,17.0,40.83829039,-73.88285029,"{'type': 'Point', 'coordinates': [-73.88285029, 40.83829039]}",11269.0,34.0,5.0,43.0,25.0,10460,459,CSL LONGFELLOW AVE & E 176 ST,SYNTHETIC_CSL,LONGFELLOW AVE & E 176 ST,BRONX
X2914,ERS,SOUTHERN BLVD & BOSTON RD,10460.0,BRONX,BX03,17.0,40.83735885,-73.88798219,"{'type': 'Point', 'coordinates': [-73.88798219, 40.83735885]}",11269.0,34.0,5.0,43.0,25.0,10460,459,CSL SOUTHERN BLVD & BOSTON RD,SYNTHETIC_CSL,SOUTHERN BLVD & BOSTON RD,BRONX
X4763,ERS,SOUTHERN BLVD & E 185 ST,10460.0,BRONX,BX06,15.0,40.85218936,-73.88200299,"{'type': 'Point', 'coordinates': [-73.88200299, 40.85218936]}",11269.0,35.0,5.0,22.0,31.0,10460,459,CSL SOUTHERN BLVD & E 185 ST,SYNTHETIC_CSL,SOUTHERN BLVD & E 185 ST,BRONX
B0482,ERS,FURMAN ST & MONTAGUE ST,11201.0,BROOKLYN,BK02,33.0,40.69599978,-73.99824027,"{'type': 'Point', 'coordinates': [-73.99824027, 40.69599978]}",16865.0,68.0,2.0,38.0,54.0,11201,459,CSL FURMAN ST & MONTAGUE ST,SYNTHETIC_CSL,FURMAN ST & MONTAGUE ST,BROOKLYN
B0455,ERS,COURT ST & MONTAGUE ST,11201.0,BROOKLYN,BK02,33.0,40.69373505,-73.99044693,"{'type': 'Point', 'coordinates': [-73.99044693, 40.69373505]}",16865.0,68.0,2.0,38.0,54.0,11201,459,CSL COURT ST & MONTAGUE ST,SYNTHETIC_CSL,COURT ST & MONTAGUE ST,BROOKLYN
B0433,ERS,JOHNSON ST & LAWRENCE ST,11201.0,BROOKLYN,BK02,33.0,40.69492406,-73.986169,"{'type': 'Point', 'coordinates': [-73.986169, 40.69492406]}",16865.0,68.0,2.0,38.0,54.0,11201,459,CSL JOHNSON ST & LAWRENCE ST,SYNTHETIC_CSL,JOHNSON ST & LAWRENCE ST,BROOKLYN
B0464,ERS,HENRY ST & CRANBERRY ST,11201.0,BROOKLYN,BK02,33.0,40.69939442,-73.99207483,"{'type': 'Point', 'coordinates': [-73.99207483, 40.69939442]}",16865.0,68.0,2.0,38.0,54.0,11201,459,CSL HENRY ST & CRANBERRY ST,SYNTHETIC_CSL,HENRY ST & CRANBERRY ST,BROOKLYN
B0534,ERS,COURT ST & AMITY ST,11201.0,BROOKLYN,BK06,39.0,40.68836464,-73.99300452,"{'type': 'Point', 'coordinates': [-73.99300452, 40.68836464]}",16865.0,14.0,2.0,27.0,48.0,11201,459,CSL COURT ST & AMITY ST,SYNTHETIC_CSL,COURT ST & AMITY ST,BROOKLYN
M1504,ERS,5 AVE & E 128 ST,10027.0,MANHATTAN,MN10,9.0,40.80833427,-73.94086063,"{'type': 'Point', 'coordinates': [-73.94086063, 40.80833427]}",13093.0,18.0,4.0,36.0,20.0,10027,453,CSL 5 AVE & E 128 ST,SYNTHETIC_CSL,5 AVE & E 128 ST,MANHATTAN
M1521,ERS,5 AVE & E 130 ST,10027.0,MANHATTAN,MN10,9.0,40.80958142,-73.93994876,"{'type': 'Point', 'coordinates': [-73.93994876, 40.80958142]}",13093.0,18.0,4.0,36.0,20.0,10027,453,CSL 5 AVE & E 130 ST,SYNTHETIC_CSL,5 AVE & E 130 ST,MANHATTAN
M1497,ERS,W 127 ST & LENOX AVE/MALCOLM X BLVD,10027.0,MANHATTAN,MN10,9.0,40.80907023,-73.94453779,"{'type': 'Point', 'coordinates': [-73.94453779, 40.80907023]}",12424.0,18.0,4.0,36.0,18.0,10027,453,CSL W 127 ST & LENOX AVE/MALCOLM X BLVD,SYNTHETIC_CSL,W 127 ST & LENOX AVE/MALCOLM X BLVD,MANHATTAN
M1541,ERS,AMSTERDAM AVE & W 132 ST,10027.0,MANHATTAN,MN09,9.0,40.81696524,-73.95364428,"{'type': 'Point', 'coordinates': [-73.95364428, 40.81696524]}",12424.0,37.0,4.0,36.0,17.0,10027,453,CSL AMSTERDAM AVE & W 132 ST,SYNTHETIC_CSL,AMSTERDAM AVE & W 132 ST,MANHATTAN
M1570,ERS,FOOT OF WEST 135 ST,10027.0,MANHATTAN,MN09,7.0,40.82129608,-73.95821571,"{'type': 'Point', 'coordinates': [-73.95821571, 40.82129608]}",12428.0,37.0,4.0,23.0,19.0,10027,453,CSL FOOT OF WEST 135 ST,SYNTHETIC_CSL,FOOT OF WEST 135 ST,MANHATTAN
X2138,ERS,3 AVE & E 137 ST,10451.0,BRONX,BX01,8.0,40.81048605,-73.92801376,"{'type': 'Point', 'coordinates': [-73.92801376, 40.81048605]}",10929.0,49.0,5.0,35.0,23.0,10451,453,CSL 3 AVE & E 137 ST,SYNTHETIC_CSL,3 AVE & E 137 ST,BRONX
X2385,ERS,SHERIDAN AVE & E 163 ST,10451.0,BRONX,BX04,16.0,40.8280998,-73.92020144,"{'type': 'Point', 'coordinates': [-73.92020144, 40.8280998]}",10929.0,50.0,5.0,42.0,27.0,10451,453,CSL SHERIDAN AVE & E 163 ST,SYNTHETIC_CSL,SHERIDAN AVE & E 163 ST,BRONX
X2248,ERS,PARK AVE & E 151 ST,10451.0,BRONX,BX04,17.0,40.81928533,-73.92402557,"{'type': 'Point', 'coordinates': [-73.92402557, 40.81928533]}",10929.0,49.0,5.0,43.0,23.0,10451,453,CSL PARK AVE & E 151 ST,SYNTHETIC_CSL,PARK AVE & E 151 ST,BRONX
X2223,ERS,GRAND CONCOURSE & E 149 ST,10451.0,BRONX,BX04,17.0,40.81855963,-73.92731653,"{'type': 'Point', 'coordinates': [-73.92731653, 40.81855963]}",10929.0,49.0,5.0,43.0,23.0,10451,453,CSL GRAND CONCOURSE & E 149 ST,SYNTHETIC_CSL,GRAND CONCOURSE & E 149 ST,BRONX
X2272,ERS,WALTON AVE & E 153 ST,10451.0,BRONX,BX04,8.0,40.82245737,-73.92691531,"{'type': 'Point', 'coordinates': [-73.92691531, 40.82245737]}",10929.0,50.0,5.0,35.0,27.0,10451,453,CSL WALTON AVE & E 153 ST,SYNTHETIC_CSL,WALTON AVE & E 153 ST,BRONX
X2180,ERS,BEEKMAN AVE & OAK TER,10454.0,BRONX,BX01,8.0,40.80872277,-73.91388448,"{'type': 'Point', 'coordinates': [-73.91388448, 40.80872277]}",10932.0,49.0,5.0,35.0,23.0,10454,450,CSL BEEKMAN AVE & OAK TER,SYNTHETIC_CSL,BEEKMAN AVE & OAK TER,BRONX
X2126,ERS,3 AVE & E 135 ST,10454.0,BRONX,BX01,8.0,40.80956472,-73.92921854,"{'type': 'Point', 'coordinates': [-73.92921854, 40.80956472]}",10932.0,49.0,5.0,35.0,23.0,10454,450,CSL 3 AVE & E 135 ST,SYNTHETIC_CSL,3 AVE & E 135 ST,BRONX
X2205,ERS,ST ANNS AVE & E 146 ST,10454.0,BRONX,BX01,8.0,40.81230111,-73.91409757,"{'type': 'Point', 'coordinates': [-73.91409757, 40.81230111]}",10933.0,49.0,5.0,35.0,23.0,10454,450,CSL ST ANNS AVE & E 146 ST,SYNTHETIC_CSL,ST ANNS AVE & E 146 ST,BRONX
X2121,ERS,BROWN PL & E 134 ST,10454.0,BRONX,BX01,8.0,40.80536825,-73.9218952,"{'type': 'Point', 'coordinates': [-73.9218952, 40.80536825]}",10932.0,49.0,5.0,35.0,23.0,10454,450,CSL BROWN PL & E 134 ST,SYNTHETIC_CSL,BROWN PL & E 134 ST,BRONX
X2147,ERS,ST ANNS AVE & E 138 ST,10454.0,BRONX,BX01,8.0,40.80682209,-73.9174799,"{'type': 'Point', 'coordinates': [-73.9174799, 40.80682209]}",10932.0,49.0,5.0,35.0,23.0,10454,450,CSL ST ANNS AVE & E 138 ST,SYNTHETIC_CSL,ST ANNS AVE & E 138 ST,BRONX
X2582,ERS,NELSON AVE & W 168 ST,10452.0,BRONX,BX04,16.0,40.83836092,-73.92491804,"{'type': 'Point', 'coordinates': [-73.92491804, 40.83836092]}",10930.0,50.0,5.0,42.0,27.0,10452,437,CSL NELSON AVE & W 168 ST,SYNTHETIC_CSL,NELSON AVE & W 168 ST,BRONX
X2532,ERS,NELSON AVE & W 166 ST,10452.0,BRONX,BX04,8.0,40.83533188,-73.92699376,"{'type': 'Point', 'coordinates': [-73.92699376, 40.83533188]}",10930.0,50.0,5.0,42.0,27.0,10452,437,CSL NELSON AVE & W 166 ST,SYNTHETIC_CSL,NELSON AVE & W 166 ST,BRONX
X2719,ERS,OGDEN AVE & W 170 ST,10452.0,BRONX,BX04,16.0,40.84149544,-73.92484861,"{'type': 'Point', 'coordinates': [-73.92484861, 40.84149544]}",10930.0,50.0,5.0,42.0,27.0,10452,437,CSL OGDEN AVE & W 170 ST,SYNTHETIC_CSL,OGDEN AVE & W 170 ST,BRONX
X2772,ERS,JEROME AVE & W 172 ST,10452.0,BRONX,BX04,16.0,40.8423349,-73.91618344,"{'type': 'Point', 'coordinates': [-73.91618344, 40.8423349]}",10930.0,50.0,5.0,29.0,27.0,10452,437,CSL JEROME AVE & W 172 ST,SYNTHETIC_CSL,JEROME AVE & W 172 ST,BRONX
X2797,ERS,E MOUNT EDEN AVE & WALTON AVE,10452.0,BRONX,BX04,14.0,40.84364162,-73.91302877,"{'type': 'Point', 'coordinates': [-73.91302877, 40.84364162]}",10930.0,50.0,5.0,29.0,27.0,10452,437,CSL E MOUNT EDEN AVE & WALTON AVE,SYNTHETIC_CSL,E MOUNT EDEN AVE & WALTON AVE,BRONX
Q7171,BARS,41 AVE & 21 ST,11101.0,QUEENS,QN01,26.0,40.75399761,-73.94243021,"{'type': 'Point', 'coordinates': [-73.94243021, 40.75399761]}",16858.0,39.0,3.0,33.0,72.0,11101,407,CSL 41 AVE & 21 ST,SYNTHETIC_CSL,41 AVE & 21 ST,QUEENS
Q7361,BARS,38 AVE & 27 ST,11101.0,QUEENS,QN01,26.0,40.75539132,-73.93503981,"{'type': 'Point', 'coordinates': [-73.93503981, 40.75539132]}",16858.0,39.0,3.0,33.0,72.0,11101,407,CSL 38 AVE & 27 ST,SYNTHETIC_CSL,38 AVE & 27 ST,QUEENS
Q7193,BARS,40 RD & NORTHERN BLVD,11101.0,QUEENS,QN01,26.0,40.75097904,-73.93474259,"{'type': 'Point', 'coordinates': [-73.93474259, 40.75097904]}",16858.0,39.0,3.0,33.0,72.0,11101,407,CSL 40 RD & NORTHERN BLVD,SYNTHETIC_CSL,40 RD & NORTHERN BLVD,QUEENS
Q7261,BARS,47 AVE & 38 ST,11101.0,QUEENS,QN02,26.0,40.742123,-73.92744375,"{'type': 'Point', 'coordinates': [-73.92744375, 40.742123]}",16858.0,53.0,3.0,33.0,66.0,11101,407,CSL 47 AVE & 38 ST,SYNTHETIC_CSL,47 AVE & 38 ST,QUEENS
Q7313,BARS,SKILLMAN AVE & 32 PL,11101.0,QUEENS,QN02,26.0,40.74649713,-73.93226763,"{'type': 'Point', 'coordinates': [-73.93226763, 40.74649713]}",16858.0,53.0,3.0,33.0,66.0,11101,407,CSL SKILLMAN AVE & 32 PL,SYNTHETIC_CSL,SKILLMAN AVE & 32 PL,QUEENS
M0854,ERS,9 AVE & W 50 ST,10019.0,MANHATTAN,MN04,3.0,40.76348594,-73.98894738,"{'type': 'Point', 'coordinates': [-73.98894738, 40.76348594]}",12081.0,12.0,4.0,10.0,10.0,10019,403,CSL 9 AVE & W 50 ST,SYNTHETIC_CSL,9 AVE & W 50 ST,MANHATTAN
M0886,ERS,9 AVE & W 54 ST,10019.0,MANHATTAN,MN04,3.0,40.76598915,-73.98712184,"{'type': 'Point', 'coordinates': [-73.98712184, 40.76598915]}",12081.0,12.0,4.0,10.0,10.0,10019,403,CSL 9 AVE & W 54 ST,SYNTHETIC_CSL,9 AVE & W 54 ST,MANHATTAN
M0927,ERS,7 AVE & W 58 ST,10019.0,MANHATTAN,MN05,4.0,40.76619741,-73.97954417,"{'type': 'Point', 'coordinates': [-73.97954417, 40.76619741]}",12081.0,11.0,4.0,51.0,10.0,10019,403,CSL 7 AVE & W 58 ST,SYNTHETIC_CSL,7 AVE & W 58 ST,MANHATTAN
M0890,ERS,5 AVE & 54 ST,10019.0,MANHATTAN,MN05,4.0,40.76103991,-73.97537361,"{'type': 'Point', 'coordinates': [-73.97537361, 40.76103991]}",12419.0,11.0,4.0,51.0,10.0,10019,403,CSL 5 AVE & 54 ST,SYNTHETIC_CSL,5 AVE & 54 ST,MANHATTAN
M0909,ERS,7 AVE & W 56 ST,10019.0,MANHATTAN,MN05,4.0,40.7648435,-73.98052789,"{'type': 'Point', 'coordinates': [-73.98052789, 40.7648435]}",12081.0,11.0,4.0,51.0,10.0,10019,403,CSL 7 AVE & W 56 ST,SYNTHETIC_CSL,7 AVE & W 56 ST,MANHATTAN
X4903,ERS,UNIVERSITY AVE & W KINGSBRIDGE RD,10468.0,BRONX,BX07,14.0,40.86828265,-73.90106211,"{'type': 'Point', 'coordinates': [-73.90106211, 40.86828265]}",11606.0,24.0,5.0,29.0,34.0,10468,399,CSL UNIVERSITY AVE & W KINGSBRIDGE RD,SYNTHETIC_CSL,UNIVERSITY AVE & W KINGSBRIDGE RD,BRONX
X3340,ERS,MORRIS AVE & E FORDHAM RD,10468.0,BRONX,BX05,14.0,40.86206694,-73.89961735,"{'type': 'Point', 'coordinates': [-73.89961735, 40.86206694]}",11606.0,6.0,5.0,29.0,29.0,10468,399,CSL MORRIS AVE & E FORDHAM RD,SYNTHETIC_CSL,MORRIS AVE & E FORDHAM RD,BRONX
X3700,ERS,W KINGSBRIDGE RD & BAILEY AVE,10468.0,BRONX,BX08,14.0,40.87313832,-73.90571425,"{'type': 'Point', 'coordinates': [-73.90571425, 40.87313832]}",11272.0,48.0,5.0,29.0,33.0,10468,399,CSL W KINGSBRIDGE RD & BAILEY AVE,SYNTHETIC_CSL,W KINGSBRIDGE RD & BAILEY AVE,BRONX
X3521,ERS,RESERVOIR AVE & W 195 ST,10468.0,BRONX,BX07,14.0,40.86965857,-73.89891854,"{'type': 'Point', 'coordinates': [-73.89891854, 40.86965857]}",11606.0,24.0,5.0,29.0,34.0,10468,399,CSL RESERVOIR AVE & W 195 ST,SYNTHETIC_CSL,RESERVOIR AVE & W 195 ST,BRONX
X3391,ERS,CRESTON AVE & E 196 ST,10468.0,BRONX,BX07,14.0,40.86838566,-73.89415261,"{'type': 'Point', 'coordinates': [-73.89415261, 40.86838566]}",11606.0,24.0,5.0,29.0,34.0,10468,399,CSL CRESTON AVE & E 196 ST,SYNTHETIC_CSL,CRESTON AVE & E 196 ST,BRONX
M0819,ERS,9 AVE & W 46 ST,10036.0,MANHATTAN,MN04,3.0,40.76098873,-73.99076377,"{'type': 'Point', 'coordinates': [-73.99076377, 40.76098873]}",13094.0,12.0,4.0,10.0,10.0,10036,391,CSL 9 AVE & W 46 ST,SYNTHETIC_CSL,9 AVE & W 46 ST,MANHATTAN
M0779,ERS,7 AVE & W 41 ST,10036.0,MANHATTAN,MN05,3.0,40.75537296,-73.98744642,"{'type': 'Point', 'coordinates': [-73.98744642, 40.75537296]}",12080.0,11.0,4.0,10.0,8.0,10036,391,CSL 7 AVE & W 41 ST,SYNTHETIC_CSL,7 AVE & W 41 ST,MANHATTAN
M0822,ERS,5 AVE & 46 ST,10036.0,MANHATTAN,MN05,4.0,40.75603187,-73.97902397,"{'type': 'Point', 'coordinates': [-73.97902397, 40.75603187]}",12079.0,11.0,4.0,51.0,10.0,10036,391,CSL 5 AVE & 46 ST,SYNTHETIC_CSL,5 AVE & 46 ST,MANHATTAN
M0839,ERS,5 AVE & 48 ST,10036.0,MANHATTAN,MN05,4.0,40.75728443,-73.97811607,"{'type': 'Point', 'coordinates': [-73.97811607, 40.75728443]}",12079.0,11.0,4.0,51.0,10.0,10036,391,CSL 5 AVE & 48 ST,SYNTHETIC_CSL,5 AVE & 48 ST,MANHATTAN
M0838,ERS,AVE OF AMERICAS & 48 ST,10036.0,MANHATTAN,MN05,4.0,40.7586566,-73.98135267,"{'type': 'Point', 'coordinates': [-73.98135267, 40.7586566]}",13094.0,11.0,4.0,51.0,10.0,10036,391,CSL AVE OF AMERICAS & 48 ST,SYNTHETIC_CSL,AVE OF AMERICAS & 48 ST,MANHATTAN
X2557,ERS,E 167 ST & STEBBINS ST/POLITE AVE,10459.0,BRONX,BX02,17.0,40.82627431,-73.89840604,"{'type': 'Point', 'coordinates': [-73.89840604, 40.82627431]}",10937.0,8.0,5.0,43.0,24.0,10459,386,CSL E 167 ST & STEBBINS ST/POLITE AVE,SYNTHETIC_CSL,E 167 ST & STEBBINS ST/POLITE AVE,BRONX
X2334,ERS,BRUCKNER BLVD & TIFFANY ST,10459.0,BRONX,BX02,17.0,40.81783326,-73.89343682,"{'type': 'Point', 'coordinates': [-73.89343682, 40.81783326]}",10937.0,8.0,5.0,43.0,24.0,10459,386,CSL BRUCKNER BLVD & TIFFANY ST,SYNTHETIC_CSL,BRUCKNER BLVD & TIFFANY ST,BRONX
X2375,ERS,WESTCHESTER AVE & STEBBINS/POLITE AVE,10459.0,BRONX,BX02,17.0,40.82123885,-73.89885249,"{'type': 'Point', 'coordinates': [-73.89885249, 40.82123885]}",10937.0,8.0,5.0,43.0,24.0,10459,386,CSL WESTCHESTER AVE & STEBBINS/POLITE AVE,SYNTHETIC_CSL,WESTCHESTER AVE & STEBBINS/POLITE AVE,BRONX
X2513,ERS,PROSPECT AVE & E 165 ST,10459.0,BRONX,BX02,17.0,40.82405794,-73.8997992,"{'type': 'Point', 'coordinates': [-73.8997992, 40.82405794]}",10937.0,8.0,5.0,43.0,25.0,10459,386,CSL PROSPECT AVE & E 165 ST,SYNTHETIC_CSL,PROSPECT AVE & E 165 ST,BRONX
X2553,ERS,SOUTHERN BLVD & E 167 ST,10459.0,BRONX,BX03,17.0,40.82679445,-73.89191272,"{'type': 'Point', 'coordinates': [-73.89191272, 40.82679445]}",10937.0,34.0,5.0,43.0,25.0,10459,386,CSL SOUTHERN BLVD & E 167 ST,SYNTHETIC_CSL,SOUTHERN BLVD & E 167 ST,BRONX
B1984,ERS,WILLIAMS AVE 600' S OF STANLEY AVE,11236.0,BROOKLYN,BK18,42.0,40.65301502,-73.89428989,"{'type': 'Point', 'coordinates': [-73.89428989, 40.65301502]}",17214.0,5.0,2.0,25.0,42.0,11236,380,CSL WILLIAMS AVE 600' S OF STANLEY AVE,SYNTHETIC_CSL,WILLIAMS AVE 600' S OF STANLEY AVE,BROOKLYN
B2235,ERS,DITMAS AVE & E 87 ST,11236.0,BROOKLYN,BK17,45.0,40.64668354,-73.91693684,"{'type': 'Point', 'coordinates': [-73.91693684, 40.64668354]}",13827.0,61.0,2.0,26.0,40.0,11236,380,CSL DITMAS AVE & E 87 ST,SYNTHETIC_CSL,DITMAS AVE & E 87 ST,BROOKLYN
B2128,ERS,AVENUE D & E 104 ST,11236.0,BROOKLYN,BK18,42.0,40.65279398,-73.90296011,"{'type': 'Point', 'coordinates': [-73.90296011, 40.65279398]}",13827.0,5.0,2.0,25.0,42.0,11236,380,CSL AVENUE D & E 104 ST,SYNTHETIC_CSL,AVENUE D & E 104 ST,BROOKLYN
B2137,ERS,FOSTER AVE & E 101 ST,11236.0,BROOKLYN,BK18,42.0,40.65024397,-73.90273372,"{'type': 'Point', 'coordinates': [-73.90273372, 40.65024397]}",13827.0,5.0,2.0,25.0,42.0,11236,380,CSL FOSTER AVE & E 101 ST,SYNTHETIC_CSL,FOSTER AVE & E 101 ST,BROOKLYN
B2355,ERS,FOSTER AVE & E 83 ST,11236.0,BROOKLYN,BK18,45.0,40.64194765,-73.91662099,"{'type': 'Point', 'coordinates': [-73.91662099, 40.64194765]}",13827.0,5.0,2.0,26.0,42.0,11236,380,CSL FOSTER AVE & E 83 ST,SYNTHETIC_CSL,FOSTER AVE & E 83 ST,BROOKLYN
M1323,ERS,BROADWAY & W 108 ST,10025.0,MANHATTAN,MN07,6.0,40.80292725,-73.96757497,"{'type': 'Point', 'coordinates': [-73.96757497, 40.80292725]}",12422.0,20.0,4.0,23.0,15.0,10025,368,CSL BROADWAY & W 108 ST,SYNTHETIC_CSL,BROADWAY & W 108 ST,MANHATTAN
M1340,ERS,RIVERSIDE DR & W 111 ST,10025.0,MANHATTAN,MN09,7.0,40.80545283,-73.96772277,"{'type': 'Point', 'coordinates': [-73.96772277, 40.80545283]}",12422.0,37.0,4.0,23.0,17.0,10025,368,CSL RIVERSIDE DR & W 111 ST,SYNTHETIC_CSL,RIVERSIDE DR & W 111 ST,MANHATTAN
M1213,ERS,BROADWAY & W 92 ST,10025.0,MANHATTAN,MN07,6.0,40.79209413,-73.97364908,"{'type': 'Point', 'coordinates': [-73.97364908, 40.79209413]}",12422.0,20.0,4.0,19.0,15.0,10025,368,CSL BROADWAY & W 92 ST,SYNTHETIC_CSL,BROADWAY & W 92 ST,MANHATTAN
M1297,ERS,AMSTERDAM AVE & W 105 ST,10025.0,MANHATTAN,MN07,7.0,40.79976083,-73.96620573,"{'type': 'Point', 'coordinates': [-73.96620573, 40.79976083]}",12422.0,20.0,4.0,23.0,15.0,10025,368,CSL AMSTERDAM AVE & W 105 ST,SYNTHETIC_CSL,AMSTERDAM AVE & W 105 ST,MANHATTAN
M1314,ERS,CENTRAL PARK WEST & W 107 ST,10025.0,MANHATTAN,,7.0,40.79871853,-73.95953659,"{'type': 'Point', 'coordinates': [-73.95953659, 40.79871853]}",,20.0,4.0,23.0,15.0,10025,368,CSL CENTRAL PARK WEST & W 107 ST,SYNTHETIC_CSL,CENTRAL PARK WEST & W 107 ST,MANHATTAN
X3822,ERS,SETON AVE & E 233 ST,10466.0,BRONX,BX12,12.0,40.88893566,-73.83643359,"{'type': 'Point', 'coordinates': [-73.83643359, 40.88893566]}",11275.0,29.0,5.0,2.0,30.0,10466,351,CSL SETON AVE & E 233 ST,SYNTHETIC_CSL,SETON AVE & E 233 ST,BRONX
X3837,ERS,EDENWALD AVE & WILDER AVE,10466.0,BRONX,BX12,12.0,40.89328577,-73.8419206,"{'type': 'Point', 'coordinates': [-73.8419206, 40.89328577]}",11275.0,29.0,5.0,2.0,30.0,10466,351,CSL EDENWALD AVE & WILDER AVE,SYNTHETIC_CSL,EDENWALD AVE & WILDER AVE,BRONX
X3667,ERS,PRATT AVE & MAROLLA PLACE,10466.0,BRONX,BX12,12.0,40.88469455,-73.83591285,"{'type': 'Point', 'coordinates': [-73.83591285, 40.88469455]}",11275.0,29.0,5.0,2.0,30.0,10466,351,CSL PRATT AVE & MAROLLA PLACE,SYNTHETIC_CSL,PRATT AVE & MAROLLA PLACE,BRONX
X3870,ERS,E 234 ST & BYRON AVE,10466.0,BRONX,BX12,12.0,40.8936239,-73.85524068,"{'type': 'Point', 'coordinates': [-73.85524068, 40.8936239]}",11275.0,29.0,5.0,40.0,30.0,10466,351,CSL E 234 ST & BYRON AVE,SYNTHETIC_CSL,E 234 ST & BYRON AVE,BRONX
X3849,ERS,BRONXWOOD AVE & PITMAN AVE,10466.0,BRONX,BX12,12.0,40.8949221,-73.85313545,"{'type': 'Point', 'coordinates': [-73.85313545, 40.8949221]}",11275.0,29.0,5.0,2.0,30.0,10466,351,CSL BRONXWOOD AVE & PITMAN AVE,SYNTHETIC_CSL,BRONXWOOD AVE & PITMAN AVE,BRONX
X3051,ERS,ST RAYMONDS AVE & PURDY ST,10462.0,BRONX,BX09,18.0,40.83767598,-73.8534886,"{'type': 'Point', 'coordinates': [-73.8534886, 40.83767598]}",11271.0,58.0,5.0,31.0,26.0,10462,347,CSL ST RAYMONDS AVE & PURDY ST,SYNTHETIC_CSL,ST RAYMONDS AVE & PURDY ST,BRONX
X3005,ERS,N/S METROPOLITAN AVE & HAWTHORNE DR,10462.0,BRONX,BX09,18.0,40.8391561,-73.85916147,"{'type': 'Point', 'coordinates': [-73.85916147, 40.8391561]}",11271.0,58.0,5.0,31.0,26.0,10462,347,CSL N/S METROPOLITAN AVE & HAWTHORNE DR,SYNTHETIC_CSL,N/S METROPOLITAN AVE & HAWTHORNE DR,BRONX
X4605,ERS,ODELL ST E/S 400' N OF ST RAYMONDS AVE,10462.0,BRONX,BX09,18.0,40.83871373,-73.85459964,"{'type': 'Point', 'coordinates': [-73.85459964, 40.83871373]}",11271.0,58.0,5.0,31.0,26.0,10462,347,CSL ODELL ST E/S 400' N OF ST RAYMONDS AVE,SYNTHETIC_CSL,ODELL ST E/S 400' N OF ST RAYMONDS AVE,BRONX
X2860,ERS,CHATTERTON AVE & HAVEMEYER AVE,10462.0,BRONX,BX09,18.0,40.8287466,-73.84717881,"{'type': 'Point', 'coordinates': [-73.84717881, 40.8287466]}",11610.0,58.0,5.0,31.0,26.0,10462,347,CSL CHATTERTON AVE & HAVEMEYER AVE,SYNTHETIC_CSL,CHATTERTON AVE & HAVEMEYER AVE,BRONX
X3001,ERS,E TREMONT AVE & DOGWOOD DR,10462.0,BRONX,BX09,18.0,40.84151272,-73.86176167,"{'type': 'Point', 'coordinates': [-73.86176167, 40.84151272]}",11271.0,59.0,5.0,12.0,32.0,10462,347,CSL E TREMONT AVE & DOGWOOD DR,SYNTHETIC_CSL,E TREMONT AVE & DOGWOOD DR,BRONX
B1586,ERS,CLARKSON AVE & E 40 ST,11203.0,BROOKLYN,BK09,41.0,40.65600154,-73.94053215,"{'type': 'Point', 'coordinates': [-73.94053215, 40.65600154]}",16866.0,17.0,2.0,11.0,44.0,11203,347,CSL CLARKSON AVE & E 40 ST,SYNTHETIC_CSL,CLARKSON AVE & E 40 ST,BROOKLYN
B1047,ERS,BROOKLYN AVE & FENIMORE ST,11203.0,BROOKLYN,BK09,40.0,40.65901046,-73.94525998,"{'type': 'Point', 'coordinates': [-73.94525998, 40.65901046]}",16866.0,17.0,2.0,11.0,44.0,11203,347,CSL BROOKLYN AVE & FENIMORE ST,SYNTHETIC_CSL,BROOKLYN AVE & FENIMORE ST,BROOKLYN
B3893,ERS,SNYDER AVE & E 38 ST,11203.0,BROOKLYN,BK17,45.0,40.64939399,-73.94169995,"{'type': 'Point', 'coordinates': [-73.94169995, 40.64939399]}",16866.0,61.0,2.0,26.0,40.0,11203,347,CSL SNYDER AVE & E 38 ST,SYNTHETIC_CSL,SNYDER AVE & E 38 ST,BROOKLYN
B2323,ERS,TILDEN AVE & E 51 ST,11203.0,BROOKLYN,BK17,45.0,40.64824326,-73.92899371,"{'type': 'Point', 'coordinates': [-73.92899371, 40.64824326]}",16866.0,61.0,2.0,26.0,40.0,11203,347,CSL TILDEN AVE & E 51 ST,SYNTHETIC_CSL,TILDEN AVE & E 51 ST,BROOKLYN
B2316,ERS,SNYDER AVE & E 58 ST,11203.0,BROOKLYN,BK17,45.0,40.65058727,-73.9225184,"{'type': 'Point', 'coordinates': [-73.9225184, 40.65058727]}",16866.0,61.0,2.0,26.0,40.0,11203,347,CSL SNYDER AVE & E 58 ST,SYNTHETIC_CSL,SNYDER AVE & E 58 ST,BROOKLYN
M0737,ERS,2 AVE & E 37 ST,10016.0,MANHATTAN,MN06,4.0,40.74668256,-73.97449588,"{'type': 'Point', 'coordinates': [-73.97449588, 40.74668256]}",12078.0,71.0,4.0,51.0,9.0,10016,346,CSL 2 AVE & E 37 ST,SYNTHETIC_CSL,2 AVE & E 37 ST,MANHATTAN
M0717,ERS,3 AVE & E 34 ST,10016.0,MANHATTAN,MN06,2.0,40.7457258,-73.97812128,"{'type': 'Point', 'coordinates': [-73.97812128, 40.7457258]}",12078.0,71.0,4.0,50.0,9.0,10016,346,CSL 3 AVE & E 34 ST,SYNTHETIC_CSL,3 AVE & E 34 ST,MANHATTAN
M0664,ERS,3 AVE & E 28 ST,10016.0,MANHATTAN,MN06,2.0,40.74196977,-73.98085965,"{'type': 'Point', 'coordinates': [-73.98085965, 40.74196977]}",12078.0,71.0,4.0,50.0,7.0,10016,346,CSL 3 AVE & E 28 ST,SYNTHETIC_CSL,3 AVE & E 28 ST,MANHATTAN
M0722,ERS,MADISON AVE & E 35 ST,10016.0,MANHATTAN,MN05,4.0,40.7484315,-73.98247212,"{'type': 'Point', 'coordinates': [-73.98247212, 40.7484315]}",12078.0,71.0,4.0,50.0,9.0,10016,346,CSL MADISON AVE & E 35 ST,SYNTHETIC_CSL,MADISON AVE & E 35 ST,MANHATTAN
M0701,ERS,2 AVE & E 33 ST,10016.0,MANHATTAN,MN06,2.0,40.74409193,-73.97634798,"{'type': 'Point', 'coordinates': [-73.97634798, 40.74409193]}",12078.0,71.0,4.0,50.0,9.0,10016,346,CSL 2 AVE & E 33 ST,SYNTHETIC_CSL,2 AVE & E 33 ST,MANHATTAN
B0919,ERS,SCHENECTADY AVE & PARK PL,11213.0,BROOKLYN,BK08,36.0,40.6725145,-73.93355357,"{'type': 'Point', 'coordinates': [-73.93355357, 40.6725145]}",17615.0,16.0,2.0,49.0,49.0,11213,341,CSL SCHENECTADY AVE & PARK PL,SYNTHETIC_CSL,SCHENECTADY AVE & PARK PL,BROOKLYN
B1033,ERS,KINGSTON AVE & PRESIDENT ST,11213.0,BROOKLYN,BK09,35.0,40.66762256,-73.94236048,"{'type': 'Point', 'coordinates': [-73.94236048, 40.66762256]}",17615.0,17.0,2.0,48.0,44.0,11213,341,CSL KINGSTON AVE & PRESIDENT ST,SYNTHETIC_CSL,KINGSTON AVE & PRESIDENT ST,BROOKLYN
B0950,ERS,BROOKLYN AVE & ST MARKS AVE,11213.0,BROOKLYN,BK08,36.0,40.67490675,-73.94446183,"{'type': 'Point', 'coordinates': [-73.94446183, 40.67490675]}",17615.0,16.0,2.0,49.0,49.0,11213,341,CSL BROOKLYN AVE & ST MARKS AVE,SYNTHETIC_CSL,BROOKLYN AVE & ST MARKS AVE,BROOKLYN
B1041,ERS,BROOKLYN AVE & CARROLL ST,11213.0,BROOKLYN,BK09,35.0,40.66687975,-73.94521418,"{'type': 'Point', 'coordinates': [-73.94521418, 40.66687975]}",17615.0,17.0,2.0,48.0,44.0,11213,341,CSL BROOKLYN AVE & CARROLL ST,SYNTHETIC_CSL,BROOKLYN AVE & CARROLL ST,BROOKLYN
B1605,ERS,UTICA AVE & CROWN ST,11213.0,BROOKLYN,BK09,41.0,40.66523382,-73.9314555,"{'type': 'Point', 'coordinates': [-73.9314555, 40.66523382]}",17615.0,17.0,2.0,17.0,44.0,11213,341,CSL UTICA AVE & CROWN ST,SYNTHETIC_CSL,UTICA AVE & CROWN ST,BROOKLYN
X2875,ERS,NOBLE AVE & GLEASON AVE,10472.0,BRONX,BX09,18.0,40.82942885,-73.86968144,"{'type': 'Point', 'coordinates': [-73.86968144, 40.82942885]}",11610.0,58.0,5.0,31.0,26.0,10472,338,CSL NOBLE AVE & GLEASON AVE,SYNTHETIC_CSL,NOBLE AVE & GLEASON AVE,BRONX
X2850,ERS,SOUND VIEW AVE & WATSON AVE,10472.0,BRONX,BX09,18.0,40.82691495,-73.87202921,"{'type': 'Point', 'coordinates': [-73.87202921, 40.82691495]}",11610.0,58.0,5.0,31.0,26.0,10472,338,CSL SOUND VIEW AVE & WATSON AVE,SYNTHETIC_CSL,SOUND VIEW AVE & WATSON AVE,BRONX
X3098,ERS,BOYNTON AVE & E 173 ST,10472.0,BRONX,BX09,18.0,40.83348339,-73.87936805,"{'type': 'Point', 'coordinates': [-73.87936805, 40.83348339]}",11610.0,58.0,5.0,31.0,26.0,10472,338,CSL BOYNTON AVE & E 173 ST,SYNTHETIC_CSL,BOYNTON AVE & E 173 ST,BRONX
X3042,ERS,ELDER AVE & BX RIVER AVE,10472.0,BRONX,BX09,18.0,40.83318684,-73.88024814,"{'type': 'Point', 'coordinates': [-73.88024814, 40.83318684]}",11610.0,58.0,5.0,43.0,26.0,10472,338,CSL ELDER AVE & BX RIVER AVE,SYNTHETIC_CSL,ELDER AVE & BX RIVER AVE,BRONX
X2892,ERS,WESTCHESTER AVE & ST LAWRENCE AVE,10472.0,BRONX,BX09,18.0,40.83162392,-73.8672577,"{'type': 'Point', 'coordinates': [-73.8672577, 40.83162392]}",11610.0,58.0,5.0,31.0,26.0,10472,338,CSL WESTCHESTER AVE & ST LAWRENCE AVE,SYNTHETIC_CSL,WESTCHESTER AVE & ST LAWRENCE AVE,BRONX
M0654,ERS,8 AVE & W 27 ST,10001.0,MANHATTAN,MN05,3.0,40.74782273,-73.99664704,"{'type': 'Point', 'coordinates': [-73.99664704, 40.74782273]}",11722.0,11.0,4.0,10.0,6.0,10001,337,CSL 8 AVE & W 27 ST,SYNTHETIC_CSL,8 AVE & W 27 ST,MANHATTAN
M0639,ERS,7 AVE & W 26 ST,10001.0,MANHATTAN,MN04,3.0,40.74600398,-73.99426259,"{'type': 'Point', 'coordinates': [-73.99426259, 40.74600398]}",11722.0,12.0,4.0,10.0,6.0,10001,337,CSL 7 AVE & W 26 ST,SYNTHETIC_CSL,7 AVE & W 26 ST,MANHATTAN
M0695,ERS,AVE OF AMERICAS & 32 ST,10001.0,MANHATTAN,MN05,3.0,40.74851327,-73.98871405,"{'type': 'Point', 'coordinates': [-73.98871405, 40.74851327]}",11722.0,11.0,4.0,10.0,8.0,10001,337,CSL AVE OF AMERICAS & 32 ST,SYNTHETIC_CSL,AVE OF AMERICAS & 32 ST,MANHATTAN
M0621,ERS,11 AVE & W 24 ST,10001.0,MANHATTAN,MN04,3.0,40.74955321,-74.00652834,"{'type': 'Point', 'coordinates': [-74.00652834, 40.74955321]}",11722.0,12.0,4.0,10.0,6.0,10001,337,CSL 11 AVE & W 24 ST,SYNTHETIC_CSL,11 AVE & W 24 ST,MANHATTAN
M0675,ERS,11 AVE & W 30 ST,10001.0,MANHATTAN,MN04,3.0,40.75326066,-74.00382216,"{'type': 'Point', 'coordinates': [-74.00382216, 40.75326066]}",11722.0,12.0,4.0,10.0,6.0,10001,337,CSL 11 AVE & W 30 ST,SYNTHETIC_CSL,11 AVE & W 30 ST,MANHATTAN
X2209,ERS,BROOK AVE & E 147 ST,10455.0,BRONX,BX01,8.0,40.81361574,-73.91571885,"{'type': 'Point', 'coordinates': [-73.91571885, 40.81361574]}",10933.0,49.0,5.0,35.0,23.0,10455,337,CSL BROOK AVE & E 147 ST,SYNTHETIC_CSL,BROOK AVE & E 147 ST,BRONX
X2278,ERS,ST ANNS AVE & RAE ST,10455.0,BRONX,BX01,17.0,40.81737256,-73.9113805,"{'type': 'Point', 'coordinates': [-73.9113805, 40.81737256]}",10933.0,49.0,5.0,43.0,23.0,10455,337,CSL ST ANNS AVE & RAE ST,SYNTHETIC_CSL,ST ANNS AVE & RAE ST,BRONX
X2254,ERS,WALES AVE & E 151 ST,10455.0,BRONX,BX01,8.0,40.8147089,-73.90658384,"{'type': 'Point', 'coordinates': [-73.90658384, 40.8147089]}",10933.0,49.0,5.0,35.0,23.0,10455,337,CSL WALES AVE & E 151 ST,SYNTHETIC_CSL,WALES AVE & E 151 ST,BRONX
X2231,ERS,JACKSON AVE & E 149 ST,10455.0,BRONX,BX01,8.0,40.81323307,-73.90907452,"{'type': 'Point', 'coordinates': [-73.90907452, 40.81323307]}",10933.0,49.0,5.0,35.0,23.0,10455,337,CSL JACKSON AVE & E 149 ST,SYNTHETIC_CSL,JACKSON AVE & E 149 ST,BRONX
X2191,ERS,BRUCKNER BLVD & E 144 ST,10455.0,BRONX,BX01,8.0,40.80853159,-73.90496023,"{'type': 'Point', 'coordinates': [-73.90496023, 40.80853159]}",10932.0,49.0,5.0,35.0,23.0,10455,337,CSL BRUCKNER BLVD & E 144 ST,SYNTHETIC_CSL,BRUCKNER BLVD & E 144 ST,BRONX
X3722,ERS,BROADWAY & W 230 ST,10463.0,BRONX,BX08,11.0,40.87691333,-73.90657623,"{'type': 'Point', 'coordinates': [-73.90657623, 40.87691333]}",11272.0,48.0,5.0,40.0,33.0,10463,330,CSL BROADWAY & W 230 ST,SYNTHETIC_CSL,BROADWAY & W 230 ST,BRONX
X3751,ERS,ARLINGTON AVE & W 235 ST,10463.0,BRONX,BX08,11.0,40.8860048,-73.91184837,"{'type': 'Point', 'coordinates': [-73.91184837, 40.8860048]}",11272.0,48.0,5.0,40.0,33.0,10463,330,CSL ARLINGTON AVE & W 235 ST,SYNTHETIC_CSL,ARLINGTON AVE & W 235 ST,BRONX
X3386,ERS,W KINGSBRIDGE RD & KINGSBRIDGE TER,10463.0,BRONX,BX07,14.0,40.87036128,-73.90442003,"{'type': 'Point', 'coordinates': [-73.90442003, 40.87036128]}",11272.0,48.0,5.0,29.0,33.0,10463,330,CSL W KINGSBRIDGE RD & KINGSBRIDGE TER,SYNTHETIC_CSL,W KINGSBRIDGE RD & KINGSBRIDGE TER,BRONX
X3738,ERS,JOHNSON AVE & W 232 ST,10463.0,BRONX,BX08,11.0,40.8835225,-73.91033844,"{'type': 'Point', 'coordinates': [-73.91033844, 40.8835225]}",11272.0,48.0,5.0,40.0,33.0,10463,330,CSL JOHNSON AVE & W 232 ST,SYNTHETIC_CSL,JOHNSON AVE & W 232 ST,BRONX
X3746,ERS,BROADWAY & W 234 ST,10463.0,BRONX,BX08,11.0,40.88168673,-73.90282207,"{'type': 'Point', 'coordinates': [-73.90282207, 40.88168673]}",11272.0,48.0,5.0,40.0,33.0,10463,330,CSL BROADWAY & W 234 ST,SYNTHETIC_CSL,BROADWAY & W 234 ST,BRONX
M0428,ERS,AVENUE B & E 4 ST,10009.0,MANHATTAN,MN03,2.0,40.72327798,-73.9825245,"{'type': 'Point', 'coordinates': [-73.9825245, 40.72327798]}",11729.0,70.0,4.0,50.0,5.0,10009,318,CSL AVENUE B & E 4 ST,SYNTHETIC_CSL,AVENUE B & E 4 ST,MANHATTAN
M0482,ERS,STUYVESANT TWN SVC RD 1 AVE & E 16 ST,10009.0,MANHATTAN,MN06,2.0,40.73264377,-73.981562,"{'type': 'Point', 'coordinates': [-73.981562, 40.73264377]}",11729.0,71.0,4.0,50.0,7.0,10009,318,CSL STUYVESANT TWN SVC RD 1 AVE & E 16 ST,SYNTHETIC_CSL,STUYVESANT TWN SVC RD 1 AVE & E 16 ST,MANHATTAN
M0467,ERS,E 13 ST & AVE C/LOISAIDA AVE,10009.0,MANHATTAN,MN03,2.0,40.7277487,-73.97617988,"{'type': 'Point', 'coordinates': [-73.97617988, 40.7277487]}",11729.0,70.0,4.0,50.0,5.0,10009,318,CSL E 13 ST & AVE C/LOISAIDA AVE,SYNTHETIC_CSL,E 13 ST & AVE C/LOISAIDA AVE,MANHATTAN
M0453,ERS,1 AVE & E 10 ST,10009.0,MANHATTAN,MN03,2.0,40.72876844,-73.98443161,"{'type': 'Point', 'coordinates': [-73.98443161, 40.72876844]}",11724.0,70.0,4.0,50.0,5.0,10009,318,CSL 1 AVE & E 10 ST,SYNTHETIC_CSL,1 AVE & E 10 ST,MANHATTAN
M0451,ERS,AVENUE D & E 10 ST,10009.0,MANHATTAN,MN03,2.0,40.7248774,-73.97516417,"{'type': 'Point', 'coordinates': [-73.97516417, 40.7248774]}",11729.0,70.0,4.0,50.0,5.0,10009,318,CSL AVENUE D & E 10 ST,SYNTHETIC_CSL,AVENUE D & E 10 ST,MANHATTAN
Q1095,BARS,MOTT AVE & MCBRIDE ST,11691.0,QUEENS,QN14,31.0,40.60573893,-73.757706,"{'type': 'Point', 'coordinates': [-73.757706, 40.60573893]}",20529.0,51.0,3.0,47.0,59.0,11691,318,CSL MOTT AVE & MCBRIDE ST,SYNTHETIC_CSL,MOTT AVE & MCBRIDE ST,QUEENS
Q1017,BARS,EMPIRE AVE & VIRGINIA ST,11691.0,QUEENS,QN14,31.0,40.60695243,-73.74351982,"{'type': 'Point', 'coordinates': [-73.74351982, 40.60695243]}",20529.0,51.0,3.0,47.0,59.0,11691,318,CSL EMPIRE AVE & VIRGINIA ST,SYNTHETIC_CSL,EMPIRE AVE & VIRGINIA ST,QUEENS
Q1094,BARS,MOTT AVE & BEACH CHANNEL DR,11691.0,QUEENS,QN14,31.0,40.60533444,-73.75527385,"{'type': 'Point', 'coordinates': [-73.75527385, 40.60533444]}",20529.0,51.0,3.0,47.0,59.0,11691,318,CSL MOTT AVE & BEACH CHANNEL DR,SYNTHETIC_CSL,MOTT AVE & BEACH CHANNEL DR,QUEENS
Q1069,BARS,SEAGIRT BLVD & BEACH 14 ST,11691.0,QUEENS,QN14,31.0,40.59527141,-73.74820535,"{'type': 'Point', 'coordinates': [-73.74820535, 40.59527141]}",20529.0,51.0,3.0,47.0,59.0,11691,318,CSL SEAGIRT BLVD & BEACH 14 ST,SYNTHETIC_CSL,SEAGIRT BLVD & BEACH 14 ST,QUEENS
Q1046,BARS,BEACH 6 ST & JARVIS AVE,11691.0,QUEENS,QN14,31.0,40.59867493,-73.74024581,"{'type': 'Point', 'coordinates': [-73.74024581, 40.59867493]}",20529.0,51.0,3.0,47.0,59.0,11691,318,CSL BEACH 6 ST & JARVIS AVE,SYNTHETIC_CSL,BEACH 6 ST & JARVIS AVE,QUEENS
B3533,ERS,NEPTUNE AVE & W 28 ST,11224.0,BROOKLYN,BK13,47.0,40.57787974,-73.99475686,"{'type': 'Point', 'coordinates': [-73.99475686, 40.57787974]}",18184.0,21.0,2.0,45.0,35.0,11224,312,CSL NEPTUNE AVE & W 28 ST,SYNTHETIC_CSL,NEPTUNE AVE & W 28 ST,BROOKLYN
B3522,ERS,SURF AVE & W 37 ST,11224.0,BROOKLYN,BK13,47.0,40.57332704,-74.00254829,"{'type': 'Point', 'coordinates': [-74.00254829, 40.57332704]}",18184.0,21.0,2.0,45.0,35.0,11224,312,CSL SURF AVE & W 37 ST,SYNTHETIC_CSL,SURF AVE & W 37 ST,BROOKLYN
B3559,ERS,NEPTUNE AVE & STILLWELL AVE,11224.0,BROOKLYN,BK13,47.0,40.57919971,-73.9819384,"{'type': 'Point', 'coordinates': [-73.9819384, 40.57919971]}",18184.0,21.0,2.0,45.0,35.0,11224,312,CSL NEPTUNE AVE & STILLWELL AVE,SYNTHETIC_CSL,NEPTUNE AVE & STILLWELL AVE,BROOKLYN
B3520,ERS,NEPTUNE AVE & W 37 ST,11224.0,BROOKLYN,BK13,47.0,40.57688711,-74.00322253,"{'type': 'Point', 'coordinates': [-74.00322253, 40.57688711]}",18184.0,21.0,2.0,45.0,35.0,11224,312,CSL NEPTUNE AVE & W 37 ST,SYNTHETIC_CSL,NEPTUNE AVE & W 37 ST,BROOKLYN
B3552,ERS,NEPTUNE AVE & W 16 ST,11224.0,BROOKLYN,BK13,47.0,40.57905271,-73.98414926,"{'type': 'Point', 'coordinates': [-73.98414926, 40.57905271]}",18184.0,21.0,2.0,45.0,35.0,11224,312,CSL NEPTUNE AVE & W 16 ST,SYNTHETIC_CSL,NEPTUNE AVE & W 16 ST,BROOKLYN
