crow_flies_km,bearing_deg,station_km,hospital_km,csl_km,nearest_origin_km,origin_spread_km,station_minus_csl_km,zip_incident_volume,dispatch_wait_seconds,hour,dow,month,is_weekend,is_rush,is_night,severity,held_indicator,dest_lat,dest_lon,borough,primary_origin_layer,initial_call_type,final_call_type,travel_seconds_true,travel_seconds_pred
0.612235640061472,40.61925678832165,2.169177879801812,3.837147268369664,0.612235640061472,0.612235640061472,3.224911628308192,1.55694223974034,51.0,17.0,18,1,6,0,1,0,5.0,0,40.667473412219195,-73.8700260616479,BROOKLYN,csl,INJURY,INJURY,713.0,866.4459229008075
0.2535192445210474,158.79934416057733,1.3421830212111838,1.226063479291125,0.2535192445210474,0.2535192445210474,1.0886637766901364,1.0886637766901364,35.0,12.0,13,1,6,0,0,0,7.0,1,40.75886307955852,-73.98967525427115,MANHATTAN,csl,SICMIN,SICMIN,2228.0,1386.7623013794453
0.981843000448082,199.99975749871533,0.981843000448082,1.205676818122491,0.6020622966736452,0.6020622966736452,0.6036145214488459,0.3797807037744367,48.0,1173.0,13,1,6,0,0,0,4.0,1,40.88278350178068,-73.8630654141429,BRONX,ems_station,SICK,HEAT,831.0,1302.6324764163091
1.2842069469347652,76.09821849578793,2.999613359286784,1.7423153555908095,1.2842069469347652,1.2842069469347652,1.7154064123520187,1.7154064123520187,3.0,1201.0,18,1,6,0,1,0,6.0,1,40.76159425299747,-73.79640043727605,QUEENS,csl,SICK,SICK,878.0,1040.9274762633077
0.4678047239758241,121.39550029773584,1.2488279844315062,0.4678047239758241,1.003802736519679,0.4678047239758241,0.7810232604556822,0.2450252479118271,17.0,16.0,11,1,6,0,0,0,3.0,0,40.84574656747069,-73.83917046952729,BRONX,hospital_bay,ARREST,CARD,597.0,491.8836997647286
0.1015192482605608,6.418934440056034,0.4859868892090857,0.7529191024754134,0.1015192482605608,0.1015192482605608,0.6513998542148526,0.3844676409485249,50.0,66.0,15,1,6,0,0,0,4.0,0,40.69464231098107,-73.9903123087008,BROOKLYN,csl,OBMAJ,OBMAJ,767.0,550.6837792469615
8.243920904451924,247.3827807651703,14.135259537102357,8.313980293571136,7.885438974879801,7.885438974879801,6.249820562222554,6.249820562222554,3.0,95.0,12,1,6,0,0,0,2.0,1,40.57719193313912,-73.84781123921974,QUEENS,csl,CARDBR,CARDBR,712.0,461.37954777064743
0.2153042852373868,56.935104847898,1.564206034226908,1.2331155021251814,0.2153042852373868,0.2153042852373868,1.3489017489895212,1.3489017489895212,35.0,25.0,22,1,6,0,0,1,6.0,0,40.84376680129907,-73.88351491281807,BRONX,csl,SICK,SICK,421.0,632.6091128816238
0.8557702809719469,221.50710265421336,1.849455519659424,0.8557702809719469,0.2677321699060852,0.2677321699060852,1.5817233497533387,1.5817233497533387,14.0,601.0,16,1,6,0,1,0,5.0,0,40.662056992233616,-73.98583243620013,BROOKLYN,hospital_bay,INJURY,INJURY,1086.0,556.1568308393403
0.7793985676591172,253.04125689894107,0.7793985676591172,2.142019522413338,0.672814854748302,0.672814854748302,1.4692046676650357,0.1065837129108151,8.0,19.0,12,1,6,0,0,0,5.0,0,40.859099166953456,-73.93154262697482,MANHATTAN,ems_station,DRUG,DRUG,666.0,691.3377154556908
0.1482154648779818,0.2402891819099863,0.7342197928465118,0.9151197866774042,0.1482154648779818,0.1482154648779818,0.7669043217994225,0.5860043279685301,58.0,58.0,18,1,6,0,1,0,3.0,0,40.84697506197675,-73.89769511018748,BRONX,csl,CARD,CARD,250.0,500.11742345343555
0.3168629472000526,8.03763088445396,0.3292221643318932,0.3168629472000526,0.0441407938728274,0.0441407938728274,0.2850813704590658,0.2850813704590658,22.0,78.0,20,1,6,0,0,0,4.0,0,40.70240611099527,-73.94186390945687,BROOKLYN,hospital_bay,CVA,CVA,756.0,448.772244112097
1.3788636379530743,263.94416792141016,1.3788636379530743,2.870299367969943,0.6728767652482572,0.6728767652482572,2.197422602721686,0.7059868727048171,23.0,44.0,10,1,6,0,0,0,2.0,0,40.81651264038573,-73.86036674953414,BRONX,ems_station,CARDBR,CARDBR,604.0,645.620837517132
0.6359677644237599,264.58465905573627,0.8631912079416187,0.6359677644237599,0.9182522424761717,0.6359677644237599,0.2822844780524117,-0.0550610345345529,3.0,712.0,22,1,6,0,0,1,6.0,1,40.70976149704822,-74.01246400936128,MANHATTAN,hospital_bay,RESPIR,SICK,642.0,525.9378763610641
0.1978752454797345,157.9850615193343,0.3115786776885763,1.3280047387035825,0.1978752454797345,0.1978752454797345,1.130129493223848,0.1137034322088418,41.0,2739.0,11,1,6,0,0,0,5.0,1,40.836711134538305,-73.9240363632889,BRONX,csl,ABDPN,ABDPN,417.0,883.3263043327612
0.7238277022295143,350.90468182634663,1.943271230585078,1.3929571909293568,0.7238277022295143,0.7238277022295143,1.2194435283555638,1.2194435283555638,11.0,11.0,20,1,6,0,0,0,3.0,0,40.798521814731416,-73.9750083860416,MANHATTAN,csl,CARD,CARD,199.0,481.0057641014182
0.3241465611288214,108.41205572117906,2.4178552782324485,2.38335159699852,0.3241465611288214,0.3241465611288214,2.093708717103627,2.093708717103627,32.0,21.0,17,1,6,0,1,0,6.0,0,40.576958945988395,-73.9911152881316,BROOKLYN,csl,OTHER,OTHER,230.0,695.0404632779421
4.897563217919334,247.65471915008544,11.354300770212538,5.0024915421975855,4.897563217919334,4.897563217919334,6.456737552293204,6.456737552293204,6.0,24.0,14,1,6,0,0,0,6.0,0,40.58898123172857,-73.81135057386167,QUEENS,csl,SICK,SICK,246.0,764.2642356015292
1.6118687282983497,232.00259096976703,1.6118687282983497,2.83934703118951,0.9389357610648162,0.9389357610648162,1.9004112701246936,0.6729329672335335,4.0,15.0,14,1,6,0,0,0,7.0,0,40.61649598267769,-74.01301381826485,BROOKLYN,ems_station,EDPC,EDPM,486.0,806.3273103396713
1.7249508103694948,302.92794227691485,2.7484369695307445,1.7249508103694948,0.5524799529098702,0.5524799529098702,2.1959570166208744,2.1959570166208744,22.0,30.0,13,1,6,0,0,0,5.0,0,40.62235786354158,-73.96565043616631,BROOKLYN,hospital_bay,INJURY,INJURY,346.0,670.8420527272165
1.248843845724156,124.28775331401243,1.6876092793459485,2.721406962125268,1.248843845724156,1.248843845724156,1.472563116401112,0.4387654336217923,7.0,67.0,22,1,6,0,0,1,4.0,0,40.646687328004695,-73.88205993731032,BROOKLYN,csl,EDPM,EDPT,1056.0,693.4652730248653
0.2535192445210474,158.79934416057733,1.3421830212111838,1.226063479291125,0.2535192445210474,0.2535192445210474,1.0886637766901364,1.0886637766901364,35.0,70.0,11,1,6,0,0,0,4.0,0,40.75886307955852,-73.98967525427115,MANHATTAN,csl,OBMAJ,OBMAJ,1171.0,594.7973365224645
3.1991445476161493,75.79418164839251,4.7884590332442105,4.603694503666523,1.0211959139518747,1.0211959139518747,3.767263119292336,3.767263119292336,8.0,58.0,17,1,6,0,1,0,3.0,0,40.721316619734466,-73.74032295162165,QUEENS,csl,INJMAJ,INJMAJ,662.0,745.0852655912076
1.839644937327077,100.21823329729432,2.4642780693912862,2.6651214876366307,0.3261230261079555,0.3261230261079555,2.338998461528675,2.138155043283331,15.0,75.0,21,1,6,0,0,0,4.0,0,40.8117719732324,-73.88507140514197,BRONX,csl,CARDBR,SICPED,663.0,451.2593700890747
0.3720022610310403,286.1971279453612,0.3720022610310403,1.0558736031080815,0.5096398593113268,0.3720022610310403,0.6838713420770413,-0.1376375982802865,34.0,38.0,15,1,6,0,0,0,2.0,0,40.812448125004096,-73.9526188214235,MANHATTAN,ems_station,UNC,UNC,448.0,497.41131640411857
0.1453522020693904,221.8125184947183,0.4238677894544702,0.6952888635650168,0.1453522020693904,0.1453522020693904,0.5499366614956264,0.2785155873850797,38.0,1195.0,17,1,6,0,1,0,4.0,1,40.716440130565445,-73.98514522742113,MANHATTAN,csl,UNKNOW,UNKNOW,826.0,634.8795539157109
0.0960300948628389,211.230704554236,0.7497077802931916,0.5796163256868901,0.0960300948628389,0.0960300948628389,0.6536776854303527,0.6536776854303527,25.0,127.0,13,1,6,0,0,0,3.0,0,40.744987329184966,-73.97871230550359,MANHATTAN,csl,INJMAJ,INJMAJ,288.0,488.9905209424922
0.1482154648779818,0.2402891819099863,0.7342197928465118,0.9151197866774042,0.1482154648779818,0.1482154648779818,0.7669043217994225,0.5860043279685301,58.0,3662.0,18,1,6,0,1,0,2.0,1,40.84697506197675,-73.89769511018748,BRONX,csl,ABDPN,UNC,175.0,852.1431201771936
0.6366272214685624,188.79569241971,1.0109506057803006,1.034095089518788,0.3530578462426784,0.3530578462426784,0.6810372432761096,0.6578927595376223,6.0,17.0,13,1,6,0,0,0,2.0,1,40.83219211858839,-73.93754023616486,MANHATTAN,csl,CARDBR,CARDBR,277.0,556.978344869412
2.3464067121934167,331.30719096336725,2.8117583419981615,3.917096413004957,2.051184341871786,2.051184341871786,1.8659120711331705,0.7605740001263754,3.0,6.0,12,1,6,0,0,0,5.0,0,40.784197531639705,-73.84250938661845,QUEENS,csl,INJURY,INJURY,929.0,785.2310691644824
0.2153042852373868,56.935104847898,1.564206034226908,1.2331155021251814,0.2153042852373868,0.2153042852373868,1.3489017489895212,1.3489017489895212,35.0,2344.0,12,1,6,0,0,0,6.0,1,40.84376680129907,-73.88351491281807,BRONX,csl,DRUG,SICK,1161.0,682.7906099873267
1.216605144284183,295.3140243017085,2.7409462915886262,2.535573062910073,0.4902830329783176,0.4902830329783176,2.2506632586103086,2.2506632586103086,14.0,11.0,12,1,6,0,0,0,2.0,0,40.697581051726765,-73.78664900498536,QUEENS,csl,CARDBR,CARDBR,902.0,565.599556074685
1.023195207252786,82.4960842389188,3.398287623479907,3.334255334735787,0.7239051227116458,0.7239051227116458,2.674382500768261,2.674382500768261,8.0,6.0,23,1,6,0,0,1,3.0,0,40.71546306638524,-73.76508717400552,QUEENS,csl,SEIZR,SEIZR,373.0,672.2879983937503
1.2111831395792954,208.4926616634625,2.263455965475165,1.929569476064946,0.2494070887622594,0.2494070887622594,2.0140488767129057,2.0140488767129057,19.0,49.0,17,1,6,0,1,0,6.0,0,40.829582775437075,-73.86602876799958,BRONX,csl,UNC,SICK,743.0,653.3435702525896
0.3036400776355003,251.3546704010768,1.8685985892544303,0.3036400776355003,0.6314938172134429,0.3036400776355003,1.56495851161893,1.2371047720409876,24.0,38.0,17,1,6,0,1,0,2.0,0,40.70324324811322,-73.92109776997643,BROOKLYN,hospital_bay,UNC,UNC,199.0,421.8890221567895
0.8780910711134189,327.02499797722425,0.9176286317388068,0.8780910711134189,0.6062019414224074,0.6062019414224074,0.3114266903163993,0.3114266903163993,12.0,97.0,23,1,6,0,0,1,7.0,0,40.663270614831106,-73.95060087631475,BROOKLYN,hospital_bay,SICMIN,SICMIN,1394.0,688.2104482675325
0.3870915248794755,157.4353116207036,1.1891407971323402,0.7604645912352598,0.0337127079742529,0.0337127079742529,1.1554280891580873,1.1554280891580873,33.0,26.0,22,1,6,0,0,1,2.0,0,40.79971253537102,-73.9658103333289,MANHATTAN,csl,CARDBR,CARDBR,297.0,432.5525439979163
2.204076920419618,54.01627941120586,2.2111780408908284,2.204076920419618,0.550448417937683,0.550448417937683,1.6607296229531454,1.6607296229531454,13.0,435.0,12,1,6,0,0,0,3.0,1,40.86813117898569,-73.82633906605989,BRONX,hospital_bay,SICMIN,CARD,322.0,753.354024758158
0.7545194346441468,26.505281521512075,3.1388656785345206,0.7545194346441468,0.0608948277509535,0.0608948277509535,3.077970850783567,3.077970850783567,17.0,18.0,20,1,6,0,0,0,2.0,0,40.77574453876112,-73.98280187353322,MANHATTAN,hospital_bay,DIFFBR,DIFFBR,280.0,482.74795237641473
1.047994141939968,320.5856379274388,2.802058971404344,2.2805624335643557,1.047994141939968,1.047994141939968,1.754064829464376,1.754064829464376,4.0,12.0,21,1,6,0,0,0,2.0,0,40.76127872944329,-73.9503306183953,QUEENS,csl,DIFFBR,DIFFBR,873.0,484.4260502378723
1.6852111449950509,358.9818344889662,1.6852111449950509,1.720101632852571,0.3607743080819735,0.3607743080819735,1.359327324770597,1.3244368369130777,17.0,12.0,15,1,6,0,0,0,4.0,0,40.65719107451709,-74.00628599086636,BROOKLYN,ems_station,UNKNOW,UNKNOW,378.0,619.9841110209346
0.3688026009091322,208.3842100728054,1.8674324291091016,1.993649372902469,0.3688026009091322,0.3688026009091322,1.6248467719933366,1.4986298281999697,13.0,12.0,18,1,6,0,1,0,5.0,0,40.60780803745915,-74.08841900067937,STATEN ISLAND,csl,SHOT,INJURY,264.0,524.3834259072437
1.872073455077552,3.1704307301276913,1.872073455077552,2.7348789581742357,0.8992834453602089,0.8992834453602089,1.8355955128140269,0.9727900097173432,5.0,4.0,13,1,6,0,0,0,3.0,0,40.90017918605311,-73.90107509999169,BRONX,ems_station,ALTMEN,ALTMEN,913.0,519.5934091100937
0.1482154648779818,0.2402891819099863,0.7342197928465118,0.9151197866774042,0.1482154648779818,0.1482154648779818,0.7669043217994225,0.5860043279685301,58.0,1443.0,15,1,6,0,0,0,6.0,1,40.84697506197675,-73.89769511018748,BRONX,csl,SICK,SICK,607.0,653.539409991685
0.3870915248794755,157.4353116207036,1.1891407971323402,0.7604645912352598,0.0337127079742529,0.0337127079742529,1.1554280891580873,1.1554280891580873,33.0,67.0,23,1,6,0,0,1,2.0,0,40.79971253537102,-73.9658103333289,MANHATTAN,csl,DIFFBR,DIFFBR,717.0,459.29707965676045
1.6992137476822735,55.25779023600495,1.6992137476822735,2.361605326459539,0.5665776633107518,0.5665776633107518,1.7950276631487871,1.1326360843715215,14.0,152.0,20,1,6,0,0,0,5.0,0,40.8265294504822,-73.82747828284283,BRONX,ems_station,INJURY,INJURY,207.0,599.7545628576377
0.841603742546381,64.09160663549159,4.288709555679768,4.575064370981143,0.841603742546381,0.841603742546381,3.733460628434762,3.447105813133387,17.0,586.0,19,1,6,0,1,0,4.0,1,40.6984645717949,-73.88963538113958,QUEENS,csl,UNKNOW,UNKNOW,596.0,996.2253892447006
1.2111831395792954,208.4926616634625,2.263455965475165,1.929569476064946,0.2494070887622594,0.2494070887622594,2.0140488767129057,2.0140488767129057,19.0,51.0,12,1,6,0,0,0,4.0,0,40.829582775437075,-73.86602876799958,BRONX,csl,OBMAJ,OBMAJ,12.0,660.5793494723943
0.1730361040569689,206.56913815321028,0.1897111860848906,0.1730361040569689,0.3518959920523762,0.1730361040569689,0.1788598879954072,-0.1621848059674855,20.0,526.0,19,1,6,0,1,0,5.0,1,40.83976482326059,-73.94173123284911,MANHATTAN,hospital_bay,DRUG,DRUG,108.0,478.35223309344207
0.8648630717483142,129.2921301340303,0.8648630717483142,1.099102234480369,0.1393977411416439,0.1393977411416439,0.959704493338725,0.7254653306066703,22.0,110.0,21,1,6,0,0,0,5.0,0,40.82565518017367,-73.89260405134473,BRONX,ems_station,ABDPN,ABDPN,661.0,494.12568592275903
0.7518208106180903,196.5014024197263,8.317553983508148,0.7518208106180903,0.9389574893104946,0.7518208106180903,7.565733172890058,7.378596494197653,1.0,5639.0,17,1,6,0,1,0,7.0,1,40.74802859717477,-73.71020222506348,QUEENS,hospital_bay,EDPE,EDPE,708.0,720.5080689024425
1.3788636379530743,263.94416792141016,1.3788636379530743,2.870299367969943,0.6728767652482572,0.6728767652482572,2.197422602721686,0.7059868727048171,23.0,14.0,11,1,6,0,0,0,3.0,0,40.81651264038573,-73.86036674953414,BRONX,ems_station,CARD,CARD,264.0,535.7230248455548
0.3170364590317743,224.06066619806188,1.1446392674109995,1.0855669643447492,0.3170364590317743,0.3170364590317743,0.8276028083792252,0.8276028083792252,26.0,17.0,11,1,6,0,0,0,2.0,0,40.71495048336277,-73.79223361830964,QUEENS,csl,UNC,UNC,408.0,514.4286227110694
0.4083767497415039,167.8317703129668,0.7722914632659746,0.5929048190902462,0.4083767497415039,0.4083767497415039,0.3639147135244707,0.3639147135244707,42.0,34.0,16,1,6,0,1,0,5.0,0,40.82898240818156,-73.90949161407787,BRONX,csl,INJURY,INJURY,996.0,600.6272852914581
0.4083767497415039,167.8317703129668,0.7722914632659746,0.5929048190902462,0.4083767497415039,0.4083767497415039,0.3639147135244707,0.3639147135244707,42.0,10.0,21,1,6,0,0,0,5.0,0,40.82898240818156,-73.90949161407787,BRONX,csl,INJURY,INJURY,549.0,677.4731060204385
0.2153042852373868,56.935104847898,1.564206034226908,1.2331155021251814,0.2153042852373868,0.2153042852373868,1.3489017489895212,1.3489017489895212,35.0,1802.0,19,1,6,0,1,0,5.0,1,40.84376680129907,-73.88351491281807,BRONX,csl,DRUG,DRUG,457.0,662.7900414472306
0.6551681234959842,225.68602795203333,0.6551681234959842,2.219309181688833,0.2823764862055331,0.2823764862055331,1.9369326954832995,0.3727916372904511,23.0,27.0,21,1,6,0,0,0,5.0,0,40.87925272683152,-73.9078829289896,BRONX,ems_station,INJURY,INJURY,1008.0,522.7342765784006
2.50311111248011,205.25999194645485,4.608736979712653,5.132460230252452,2.50311111248011,2.50311111248011,2.6293491177723416,2.1056258672325425,29.0,63.0,15,1,6,0,0,0,2.0,0,40.658344376091534,-73.79440505498604,QUEENS,csl,RESPIR,CARDBR,698.0,477.8878435791939
1.127670661027651,115.77849675848968,1.127670661027651,2.350470075454586,1.5067612830358252,1.127670661027651,1.2227994144269356,-0.3790906220081742,9.0,149.0,21,1,6,0,0,0,5.0,0,40.62100995619608,-73.98593371737667,BROOKLYN,ems_station,DRUG,DRUG,582.0,707.291356131934
0.6349209541541971,129.7166009944125,1.9577482421983503,2.2383033310821654,0.6349209541541971,0.6349209541541971,1.6033823769279685,1.3228272880441532,31.0,19.0,15,1,6,0,0,0,6.0,0,40.750494909866546,-73.85135725025106,QUEENS,csl,CVAC,SICK,478.0,480.9445063203949
0.1102209709940081,276.07509965422804,0.3013045396314963,0.2672868322625698,0.1102209709940081,0.1102209709940081,0.1910835686374881,0.1910835686374881,37.0,15.0,21,1,6,0,0,0,2.0,0,40.81939022762444,-73.92532803861734,BRONX,csl,STATEP,STATEP,567.0,291.905184295557
0.1978752454797345,157.9850615193343,0.3115786776885763,1.3280047387035825,0.1978752454797345,0.1978752454797345,1.130129493223848,0.1137034322088418,41.0,171.0,13,1,6,0,0,0,7.0,1,40.836711134538305,-73.9240363632889,BRONX,csl,EDP,EDPM,1513.0,1322.6032298514858
0.3168629472000526,8.03763088445396,0.3292221643318932,0.3168629472000526,0.0441407938728274,0.0441407938728274,0.2850813704590658,0.2850813704590658,22.0,22.0,13,1,6,0,0,0,3.0,0,40.70240611099527,-73.94186390945687,BROOKLYN,hospital_bay,PEDSTR,PEDSTR,470.0,563.4504876569215
0.6330766019592747,16.543840503150818,4.782824918412687,5.097494239678706,0.5986822671184716,0.5986822671184716,4.498811972560235,4.1841426512942155,6.0,7.0,21,1,6,0,0,0,3.0,0,40.62858228061272,-74.16545975714129,STATEN ISLAND,csl,CARD,CARD,821.0,588.6877029743965
0.5924511676353376,275.4190576629016,2.7479045403031908,0.6679109490284281,0.7872012545606408,0.6679109490284281,2.0799935912747625,1.96070328574255,13.0,44.0,17,1,6,0,1,0,3.0,0,40.76490651143409,-73.96385704134997,MANHATTAN,hospital_bay,ALTMEN,ALTMEN,907.0,648.104746982287
0.5052107161938059,230.88943666622615,4.0890584068968945,2.7688461612660262,0.5052107161938059,0.5052107161938059,3.5838476907030885,3.5838476907030885,4.0,6.0,15,1,6,0,0,0,6.0,0,40.629255020867944,-74.13747799872817,STATEN ISLAND,csl,SICK,SICK,626.0,508.45016771513076
0.1978752454797345,157.9850615193343,0.3115786776885763,1.3280047387035825,0.1978752454797345,0.1978752454797345,1.130129493223848,0.1137034322088418,41.0,25.0,11,1,6,0,0,0,3.0,0,40.836711134538305,-73.9240363632889,BRONX,csl,CARD,CARD,371.0,546.9286904991623
1.3788636379530743,263.94416792141016,1.3788636379530743,2.870299367969943,0.6728767652482572,0.6728767652482572,2.197422602721686,0.7059868727048171,23.0,30.0,21,1,6,0,0,0,7.0,0,40.81651264038573,-73.86036674953414,BRONX,ems_station,EDPC,EDPC,700.0,723.2501418629142
0.4537097261213507,349.2585435903389,1.7807741655499716,1.0272287625389191,0.2274909634375671,0.2274909634375671,1.5532832021124046,1.5532832021124046,31.0,10.0,22,1,6,0,0,1,3.0,0,40.8431649108642,-73.86016672507611,BRONX,csl,CARD,CARD,586.0,438.64746456360035
0.4033259627852783,256.2285212234912,1.5943525710605335,1.424544716432651,0.4033259627852783,0.4033259627852783,1.1910266082752554,1.1910266082752554,36.0,98.0,23,1,6,0,0,1,4.0,0,40.645907372619014,-73.95669229791639,BROOKLYN,csl,UNKNOW,UNKNOW,567.0,899.7313183552899
0.6330766019592747,16.543840503150818,4.782824918412687,5.097494239678706,0.5986822671184716,0.5986822671184716,4.498811972560235,4.1841426512942155,6.0,71.0,21,1,6,0,0,0,5.0,1,40.62858228061272,-74.16545975714129,STATEN ISLAND,csl,STATEP,DRUG,507.0,730.5258103766986
0.612235640061472,40.61925678832165,2.169177879801812,3.837147268369664,0.612235640061472,0.612235640061472,3.224911628308192,1.55694223974034,51.0,1694.0,16,1,6,0,1,0,5.0,1,40.667473412219195,-73.8700260616479,BROOKLYN,csl,DRUG,DRUG,437.0,1159.5739482093202
0.612235640061472,40.61925678832165,2.169177879801812,3.837147268369664,0.612235640061472,0.612235640061472,3.224911628308192,1.55694223974034,51.0,27.0,22,1,6,0,0,1,2.0,0,40.667473412219195,-73.8700260616479,BROOKLYN,csl,DIFFBR,DIFFBR,227.0,564.8865880368716
1.7249508103694948,302.92794227691485,2.7484369695307445,1.7249508103694948,0.5524799529098702,0.5524799529098702,2.1959570166208744,2.1959570166208744,22.0,10.0,14,1,6,0,0,0,5.0,0,40.62235786354158,-73.96565043616631,BROOKLYN,hospital_bay,ABDPN,ABDPN,544.0,733.3547885648916
0.1978752454797345,157.9850615193343,0.3115786776885763,1.3280047387035825,0.1978752454797345,0.1978752454797345,1.130129493223848,0.1137034322088418,41.0,572.0,16,1,6,0,1,0,5.0,1,40.836711134538305,-73.9240363632889,BRONX,csl,ABDPN,ABDPN,767.0,940.2333923215031
0.3036400776355003,251.3546704010768,1.8685985892544303,0.3036400776355003,0.6314938172134429,0.3036400776355003,1.56495851161893,1.2371047720409876,24.0,60.0,22,1,6,0,0,1,5.0,0,40.70324324811322,-73.92109776997643,BROOKLYN,hospital_bay,INJURY,INJURY,154.0,613.520295054538
0.4913455054516921,8.641161757021962,0.756656517788434,0.7537572733204558,0.4913455054516921,0.4913455054516921,0.2653110123367418,0.2653110123367418,45.0,15704.0,15,1,6,0,0,0,7.0,1,40.79181061410928,-73.94389258547608,MANHATTAN,csl,SICMIN,SICMIN,1942.0,809.5883426129377
0.2336245703825917,18.75558586292408,0.2336245703825917,1.5469296274940894,0.4508841428678818,0.2336245703825917,1.3133050571114977,-0.2172595724852901,40.0,38.0,12,1,6,0,0,0,3.0,0,40.75156446523435,-73.998960240437,MANHATTAN,ems_station,PEDSTR,PEDSTR,68.0,481.148111644465
0.1730361040569689,206.56913815321028,0.1897111860848906,0.1730361040569689,0.3518959920523762,0.1730361040569689,0.1788598879954072,-0.1621848059674855,20.0,248.0,19,1,6,0,1,0,2.0,0,40.83976482326059,-73.94173123284911,MANHATTAN,hospital_bay,CARD,CARDBR,1046.0,549.969067012147
0.4171920136565026,179.07777753433436,1.3725872801416648,1.254102848944375,0.4171920136565026,0.4171920136565026,0.9553952664851622,0.9553952664851622,36.0,46.0,16,1,6,0,1,0,5.0,0,40.86461650805717,-73.88972537988687,BRONX,csl,UNKNOW,ABDPN,573.0,669.0297239531891
1.4914084740829812,284.3348764785278,2.8774834055765104,1.527038005891222,0.309231305632269,0.309231305632269,2.5682520999442415,2.5682520999442415,13.0,11.0,18,1,6,0,1,0,4.0,0,40.688479402536366,-73.8223922071776,QUEENS,csl,UNKNOW,UNKNOW,390.0,687.3628700648129
0.2901744633064361,181.8164049033409,1.398454406456316,0.3316638280187996,0.2901744633064361,0.2901744633064361,1.10827994314988,1.10827994314988,44.0,3028.0,19,1,6,0,1,0,5.0,1,40.80176638956237,-73.93752780228272,MANHATTAN,csl,DRUG,DRUG,429.0,738.8938120180352
0.3720022610310403,286.1971279453612,0.3720022610310403,1.0558736031080815,0.5096398593113268,0.3720022610310403,0.6838713420770413,-0.1376375982802865,34.0,22.0,20,1,6,0,0,0,5.0,0,40.812448125004096,-73.9526188214235,MANHATTAN,ems_station,UNC,DRUG,557.0,350.29628702744003
0.9388070289912376,75.77209399360555,2.2347425697756256,1.1317397609688875,0.2304011887751341,0.2304011887751341,2.0043413810004913,2.0043413810004913,19.0,36.0,14,1,6,0,0,0,4.0,0,40.75810645685221,-73.9682197312134,MANHATTAN,csl,RESPIR,RESPIR,622.0,624.1115606612301
1.3788636379530743,263.94416792141016,1.3788636379530743,2.870299367969943,0.6728767652482572,0.6728767652482572,2.197422602721686,0.7059868727048171,23.0,18.0,18,1,6,0,1,0,2.0,0,40.81651264038573,-73.86036674953414,BRONX,ems_station,CARDBR,CARDBR,613.0,514.4410818261871
1.350367816706896,173.01448728031698,2.3765379351072347,1.350367816706896,0.8369980909126353,0.8369980909126353,1.539539844194599,1.539539844194599,16.0,41.0,19,1,6,0,1,0,5.0,0,40.601872575760666,-73.94655035831178,BROOKLYN,hospital_bay,ARREST,GYNHEM,448.0,645.9314013513853
0.3651458173094486,198.74667597967135,0.582274631376866,0.5715228742511879,0.2969809073906651,0.2969809073906651,0.2852937239862008,0.2852937239862008,15.0,2376.0,19,1,6,0,1,0,6.0,1,40.73886013787706,-73.98225252995272,MANHATTAN,csl,SICK,SICK,515.0,686.3661046154182
0.8882098761081669,82.64793938879654,0.8882098761081669,1.1709433084912395,0.8581772871558095,0.8581772871558095,0.3127660213354299,0.0300325889523573,12.0,27.0,23,1,6,0,0,1,2.0,0,40.696519702454395,-73.96636995753218,BROOKLYN,ems_station,CARDBR,CARDBR,567.0,472.7111260135674
1.7743577363053236,26.03700834527325,1.7743577363053236,3.246587275772539,1.18094962682603,1.18094962682603,2.0656376489465087,0.5934081094792936,12.0,261.0,17,1,6,0,1,0,6.0,1,40.728491330759866,-73.94780900902853,BROOKLYN,ems_station,SICK,SICK,717.0,994.0781033470015
0.1453522020693904,221.8125184947183,0.4238677894544702,0.6952888635650168,0.1453522020693904,0.1453522020693904,0.5499366614956264,0.2785155873850797,38.0,28.0,19,1,6,0,1,0,4.0,0,40.716440130565445,-73.98514522742113,MANHATTAN,csl,UNKNOW,UNKNOW,437.0,640.2207847116259
0.9141118754393346,351.11221099289486,0.9141118754393346,1.256112863999462,0.031324385087762,0.031324385087762,1.2247884789117,0.8827874903515726,14.0,511.0,17,1,6,0,1,0,5.0,1,40.762337084734654,-73.91216388420813,QUEENS,ems_station,INJURY,INJURY,530.0,696.4706415187521
0.1839396581531311,236.4671551962232,1.9190693727318615,0.5559170790296506,0.1839396581531311,0.1839396581531311,1.7351297145787306,1.7351297145787306,28.0,7.0,19,1,6,0,1,0,3.0,0,40.70085170594743,-73.80974597742306,QUEENS,csl,CARD,CARD,628.0,454.0882947814216
0.4478009408787778,2.134105146929585,2.127015415487755,3.4618539202001095,0.4478009408787778,0.4478009408787778,3.0140529793213315,1.679214474608977,13.0,22.0,15,1,6,0,0,0,2.0,0,40.574866847218075,-74.12491175116226,STATEN ISLAND,csl,UNKNOW,DIFFBR,714.0,550.4147501429627
0.3962851555993346,333.58690582294264,1.0270362411671596,1.0311027176785297,0.3962851555993346,0.3962851555993346,0.6348175620791949,0.6307510855678251,48.0,7.0,11,1,6,0,0,0,2.0,0,40.85260992626471,-73.91321825605405,BRONX,csl,UNC,UNC,498.0,466.8875920392993
2.882840346843524,259.87750582652586,2.882840346843524,2.9911780798486576,1.8014701810416092,1.8014701810416092,1.1897078988070484,1.0813701658019148,14.0,138.0,18,1,6,0,1,0,2.0,0,40.62085954469528,-74.03158989424534,BROOKLYN,ems_station,CARDBR,CARDBR,147.0,424.83575476826746
0.6777898647711774,238.02011312253563,0.6877913119971023,0.6868297347281731,0.6777898647711774,0.6777898647711774,0.0100014472259248,0.0100014472259248,10.0,10306.0,14,1,6,0,0,0,7.0,1,40.78040394504142,-73.9503467842834,MANHATTAN,csl,SICMIN,SICMIN,640.0,874.8059013680848
0.981843000448082,199.99975749871533,0.981843000448082,1.205676818122491,0.6020622966736452,0.6020622966736452,0.6036145214488459,0.3797807037744367,48.0,38.0,15,1,6,0,0,0,5.0,0,40.88278350178068,-73.8630654141429,BRONX,ems_station,INJURY,INJURY,878.0,711.2777195547937
2.043130378199905,338.7133752150956,2.043130378199905,4.3730949162752095,2.0309114095317526,2.0309114095317526,2.342183506743457,0.0122189686681521,15.0,12.0,13,1,6,0,0,0,7.0,0,40.79186840881026,-73.88333172885717,QUEENS,ems_station,INJMIN,INJMIN,10.0,1010.3446790814787
0.3870915248794755,157.4353116207036,1.1891407971323402,0.7604645912352598,0.0337127079742529,0.0337127079742529,1.1554280891580873,1.1554280891580873,33.0,1209.0,13,1,6,0,0,0,5.0,1,40.79971253537102,-73.9658103333289,MANHATTAN,csl,DRUG,ABDPN,491.0,647.7921975710493
0.1102209709940081,276.07509965422804,0.3013045396314963,0.2672868322625698,0.1102209709940081,0.1102209709940081,0.1910835686374881,0.1910835686374881,37.0,1625.0,12,1,6,0,0,0,5.0,1,40.81939022762444,-73.92532803861734,BRONX,csl,INJURY,INJURY,709.0,721.4849727098149
0.4913455054516921,8.641161757021962,0.756656517788434,0.7537572733204558,0.4913455054516921,0.4913455054516921,0.2653110123367418,0.2653110123367418,45.0,16.0,17,1,6,0,1,0,5.0,0,40.79181061410928,-73.94389258547608,MANHATTAN,csl,INJURY,INJURY,420.0,563.7711327903213
0.7915729023810485,351.2866166188909,2.906192997364558,0.7915729023810485,1.3872882698058446,0.7915729023810485,2.1146200949835094,1.5189047275587133,13.0,53.0,12,1,6,0,0,0,5.0,0,40.62576354335876,-73.94439549249944,BROOKLYN,hospital_bay,INJURY,INJURY,694.0,575.9308206342465
3.109588168452942,127.7536536516564,3.593589851886897,3.172883971162787,1.2151216179777162,1.2151216179777162,2.3784682339091807,2.3784682339091807,2.0,7.0,11,1,6,0,0,0,2.0,0,40.685168183860064,-73.84723972246317,QUEENS,csl,STATEP,STATEP,1408.0,568.6808691121859
0.4913455054516921,8.641161757021962,0.756656517788434,0.7537572733204558,0.4913455054516921,0.4913455054516921,0.2653110123367418,0.2653110123367418,45.0,4819.0,13,1,6,0,0,0,6.0,1,40.79181061410928,-73.94389258547608,MANHATTAN,csl,OTHER,OTHER,1021.0,514.832274920819
0.2980516618155469,238.77947922716496,0.2980516618155469,0.9150432304386976,0.2500792497526148,0.2500792497526148,0.6649639806860828,0.047972412062932,9.0,6131.0,17,1,6,0,1,0,5.0,1,40.89518159734686,-73.87185745378329,BRONX,ems_station,INJMIN,INJURY,697.0,1378.2293910050519
0.130733549693534,0.7258673626286054,2.041012212579852,0.8555383400524608,0.130733549693534,0.130733549693534,1.9102786628863175,1.9102786628863175,26.0,72.0,20,1,6,0,0,0,2.0,0,40.68141528070829,-73.9467295192618,BROOKLYN,csl,CARD,CARDBR,480.0,485.4508693433752
0.3255513939842971,164.61287860749337,8.476221425148333,0.4420114737003108,0.3255513939842971,0.3255513939842971,8.150670031164037,8.150670031164037,22.0,11.0,14,1,6,0,0,0,2.0,0,40.60251162659905,-73.75425066145213,QUEENS,csl,CARDBR,CARDBR,273.0,491.2861109648081
0.0677724003099859,24.63176257912517,2.31311200228529,6.465781269818187,0.0677724003099859,0.0677724003099859,6.398008869508201,2.245339601975304,20.0,14.0,16,1,6,0,1,0,4.0,0,40.59585280076783,-74.16156486402443,STATEN ISLAND,csl,UNKNOW,UNKNOW,384.0,732.3257416013206
1.839644937327077,100.21823329729432,2.4642780693912862,2.6651214876366307,0.3261230261079555,0.3261230261079555,2.338998461528675,2.138155043283331,15.0,9.0,19,1,6,0,1,0,2.0,0,40.8117719732324,-73.88507140514197,BRONX,csl,DIFFBR,DIFFBR,960.0,416.3868713784147
0.0410543379019419,304.1935512892187,0.5299397199039938,1.7379071785192488,0.0410543379019419,0.0410543379019419,1.696852840617307,0.4888853820020518,29.0,294.0,16,1,6,0,1,0,3.0,0,40.67685453203215,-73.91686753819093,BROOKLYN,csl,CARD,CARD,389.0,751.3215759302035
0.1482154648779818,0.2402891819099863,0.7342197928465118,0.9151197866774042,0.1482154648779818,0.1482154648779818,0.7669043217994225,0.5860043279685301,58.0,11.0,11,1,6,0,0,0,6.0,0,40.84697506197675,-73.89769511018748,BRONX,csl,CARDBR,SICK,381.0,533.9990031213088
0.3962851555993346,333.58690582294264,1.0270362411671596,1.0311027176785297,0.3962851555993346,0.3962851555993346,0.6348175620791949,0.6307510855678251,48.0,940.0,11,1,6,0,0,0,5.0,1,40.85260992626471,-73.91321825605405,BRONX,csl,ABDPN,ABDPN,979.0,732.6910217952765
0.3512261941613872,158.18581594793864,0.3512261941613872,0.8767397252925154,0.3753395819352581,0.3512261941613872,0.5255135311311282,-0.0241133877738708,19.0,57.0,12,1,6,0,0,0,7.0,1,40.80222251551382,-73.95209841200831,MANHATTAN,ems_station,EDP,EDPM,3085.0,956.1975801601136
0.2336245703825917,18.75558586292408,0.2336245703825917,1.5469296274940894,0.4508841428678818,0.2336245703825917,1.3133050571114977,-0.2172595724852901,40.0,47.0,13,1,6,0,0,0,2.0,0,40.75156446523435,-73.998960240437,MANHATTAN,ems_station,UNC,UNC,1367.0,527.8872525834721
1.839644937327077,100.21823329729432,2.4642780693912862,2.6651214876366307,0.3261230261079555,0.3261230261079555,2.338998461528675,2.138155043283331,15.0,533.0,13,1,6,0,0,0,5.0,0,40.8117719732324,-73.88507140514197,BRONX,csl,MVAINJ,MVAINJ,779.0,657.7421972967684
0.3962851555993346,333.58690582294264,1.0270362411671596,1.0311027176785297,0.3962851555993346,0.3962851555993346,0.6348175620791949,0.6307510855678251,48.0,117.0,22,1,6,0,0,1,3.0,0,40.85260992626471,-73.91321825605405,BRONX,csl,INJMIN,STAB,642.0,665.7173019743966
1.7249508103694948,302.92794227691485,2.7484369695307445,1.7249508103694948,0.5524799529098702,0.5524799529098702,2.1959570166208744,2.1959570166208744,22.0,99.0,13,1,6,0,0,0,7.0,0,40.62235786354158,-73.96565043616631,BROOKLYN,hospital_bay,SICMIN,SICMIN,899.0,914.4843088140051
2.517091430955298,355.0530297658253,2.6609669598013417,2.6240168345237738,2.473032840066083,2.473032840066083,0.1879341197352588,0.1879341197352588,4.0,89.0,19,1,6,0,1,0,5.0,0,40.7395517751568,-73.79219404791488,QUEENS,csl,INJURY,INJURY,295.0,747.7578891988396
0.1482154648779818,0.2402891819099863,0.7342197928465118,0.9151197866774042,0.1482154648779818,0.1482154648779818,0.7669043217994225,0.5860043279685301,58.0,20.0,22,1,6,0,0,1,2.0,0,40.84697506197675,-73.89769511018748,BRONX,csl,CARDBR,CARDBR,338.0,419.9509880693701
0.6362501770379922,136.6531029490509,1.775093083910751,0.778601237992817,0.268451544064999,0.268451544064999,1.506641539845752,1.506641539845752,21.0,204.0,16,1,6,0,1,0,2.0,0,40.67148200907036,-73.93643090377888,BROOKLYN,csl,CARDBR,CARDBR,546.0,624.9157052235093
0.612235640061472,40.61925678832165,2.169177879801812,3.837147268369664,0.612235640061472,0.612235640061472,3.224911628308192,1.55694223974034,51.0,10.0,22,1,6,0,0,1,2.0,0,40.667473412219195,-73.8700260616479,BROOKLYN,csl,UNC,UNC,290.0,487.0297097871043
0.1369304507917049,278.8012740750613,0.732109286573885,1.141327548696715,0.1369304507917049,0.1369304507917049,1.00439709790501,0.59517883578218,20.0,24.0,16,1,6,0,1,0,3.0,0,40.72056549959967,-74.00486522947534,MANHATTAN,csl,ALTMEN,ALTMEN,833.0,555.4228268391657
0.17329997875694,88.98144328152699,0.17329997875694,2.469477134618413,0.3749949235726676,0.17329997875694,2.2961771558614728,-0.2016949448157276,51.0,22.0,19,1,6,0,1,0,2.0,0,40.67164768647864,-73.8931034629108,BROOKLYN,ems_station,CARDBR,CARDBR,555.0,464.9970460056569
0.775511239830078,168.5378979258952,0.775511239830078,1.9558631188101416,1.1589886972580292,0.775511239830078,1.180351878980063,-0.3834774574279512,28.0,1679.0,20,1,6,0,0,0,7.0,1,40.639994739197846,-73.90023555275353,BROOKLYN,ems_station,EDP,EDP,2827.0,986.6319308283694
0.7793985676591172,253.04125689894107,0.7793985676591172,2.142019522413338,0.672814854748302,0.672814854748302,1.4692046676650357,0.1065837129108151,8.0,15.0,17,1,6,0,1,0,3.0,0,40.859099166953456,-73.93154262697482,MANHATTAN,ems_station,CARD,CARD,347.0,547.5236240874987
0.5498614679415669,42.47498172257923,1.4078816808443289,0.5498614679415669,1.041001603926738,0.5498614679415669,0.858020212902762,0.3668800769175908,15.0,26.0,18,1,6,0,1,0,3.0,0,40.75082323785512,-73.82074210024575,QUEENS,hospital_bay,INJMAJ,INJMAJ,468.0,554.6390160516055
0.6362501770379922,136.6531029490509,1.775093083910751,0.778601237992817,0.268451544064999,0.268451544064999,1.506641539845752,1.506641539845752,21.0,58.0,21,1,6,0,0,0,2.0,0,40.67148200907036,-73.93643090377888,BROOKLYN,csl,CARDBR,CARDBR,396.0,461.53313698335137
0.4083767497415039,167.8317703129668,0.7722914632659746,0.5929048190902462,0.4083767497415039,0.4083767497415039,0.3639147135244707,0.3639147135244707,42.0,9.0,12,1,6,0,0,0,2.0,0,40.82898240818156,-73.90949161407787,BRONX,csl,STATEP,STATEP,403.0,485.6795273917711
0.4852465140259243,130.7547541527499,1.3563128063504928,1.3679380727552477,0.4852465140259243,0.4852465140259243,0.8826915587293234,0.8710662923245684,26.0,223.0,20,1,6,0,0,0,4.0,1,40.58434612826166,-73.94889917083387,BROOKLYN,csl,UNKNOW,UNKNOW,86.0,1007.709771686744
0.1015192482605608,6.418934440056034,0.4859868892090857,0.7529191024754134,0.1015192482605608,0.1015192482605608,0.6513998542148526,0.3844676409485249,50.0,354.0,11,1,6,0,0,0,7.0,1,40.69464231098107,-73.9903123087008,BROOKLYN,csl,EDP,EDP,2197.0,872.9533399164194
0.7508879894999629,138.7995789448014,1.3585356016381012,1.2514022541397087,0.2393741975669946,0.2393741975669946,1.1191614040711064,1.1191614040711064,13.0,57.0,12,1,6,0,0,0,6.0,1,40.726802221346986,-73.9787312857601,MANHATTAN,hospital_bay,SICK,SICK,1028.0,955.463444799051
0.1978752454797345,157.9850615193343,0.3115786776885763,1.3280047387035825,0.1978752454797345,0.1978752454797345,1.130129493223848,0.1137034322088418,41.0,67.0,14,1,6,0,0,0,3.0,0,40.836711134538305,-73.9240363632889,BRONX,csl,ALTMEN,ALTMEN,386.0,588.773886564306
0.2997164565306663,185.0816629372388,0.2997164565306663,1.827657765035492,0.2537460390861504,0.2537460390861504,1.5739117259493418,0.0459704174445159,24.0,20.0,14,1,6,0,0,0,3.0,0,40.71146917914613,-73.95736696909172,BROOKLYN,ems_station,INJMAJ,INJMAJ,149.0,484.7311769859809
0.1482154648779818,0.2402891819099863,0.7342197928465118,0.9151197866774042,0.1482154648779818,0.1482154648779818,0.7669043217994225,0.5860043279685301,58.0,2186.0,14,1,6,0,0,0,6.0,1,40.84697506197675,-73.89769511018748,BRONX,csl,OTHER,OTHER,267.0,686.1931265476146
0.3241465611288214,108.41205572117906,2.4178552782324485,2.38335159699852,0.3241465611288214,0.3241465611288214,2.093708717103627,2.093708717103627,32.0,127.0,22,1,6,0,0,1,3.0,0,40.576958945988395,-73.9911152881316,BROOKLYN,csl,PEDSTR,PEDSTR,821.0,521.9986419110184
0.3720022610310403,286.1971279453612,0.3720022610310403,1.0558736031080815,0.5096398593113268,0.3720022610310403,0.6838713420770413,-0.1376375982802865,34.0,9.0,15,1,6,0,0,0,2.0,0,40.812448125004096,-73.9526188214235,MANHATTAN,ems_station,UNC,UNC,307.0,494.84509937216296
0.3962851555993346,333.58690582294264,1.0270362411671596,1.0311027176785297,0.3962851555993346,0.3962851555993346,0.6348175620791949,0.6307510855678251,48.0,1705.0,20,1,6,0,0,0,6.0,1,40.85260992626471,-73.91321825605405,BRONX,csl,SICK,SICK,741.0,610.8092416331735
0.561001807842767,216.01894777369347,0.5658981004996675,0.6692471294810045,0.2545152520021646,0.2545152520021646,0.4147318774788399,0.3113828484975028,17.0,422.0,17,1,6,0,1,0,2.0,1,40.74374198373285,-74.00056296911586,MANHATTAN,csl,SICK,STATEP,832.0,714.0025929227131
0.4537097261213507,349.2585435903389,1.7807741655499716,1.0272287625389191,0.2274909634375671,0.2274909634375671,1.5532832021124046,1.5532832021124046,31.0,341.0,17,1,6,0,1,0,5.0,1,40.8431649108642,-73.86016672507611,BRONX,csl,INJURY,INJURY,1958.0,953.9239270693868
0.130733549693534,0.7258673626286054,2.041012212579852,0.8555383400524608,0.130733549693534,0.130733549693534,1.9102786628863175,1.9102786628863175,26.0,47.0,19,1,6,0,1,0,6.0,1,40.68141528070829,-73.9467295192618,BROOKLYN,csl,SICK,SICK,3483.0,1005.9084498202081
0.4852465140259243,130.7547541527499,1.3563128063504928,1.3679380727552477,0.4852465140259243,0.4852465140259243,0.8826915587293234,0.8710662923245684,26.0,12.0,23,1,6,0,0,1,6.0,0,40.58434612826166,-73.94889917083387,BROOKLYN,csl,OTHER,OTHER,425.0,472.6180274338516
0.7793985676591172,253.04125689894107,0.7793985676591172,2.142019522413338,0.672814854748302,0.672814854748302,1.4692046676650357,0.1065837129108151,8.0,31.0,20,1,6,0,0,0,5.0,0,40.859099166953456,-73.93154262697482,MANHATTAN,ems_station,MVAINJ,MVAINJ,448.0,676.4929687491322
0.0677724003099859,24.63176257912517,2.31311200228529,6.465781269818187,0.0677724003099859,0.0677724003099859,6.398008869508201,2.245339601975304,20.0,9.0,17,1,6,0,1,0,5.0,0,40.59585280076783,-74.16156486402443,STATEN ISLAND,csl,MVAINJ,MVAINJ,122.0,727.3544233178585
0.3255513939842971,164.61287860749337,8.476221425148333,0.4420114737003108,0.3255513939842971,0.3255513939842971,8.150670031164037,8.150670031164037,22.0,54.0,15,1,6,0,0,0,2.0,0,40.60251162659905,-73.75425066145213,QUEENS,csl,CARDBR,CARDBR,643.0,560.5507732556314
0.3870915248794755,157.4353116207036,1.1891407971323402,0.7604645912352598,0.0337127079742529,0.0337127079742529,1.1554280891580873,1.1554280891580873,33.0,696.0,22,1,6,0,0,1,5.0,1,40.79971253537102,-73.9658103333289,MANHATTAN,csl,INJURY,INJURY,343.0,534.5244515859939
0.3461140315711035,253.4482045232647,1.094359572203678,1.0873553289463451,0.3455881213374813,0.3455881213374813,0.7487714508661965,0.7487714508661965,38.0,22.0,23,1,6,0,0,1,4.0,0,40.66460220724024,-73.9145581386799,BROOKLYN,csl,INBLED,INBLED,283.0,650.5217877505737
0.1704052825727977,258.53403074786223,0.7754039712130043,1.373357293437634,0.1370195806806267,0.1370195806806267,1.2363377127570074,0.6383843905323776,34.0,1373.0,14,1,6,0,0,0,6.0,1,40.814404245332184,-73.90856830942926,BRONX,csl,SICK,SICK,393.0,575.6243101603309
0.7915729023810485,351.2866166188909,2.906192997364558,0.7915729023810485,1.3872882698058446,0.7915729023810485,2.1146200949835094,1.5189047275587133,13.0,145.0,19,1,6,0,1,0,6.0,0,40.62576354335876,-73.94439549249944,BROOKLYN,hospital_bay,UNKNOW,OTHER,511.0,682.6871910692184
0.7287577636875596,25.131909295956916,1.570341894403671,0.9453157892822018,0.7287577636875596,0.7287577636875596,0.841584130716111,0.841584130716111,7.0,23.0,22,1,6,0,0,1,2.0,0,40.761324698115786,-73.93136497080326,QUEENS,csl,UNC,UNC,332.0,538.6451143845694
0.981843000448082,199.99975749871533,0.981843000448082,1.205676818122491,0.6020622966736452,0.6020622966736452,0.6036145214488459,0.3797807037744367,48.0,4.0,13,1,6,0,0,0,2.0,0,40.88278350178068,-73.8630654141429,BRONX,ems_station,CARDBR,CARDBR,998.0,456.2651954790932
0.00917923359323,129.33745845599822,0.9499490992491892,0.00917923359323,0.568785130251524,0.00917923359323,0.9407698656559592,0.3811639689976652,21.0,75.0,22,1,6,0,0,1,5.0,0,40.73865807469939,-73.87826689039156,QUEENS,hospital_bay,INJURY,INJURY,679.0,629.3654449046968
0.2336245703825917,18.75558586292408,0.2336245703825917,1.5469296274940894,0.4508841428678818,0.2336245703825917,1.3133050571114977,-0.2172595724852901,40.0,32.0,16,1,6,0,1,0,2.0,0,40.75156446523435,-73.998960240437,MANHATTAN,ems_station,UNC,UNC,408.0,493.2845742087281
0.4913455054516921,8.641161757021962,0.756656517788434,0.7537572733204558,0.4913455054516921,0.4913455054516921,0.2653110123367418,0.2653110123367418,45.0,2809.0,16,1,6,0,1,0,5.0,1,40.79181061410928,-73.94389258547608,MANHATTAN,csl,INJURY,INJURY,660.0,572.6578158561359
0.1102209709940081,276.07509965422804,0.3013045396314963,0.2672868322625698,0.1102209709940081,0.1102209709940081,0.1910835686374881,0.1910835686374881,37.0,109.0,17,1,6,0,1,0,4.0,1,40.81939022762444,-73.92532803861734,BRONX,csl,UNKNOW,UNKNOW,3272.0,800.2140433655613
0.3962851555993346,333.58690582294264,1.0270362411671596,1.0311027176785297,0.3962851555993346,0.3962851555993346,0.6348175620791949,0.6307510855678251,48.0,12.0,12,1,6,0,0,0,3.0,0,40.85260992626471,-73.91321825605405,BRONX,csl,INJMAJ,INJMAJ,265.0,523.108239944641
0.0410543379019419,304.1935512892187,0.5299397199039938,1.7379071785192488,0.0410543379019419,0.0410543379019419,1.696852840617307,0.4888853820020518,29.0,815.0,20,1,6,0,0,0,4.0,1,40.67685453203215,-73.91686753819093,BROOKLYN,csl,T-TEXT,T-TEXT,894.0,805.0449361210551
0.2336245703825917,18.75558586292408,0.2336245703825917,1.5469296274940894,0.4508841428678818,0.2336245703825917,1.3133050571114977,-0.2172595724852901,40.0,27.0,13,1,6,0,0,0,3.0,0,40.75156446523435,-73.998960240437,MANHATTAN,ems_station,CARD,CARD,952.0,502.35007241639056
0.6349209541541971,129.7166009944125,1.9577482421983503,2.2383033310821654,0.6349209541541971,0.6349209541541971,1.6033823769279685,1.3228272880441532,31.0,10.0,16,1,6,0,1,0,5.0,0,40.750494909866546,-73.85135725025106,QUEENS,csl,INJURY,INJURY,1108.0,779.7587725598038
0.2153042852373868,56.935104847898,1.564206034226908,1.2331155021251814,0.2153042852373868,0.2153042852373868,1.3489017489895212,1.3489017489895212,35.0,1116.0,18,1,6,0,1,0,5.0,1,40.84376680129907,-73.88351491281807,BRONX,csl,INJURY,INJURY,329.0,628.0707675627664
0.1482154648779818,0.2402891819099863,0.7342197928465118,0.9151197866774042,0.1482154648779818,0.1482154648779818,0.7669043217994225,0.5860043279685301,58.0,1742.0,18,1,6,0,1,0,5.0,1,40.84697506197675,-73.89769511018748,BRONX,csl,SICK,ABDPN,574.0,639.0648979688846
0.3170364590317743,224.06066619806188,1.1446392674109995,1.0855669643447492,0.3170364590317743,0.3170364590317743,0.8276028083792252,0.8276028083792252,26.0,57.0,20,1,6,0,0,0,5.0,0,40.71495048336277,-73.79223361830964,QUEENS,csl,STATEP,DRUG,233.0,543.7346137708075
0.3720022610310403,286.1971279453612,0.3720022610310403,1.0558736031080815,0.5096398593113268,0.3720022610310403,0.6838713420770413,-0.1376375982802865,34.0,61.0,22,1,6,0,0,1,3.0,0,40.812448125004096,-73.9526188214235,MANHATTAN,ems_station,ALTMEN,ALTMEN,463.0,381.18202817481193
0.4478009408787778,2.134105146929585,2.127015415487755,3.4618539202001095,0.4478009408787778,0.4478009408787778,3.0140529793213315,1.679214474608977,13.0,10.0,18,1,6,0,1,0,4.0,0,40.574866847218075,-74.12491175116226,STATEN ISLAND,csl,SICPED,SICPED,513.0,540.6360061502154
1.312824984364924,202.0397962521321,1.312824984364924,6.563456897611917,1.2786834012310215,1.2786834012310215,5.284773496380895,0.0341415831339024,8.0,7.0,11,1,6,0,0,0,3.0,0,40.66757911387556,-73.7525149800106,QUEENS,ems_station,CARD,CARD,470.0,516.4914711805953
1.42817735460574,99.79698722649796,1.621869833440868,1.506597741412954,0.7856602258381625,0.7856602258381625,0.8362096076027056,0.8362096076027056,15.0,41.0,22,1,6,0,0,1,5.0,0,40.87003588077933,-73.84751155607768,BRONX,csl,INJURY,INJURY,405.0,600.12406596609
3.6273000919276663,41.410869735282915,4.878004028660845,4.139800391551985,3.6273000919276663,3.6273000919276663,1.2507039367331787,1.2507039367331787,2.0,59.0,12,1,6,0,0,0,4.0,0,40.78328226639438,-73.78270478477023,QUEENS,csl,UNKNOW,UNKNOW,968.0,852.0245023107037
1.3403865883335624,220.95609338453903,3.5177410783114715,1.4552596761661325,0.9653419621949548,0.9653419621949548,2.5523991161165167,2.5523991161165167,24.0,1906.0,19,1,6,0,1,0,6.0,1,40.62485147417277,-74.09615973769871,STATEN ISLAND,csl,SICK,SICK,684.0,693.8840654756597
0.775511239830078,168.5378979258952,0.775511239830078,1.9558631188101416,1.1589886972580292,0.775511239830078,1.180351878980063,-0.3834774574279512,28.0,46.0,16,1,6,0,1,0,1.0,0,40.639994739197846,-73.90023555275353,BROOKLYN,ems_station,CARD,ARREST,435.0,509.7123762050493
2.043130378199905,338.7133752150956,2.043130378199905,4.3730949162752095,2.0309114095317526,2.0309114095317526,2.342183506743457,0.0122189686681521,15.0,15.0,21,1,6,0,0,0,3.0,0,40.79186840881026,-73.88333172885717,QUEENS,ems_station,ALTMEN,ALTMEN,398.0,415.91397817563626
0.4083767497415039,167.8317703129668,0.7722914632659746,0.5929048190902462,0.4083767497415039,0.4083767497415039,0.3639147135244707,0.3639147135244707,42.0,4.0,10,1,6,0,0,0,2.0,0,40.82898240818156,-73.90949161407787,BRONX,csl,STATEP,STATEP,418.0,464.9171983427477
0.7545194346441468,26.505281521512075,3.1388656785345206,0.7545194346441468,0.0608948277509535,0.0608948277509535,3.077970850783567,3.077970850783567,17.0,14.0,20,1,6,0,0,0,3.0,0,40.77574453876112,-73.98280187353322,MANHATTAN,hospital_bay,ALTMEN,ALTMEN,858.0,497.69702787023004
0.4171920136565026,179.07777753433436,1.3725872801416648,1.254102848944375,0.4171920136565026,0.4171920136565026,0.9553952664851622,0.9553952664851622,36.0,7358.0,13,1,6,0,0,0,6.0,1,40.86461650805717,-73.88972537988687,BRONX,csl,SICK,SICK,424.0,1040.8151155648331
0.7443579751792606,15.34124302025873,0.8065533854179038,1.6923658318950503,0.3788027640318792,0.3788027640318792,1.3135630678631711,0.4277506213860245,16.0,72.0,15,1,6,0,0,0,5.0,0,40.74808635659125,-73.90536545614626,QUEENS,csl,INJURY,INJURY,1105.0,657.1413960693388
1.42817735460574,99.79698722649796,1.621869833440868,1.506597741412954,0.7856602258381625,0.7856602258381625,0.8362096076027056,0.8362096076027056,15.0,1355.0,13,1,6,0,0,0,4.0,1,40.87003588077933,-73.84751155607768,BRONX,csl,UNKNOW,UNKNOW,1213.0,1102.2900090835503
0.2241766254280492,179.09305290255418,1.568694858408885,1.0991341848168328,0.1145574451553363,0.1145574451553363,1.4541374132535485,1.4541374132535485,26.0,11.0,17,1,6,0,1,0,6.0,0,40.73119810373629,-73.99107143819182,MANHATTAN,csl,SICK,SICK,1210.0,804.6989598803086
0.1482154648779818,0.2402891819099863,0.7342197928465118,0.9151197866774042,0.1482154648779818,0.1482154648779818,0.7669043217994225,0.5860043279685301,58.0,155.0,13,1,6,0,0,0,7.0,0,40.84697506197675,-73.89769511018748,BRONX,csl,EDP,EDPM,726.0,985.6852436919065
0.3461140315711035,253.4482045232647,1.094359572203678,1.0873553289463451,0.3455881213374813,0.3455881213374813,0.7487714508661965,0.7487714508661965,38.0,17.0,22,1,6,0,0,1,3.0,0,40.66460220724024,-73.9145581386799,BROOKLYN,csl,INJURY,INJMAJ,389.0,546.4370695829894
0.275225690403678,258.8591057638545,0.275225690403678,0.4036634170044532,0.3049299288284798,0.275225690403678,0.1284377266007752,-0.0297042384248018,11.0,379.0,18,1,6,0,1,0,5.0,1,40.71354369879897,-74.00710693558435,MANHATTAN,ems_station,INJURY,INJURY,574.0,524.4834731337397
0.8557702809719469,221.50710265421336,1.849455519659424,0.8557702809719469,0.2677321699060852,0.2677321699060852,1.5817233497533387,1.5817233497533387,14.0,13.0,14,1,6,0,0,0,5.0,0,40.662056992233616,-73.98583243620013,BROOKLYN,hospital_bay,PEDSTR,INJURY,335.0,458.88343517697456
0.765801003636757,36.08883040557146,1.418555435761232,0.8129227669252764,0.2756515217425405,0.2756515217425405,1.1429039140186914,1.1429039140186914,12.0,16.0,14,1,6,0,0,0,2.0,1,40.72594239486469,-73.99790654151013,MANHATTAN,csl,STATEP,STATEP,658.0,584.1894158198244
0.0410543379019419,304.1935512892187,0.5299397199039938,1.7379071785192488,0.0410543379019419,0.0410543379019419,1.696852840617307,0.4888853820020518,29.0,52.0,21,1,6,0,0,0,7.0,0,40.67685453203215,-73.91686753819093,BROOKLYN,csl,EDPC,EDPC,2202.0,925.5018652531244
1.312824984364924,202.0397962521321,1.312824984364924,6.563456897611917,1.2786834012310215,1.2786834012310215,5.284773496380895,0.0341415831339024,8.0,27.0,13,1,6,0,0,0,3.0,0,40.66757911387556,-73.7525149800106,QUEENS,ems_station,INJURY,INJMAJ,228.0,938.760423007373
0.9217172112592588,68.3268343441838,0.9217172112592588,1.041752344383312,0.0487139089964655,0.0487139089964655,0.9930384353868466,0.8730033022627933,24.0,26.0,22,1,6,0,0,1,4.0,0,40.68141485303249,-73.98005709840152,BROOKLYN,ems_station,UNKNOW,UNKNOW,630.0,480.5785094982399
2.50311111248011,205.25999194645485,4.608736979712653,5.132460230252452,2.50311111248011,2.50311111248011,2.6293491177723416,2.1056258672325425,29.0,18.0,17,1,6,0,1,0,4.0,0,40.658344376091534,-73.79440505498604,QUEENS,csl,RESPIR,RESPIR,1312.0,633.2731186161782
0.1978752454797345,157.9850615193343,0.3115786776885763,1.3280047387035825,0.1978752454797345,0.1978752454797345,1.130129493223848,0.1137034322088418,41.0,49.0,18,1,6,0,1,0,5.0,0,40.836711134538305,-73.9240363632889,BRONX,csl,INJMAJ,INJURY,1079.0,605.2017883096414
0.3255513939842971,164.61287860749337,8.476221425148333,0.4420114737003108,0.3255513939842971,0.3255513939842971,8.150670031164037,8.150670031164037,22.0,214.0,18,1,6,0,1,0,7.0,0,40.60251162659905,-73.75425066145213,QUEENS,csl,EDPW,EDPM,677.0,694.699810532512
0.275225690403678,258.8591057638545,0.275225690403678,0.4036634170044532,0.3049299288284798,0.275225690403678,0.1284377266007752,-0.0297042384248018,11.0,19.0,13,1,6,0,0,0,2.0,0,40.71354369879897,-74.00710693558435,MANHATTAN,ems_station,CARDBR,CARDBR,529.0,412.43148363935313
0.0960300948628389,211.230704554236,0.7497077802931916,0.5796163256868901,0.0960300948628389,0.0960300948628389,0.6536776854303527,0.6536776854303527,25.0,15.0,15,1,6,0,0,0,6.0,0,40.744987329184966,-73.97871230550359,MANHATTAN,csl,UNKNOW,SICK,960.0,741.4585246014163
3.242174211297587,247.0260143880694,10.144739286559364,3.375601161221355,3.242174211297587,3.242174211297587,6.902565075261777,6.902565075261777,6.0,26.0,18,1,6,0,1,0,2.0,0,40.59435295596952,-73.79305909509151,QUEENS,csl,DIFFBR,DIFFBR,675.0,466.139699317316
1.1998775286340937,145.47948521266403,4.267455476661023,3.226759685089002,1.1998775286340937,1.1998775286340937,3.067577948026929,3.067577948026929,8.0,908.0,18,1,6,0,1,0,7.0,1,40.67626883232255,-73.79719129926784,QUEENS,csl,INJMIN,INJMIN,1144.0,1026.4579985804403
0.2150289942460709,116.76224482510122,2.1413800071045044,0.5325601213286673,0.2150289942460709,0.2150289942460709,1.9263510128584336,1.9263510128584336,30.0,24.0,15,1,6,0,0,0,3.0,0,40.76511835718409,-73.98484209984107,MANHATTAN,csl,CARD,CARD,856.0,507.07605848184136
0.2901744633064361,181.8164049033409,1.398454406456316,0.3316638280187996,0.2901744633064361,0.2901744633064361,1.10827994314988,1.10827994314988,44.0,53.0,21,1,6,0,0,0,4.0,1,40.80176638956237,-73.93752780228272,MANHATTAN,csl,UNKNOW,UNKNOW,2307.0,1147.033450672766
0.0410543379019419,304.1935512892187,0.5299397199039938,1.7379071785192488,0.0410543379019419,0.0410543379019419,1.696852840617307,0.4888853820020518,29.0,590.0,15,1,6,0,0,0,5.0,1,40.67685453203215,-73.91686753819093,BROOKLYN,csl,GYNHEM,GYNHEM,840.0,805.5115491656655
0.3720022610310403,286.1971279453612,0.3720022610310403,1.0558736031080815,0.5096398593113268,0.3720022610310403,0.6838713420770413,-0.1376375982802865,34.0,9.0,12,1,6,0,0,0,2.0,0,40.812448125004096,-73.9526188214235,MANHATTAN,ems_station,UNC,UNC,265.0,497.2650088845396
0.3168629472000526,8.03763088445396,0.3292221643318932,0.3168629472000526,0.0441407938728274,0.0441407938728274,0.2850813704590658,0.2850813704590658,22.0,15.0,12,1,6,0,0,0,5.0,0,40.70240611099527,-73.94186390945687,BROOKLYN,hospital_bay,INJURY,INJURY,555.0,595.8591290134326
0.2269802989250875,57.10629517435433,1.265866648125051,1.9027592930432675,0.0314778465580544,0.0314778465580544,1.8712814464852132,1.2343888015669962,29.0,158.0,14,1,6,0,0,0,5.0,0,40.86939121220024,-73.89879549225043,BRONX,csl,ABDPN,ABDPN,1442.0,801.7454671660804
0.3461140315711035,253.4482045232647,1.094359572203678,1.0873553289463451,0.3455881213374813,0.3455881213374813,0.7487714508661965,0.7487714508661965,38.0,15.0,23,1,6,0,0,1,5.0,0,40.66460220724024,-73.9145581386799,BROOKLYN,csl,DRUG,DRUG,289.0,525.6759111444212
0.1839396581531311,236.4671551962232,1.9190693727318615,0.5559170790296506,0.1839396581531311,0.1839396581531311,1.7351297145787306,1.7351297145787306,28.0,90.0,20,1,6,0,0,0,5.0,0,40.70085170594743,-73.80974597742306,QUEENS,csl,ABDPN,ABDPN,416.0,1067.529777527008
0.2269802989250875,57.10629517435433,1.265866648125051,1.9027592930432675,0.0314778465580544,0.0314778465580544,1.8712814464852132,1.2343888015669962,29.0,990.0,16,1,6,0,1,0,5.0,1,40.86939121220024,-73.89879549225043,BRONX,csl,INJURY,INJURY,690.0,888.9083221449434
1.7743577363053236,26.03700834527325,1.7743577363053236,3.246587275772539,1.18094962682603,1.18094962682603,2.0656376489465087,0.5934081094792936,12.0,529.0,20,1,6,0,0,0,4.0,1,40.728491330759866,-73.94780900902853,BROOKLYN,ems_station,UNKNOW,UNKNOW,2485.0,912.052542719158
