incident_id,incident_datetime,travel_seconds,response_seconds,dispatch_wait_seconds,borough,dispatch_area,zipcode,dest_lat,dest_lon,start_lat,start_lon,primary_origin_layer,crow_flies_km,bearing_deg,firehouse_km,station_km,hospital_km,csl_km,nearest_origin_km,origin_spread_km,zip_incident_volume,hour,dow,month,is_weekend,is_rush,is_night,severity,initial_call_type,final_call_type,held_indicator,valid_travel,firehouse_minus_csl_km,station_minus_csl_km,wx_temp_c,wx_humidity,wx_precip_mm,wx_rain_mm,wx_snow_mm,wx_cloudcover,wx_wind_kmh,wx_visibility_m,wx_is_precip,wx_is_snow
260630-B1077-002-1071,2026-06-30T23:56:48.000,322.0,356.0,33.0,BROOKLYN,,11225,40.663270614831106,-73.95060087631475,40.673473,-73.961641,fdny_firehouse,0.7464194267345166,140.6180854036303,0.40479080145518187,,,0.2409979757740989,0.2409979757740989,0.16379282568108297,21.0,23,1,6,0,0,1,-1,,,0,1,0.16379282568108297,,27.8,48,0.0,0.0,0.0,4,13.0,,0,0
260630-X3878-001-1083,2026-06-30T23:56:17.000,336.0,376.0,40.0,BRONX,,10470,40.89518159734686,-73.87185745378329,40.893028,-73.85531,fdny_firehouse,1.0337909475435334,279.7742476344035,1.4113530997626331,,,0.2500792497526148,0.2500792497526148,1.1612738500100184,11.0,23,1,6,0,0,1,-1,,,0,1,1.1612738500100184,,27.8,48,0.0,0.0,0.0,4,13.0,,0,0
260630-Q7046-001-0859,2026-06-30T23:55:47.000,244.0,252.0,7.0,QUEENS,,11378,40.72484522851176,-73.9062709117008,40.71933341,-73.90683805,csl,0.6147469854646703,4.4588487104902015,0.8570704231874113,,,0.6147469854646703,0.6147469854646703,0.242323437722741,14.0,23,1,6,0,0,1,-1,,,0,1,0.242323437722741,,27.8,48,0.0,0.0,0.0,4,13.0,,0,0
260630-B3937-001-1070,2026-06-30T23:54:23.000,242.0,270.0,28.0,BROOKLYN,,11210,40.62576354335876,-73.94439549249944,40.636444,-73.95064,fdny_firehouse,0.7083183775987869,156.070433239232,1.2992732261854336,,,0.5966772608066885,0.5966772608066885,0.7025959653787451,36.0,23,1,6,0,0,1,-1,,,0,1,0.7025959653787451,,27.8,48,0.0,0.0,0.0,4,13.0,,0,0
260630-X2585-001-1081,2026-06-30T23:53:42.000,288.0,340.0,52.0,BRONX,,10452,40.836711134538305,-73.9240363632889,40.83836092,-73.92491804,csl,0.1978752454797345,157.9850615193343,0.24257821789985676,,,0.1978752454797345,0.1978752454797345,0.04470297242012225,56.0,23,1,6,0,0,1,-1,,,0,1,0.04470297242012225,,27.8,48,0.0,0.0,0.0,4,13.0,,0,0
260630-B3116-001-1068,2026-06-30T23:52:24.000,256.0,265.0,9.0,BROOKLYN,,11234,40.58390802101884,-73.92225171655224,40.650355,-73.928888,fdny_firehouse,1.6400437412785165,175.66245115203117,2.3152766833983587,,,1.7986212861984345,1.7986212861984345,0.5166553971999241,27.0,23,1,6,0,0,1,-1,,,0,1,0.5166553971999241,,27.8,48,0.0,0.0,0.0,4,13.0,,0,0
260630-Q7833-001-0856,2026-06-30T23:50:55.000,116.0,155.0,38.0,QUEENS,,11372,40.75203495383239,-73.88359732782362,40.762427,-73.869022,fdny_firehouse,1.4278535642703325,226.73789369235794,0.4530112681217276,,,0.2224794947981302,0.2224794947981302,0.2305317733235974,21.0,23,1,6,0,0,1,-1,,,0,1,0.2305317733235974,,27.8,48,0.0,0.0,0.0,4,13.0,,0,0
260630-B1832-001-1065,2026-06-30T23:49:14.000,360.0,2755.0,2395.0,BROOKLYN,,11208,40.667473412219195,-73.8700260616479,40.669446,-73.865383,fdny_firehouse,0.4488432384787856,240.74750210798442,0.4488432384787856,,,0.612235640061472,0.4488432384787856,0.16339240158268642,70.0,23,1,6,0,0,1,-1,,,0,0,-0.16339240158268642,,27.8,48,0.0,0.0,0.0,4,13.0,,0,0
260630-M1307-001-1548,2026-06-30T23:48:51.000,386.0,448.0,61.0,MANHATTAN,,10029,40.79181061410928,-73.94389258547608,40.793843,-73.940791,fdny_firehouse,0.3453197285352938,229.12382122931027,0.3453197285352938,,,0.49134550545169214,0.3453197285352938,0.14602577691639834,70.0,23,1,6,0,0,1,-1,,,0,0,-0.14602577691639834,,27.8,48,0.0,0.0,0.0,4,13.0,,0,0
260630-Q9876-003-0853,2026-06-30T23:47:35.000,338.0,346.0,7.0,QUEENS,,11433,40.697581051726765,-73.78664900498536,40.693527,-73.806938,fdny_firehouse,1.4311744314460892,75.22912008932735,0.6553693927914929,,,0.4902830329783176,0.4902830329783176,0.16508635981317527,23.0,23,1,6,0,0,1,-1,,,0,1,0.16508635981317527,,27.8,48,0.0,0.0,0.0,4,13.0,,0,0
260630-B3762-001-1063,2026-06-30T23:46:50.000,237.0,276.0,39.0,BROOKLYN,,11225,40.663270614831106,-73.95060087631475,40.673473,-73.961641,fdny_firehouse,0.9517359339281718,140.6180854036303,0.40479080145518187,,,0.2409979757740989,0.2409979757740989,0.16379282568108297,21.0,23,1,6,0,0,1,-1,,,0,1,0.16379282568108297,,27.8,48,0.0,0.0,0.0,4,13.0,,0,0
260630-Q7162-003-0852,2026-06-30T23:45:01.000,431.0,492.0,60.0,QUEENS,,11101,40.745855964057014,-73.94066377679383,40.744986,-73.951755,fdny_firehouse,1.1212717629465336,84.085527354963,0.9393541880027645,,,0.7108941316000547,0.7108941316000547,0.22846005640270983,26.0,23,1,6,0,0,1,-1,,,0,1,0.22846005640270983,,27.8,48,0.0,0.0,0.0,4,13.0,,0,0
260630-X2711-001-1076,2026-06-30T23:44:38.000,297.0,321.0,24.0,BRONX,,10456,40.82898240818156,-73.90949161407787,40.834679,-73.913625,fdny_firehouse,0.1034213656315529,151.2316859146111,0.14107553388165955,,,0.4083767497415039,0.14107553388165955,0.26730121585984434,60.0,23,1,6,0,0,1,-1,,,0,1,-0.26730121585984434,,27.8,48,0.0,0.0,0.0,4,13.0,,0,0
260630-B2988-003-1059,2026-06-30T23:44:08.000,170.0,188.0,18.0,BROOKLYN,,11230,40.62235786354158,-73.96565043616631,40.609365,-73.959131,fdny_firehouse,0.7749331474590653,339.1508070736487,1.030868083281345,,,0.5524799529098702,0.5524799529098702,0.4783881303714749,22.0,23,1,6,0,0,1,-1,,,0,1,0.4783881303714749,,27.8,48,0.0,0.0,0.0,4,13.0,,0,0
260630-R2616-001-0222,2026-06-30T23:41:12.000,390.0,398.0,8.0,STATEN ISLAND,,10306,40.574866847218075,-74.12491175116226,40.576077,-74.123714,fdny_firehouse,1.4880010539188429,216.93498959890906,0.168346250872284,,,0.44780094087877786,0.168346250872284,0.27945469000649387,16.0,23,1,6,0,0,1,-1,,,0,1,-0.27945469000649387,,27.8,48,0.0,0.0,0.0,4,13.0,,0,0
260630-B0373-001-1056,2026-06-30T23:40:50.000,208.0,214.0,6.0,BROOKLYN,,11205,40.696519702454395,-73.96636995753218,40.69620749,-73.96158556,csl,0.4048413089749467,274.9208984883537,0.6405578547268305,,,0.40484130897494675,0.40484130897494675,0.23571654575188372,26.0,23,1,6,0,0,1,-1,,,0,1,0.23571654575188372,,27.8,48,0.0,0.0,0.0,4,13.0,,0,0
260630-M1533-005-1542,2026-06-30T23:40:31.000,168.0,215.0,46.0,MANHATTAN,,10027,40.812448125004096,-73.9526188214235,40.813332,-73.94245,fdny_firehouse,0.2702190113434584,263.45190007295724,0.17673566000401683,,,0.5096398593113268,0.17673566000401683,0.33290419930730997,46.0,23,1,6,0,0,1,-1,,,0,1,-0.33290419930730997,,27.8,48,0.0,0.0,0.0,4,13.0,,0,0
260630-X2551-001-1074,2026-06-30T23:39:29.000,389.0,393.0,4.0,BRONX,,10459,40.82565518017367,-73.89260405134473,40.818581,-73.887778,fdny_firehouse,0.9076476132676836,332.6963157660354,0.39016622458868444,,,0.1393977411416439,0.1393977411416439,0.2507684834470405,38.0,23,1,6,0,0,1,-1,,,0,1,0.2507684834470405,,27.8,48,0.0,0.0,0.0,4,13.0,,0,0
260630-X4764-002-1072,2026-06-30T23:37:34.000,194.0,201.0,6.0,BRONX,,10457,40.84697506197675,-73.89769511018748,40.843919,-73.90016,fdny_firehouse,0.3805200033087288,31.388307562693512,0.14630472789786766,,,0.1482154648779818,0.14630472789786766,0.001910736980114125,56.0,23,1,6,0,0,1,-1,,,0,1,-0.001910736980114125,,27.8,48,0.0,0.0,0.0,4,13.0,,0,0
260630-M1348-002-1534,2026-06-30T23:31:11.000,234.0,242.0,8.0,MANHATTAN,,10029,40.79181061410928,-73.94389258547608,40.798913,-73.947333,fdny_firehouse,0.3042727824029074,159.8600795519394,0.3453197285352938,,,0.49134550545169214,0.3453197285352938,0.14602577691639834,70.0,23,1,6,0,0,1,-1,,,0,1,-0.14602577691639834,,27.8,48,0.0,0.0,0.0,4,13.0,,0,0
260630-B2204-001-1051,2026-06-30T23:30:59.000,285.0,316.0,30.0,BROOKLYN,,11212,40.664602207240236,-73.9145581386799,40.660966,-73.917952,fdny_firehouse,0.467348464568355,35.29744102325037,0.4954073200194883,,,0.34558812133748135,0.34558812133748135,0.14981919868200694,49.0,23,1,6,0,0,1,-1,,,0,1,0.14981919868200694,,27.8,48,0.0,0.0,0.0,4,13.0,,0,0
260630-B2026-001-1049,2026-06-30T23:30:44.000,109.0,816.0,707.0,BROOKLYN,,11207,40.67164768647864,-73.8931034629108,40.67301661,-73.89716712,csl,0.37499492357266767,113.94736926429664,0.42652637149660566,,,0.37499492357266767,0.37499492357266767,0.05153144792393799,83.0,23,1,6,0,0,1,-1,,,0,0,0.05153144792393799,,27.8,48,0.0,0.0,0.0,4,13.0,,0,0
260630-B2567-001-1048,2026-06-30T23:30:31.000,186.0,203.0,17.0,BROOKLYN,,11219,40.63343197458116,-73.99536675242251,40.63075638,-74.00014289,csl,0.5009555480139296,53.56489431328839,0.6351737629558317,,,1.6064538403144841,0.6351737629558317,0.9712800773586524,18.0,23,1,6,0,0,1,-1,,,0,1,-0.9712800773586524,,27.8,48,0.0,0.0,0.0,4,13.0,,0,0
260630-M1561-001-1533,2026-06-30T23:30:15.000,220.0,252.0,32.0,MANHATTAN,,10030,40.81820392339041,-73.94268353273702,40.813332,-73.94245,fdny_firehouse,0.2434111638349397,357.92244066863293,0.302726521716064,,,0.11273289564788122,0.11273289564788122,0.1899936260681828,20.0,23,1,6,0,0,1,-1,,,0,1,0.1899936260681828,,27.8,48,0.0,0.0,0.0,4,13.0,,0,0
260630-M0786-006-1530,2026-06-30T23:29:30.000,346.0,353.0,6.0,MANHATTAN,,10036,40.75886307955852,-73.98967525427115,40.76098873,-73.99076377,csl,0.2535192445210474,158.79934416057733,0.31869326163084016,,,0.2535192445210474,0.2535192445210474,0.06517401710979276,29.0,23,1,6,0,0,1,-1,,,0,1,0.06517401710979276,,27.8,48,0.0,0.0,0.0,4,13.0,,0,0
260630-M0217-002-1526,2026-06-30T23:28:24.000,301.0,353.0,51.0,MANHATTAN,,10002,40.716440130565445,-73.98514522742113,40.716439,-73.983927,fdny_firehouse,0.6232471325758031,270.07055106947433,0.10267214211786696,,,0.14535220206939045,0.10267214211786696,0.04268005995152349,43.0,23,1,6,0,0,1,-1,,,0,1,-0.04268005995152349,,27.8,48,0.0,0.0,0.0,4,13.0,,0,0
260630-B1996-002-1047,2026-06-30T23:28:13.000,129.0,137.0,8.0,BROOKLYN,,11207,40.67164768647864,-73.8931034629108,40.682712,-73.911396,fdny_firehouse,1.5824789596463302,128.56800333736976,0.42652637149660566,,,0.37499492357266767,0.37499492357266767,0.05153144792393799,83.0,23,1,6,0,0,1,-1,,,0,1,0.05153144792393799,,27.8,48,0.0,0.0,0.0,4,13.0,,0,0
260630-Q9222-001-0846,2026-06-30T23:27:45.000,282.0,305.0,22.0,QUEENS,,11368,40.750494909866546,-73.85135725025106,40.75414368,-73.85715508,csl,0.6349209541541971,129.7166009944125,1.2704179172468035,,,0.6349209541541971,0.6349209541541971,0.6354969630926064,28.0,23,1,6,0,0,1,-1,,,0,1,0.6354969630926064,,27.8,48,0.0,0.0,0.0,4,13.0,,0,0
260630-B2435-001-1045,2026-06-30T23:27:37.000,147.0,153.0,6.0,BROOKLYN,,11210,40.62576354335876,-73.94439549249944,40.62885277,-73.95017657,csl,0.5966772608066885,125.14669585439225,1.2992732261854336,,,0.5966772608066885,0.5966772608066885,0.7025959653787451,36.0,23,1,6,0,0,1,-1,,,0,1,0.7025959653787451,,27.8,48,0.0,0.0,0.0,4,13.0,,0,0
260630-X2614-002-1069,2026-06-30T23:26:07.000,550.0,581.0,31.0,BRONX,,10473,40.816512640385724,-73.86036674953414,40.81131269,-73.85627735,csl,0.6728767652482572,329.24026254822036,1.0442421807514262,,,0.6728767652482572,0.6728767652482572,0.3713654155031689,27.0,23,1,6,0,0,1,-1,,,0,1,0.3713654155031689,,27.8,48,0.0,0.0,0.0,4,13.0,,0,0
260630-Q6601-002-0843,2026-06-30T23:25:55.000,233.0,268.0,34.0,QUEENS,,11432,40.71495048336277,-73.79223361830964,40.70778137,-73.79340154,csl,0.3834876339801421,7.039250109303964,1.296943762528787,,,0.31703645903177435,0.31703645903177435,0.9799073034970126,31.0,23,1,6,0,0,1,-1,,,0,1,0.9799073034970126,,27.8,48,0.0,0.0,0.0,4,13.0,,0,0
260630-X3031-001-1068,2026-06-30T23:25:06.000,339.0,345.0,5.0,BRONX,,10462,40.8431649108642,-73.86016672507611,40.832437,-73.850876,fdny_firehouse,0.3743836379781252,326.7698506168519,0.6617787086158436,,,0.2274909634375671,0.2274909634375671,0.4342877451782765,46.0,23,1,6,0,0,1,-1,,,0,1,0.4342877451782765,,27.8,48,0.0,0.0,0.0,4,13.0,,0,0
260630-M1479-002-1521,2026-06-30T23:24:53.000,276.0,283.0,7.0,MANHATTAN,,10035,40.80176638956237,-73.93752780228272,40.803297,-73.936522,fdny_firehouse,0.1416124147437584,206.44706144478113,0.1900891758011482,,,0.29017446330643615,0.1900891758011482,0.10008528750528795,32.0,23,1,6,0,0,1,-1,,,0,1,-0.10008528750528795,,27.8,48,0.0,0.0,0.0,4,13.0,,0,0
260630-Q4497-001-0841,2026-06-30T23:24:33.000,318.0,328.0,9.0,QUEENS,,11355,40.750823237855116,-73.82074210024575,40.762498,-73.812648,fdny_firehouse,0.7182071936336615,207.70958799111187,1.1192365438746035,,,1.041001603926738,1.041001603926738,0.07823493994786546,16.0,23,1,6,0,0,1,-1,,,0,1,0.07823493994786546,,27.8,48,0.0,0.0,0.0,4,13.0,,0,0
260630-R3261-001-0221,2026-06-30T23:23:21.000,396.0,404.0,8.0,STATEN ISLAND,,10308,40.55182572682922,-74.14896466622126,40.55242985,-74.14369573,csl,0.4501994282615399,261.42041386211906,0.9787243004166494,,,0.4501994282615399,0.4501994282615399,0.5285248721551095,5.0,23,1,6,0,0,1,-1,,,0,1,0.5285248721551095,,27.8,48,0.0,0.0,0.0,4,13.0,,0,0
260630-B3558-006-1041,2026-06-30T23:22:55.000,204.0,233.0,28.0,BROOKLYN,,11224,40.576958945988395,-73.9911152881316,40.57776,-73.993011,fdny_firehouse,0.1832135741020589,119.08861065932376,0.1832135741020589,,,0.32414656112882145,0.1832135741020589,0.14093298702676255,34.0,23,1,6,0,0,1,-1,,,0,1,-0.14093298702676255,,27.8,48,0.0,0.0,0.0,4,13.0,,0,0
260630-Q7135-003-0839,2026-06-30T23:21:54.000,173.0,182.0,8.0,QUEENS,,11101,40.745855964057014,-73.94066377679383,40.74649713,-73.93226763,csl,0.7108941316000547,264.2469649036663,0.9393541880027645,,,0.7108941316000547,0.7108941316000547,0.22846005640270983,26.0,23,1,6,0,0,1,-1,,,0,1,0.22846005640270983,,27.8,48,0.0,0.0,0.0,4,13.0,,0,0
260630-X2976-001-1063,2026-06-30T23:21:35.000,212.0,251.0,39.0,BRONX,,10457,40.84697506197675,-73.89769511018748,40.846372,-73.899241,fdny_firehouse,0.1463047278978676,62.71939763860718,0.14630472789786766,,,0.1482154648779818,0.14630472789786766,0.001910736980114125,56.0,23,1,6,0,0,1,-1,,,0,1,-0.001910736980114125,,27.8,48,0.0,0.0,0.0,4,13.0,,0,0
260630-Q8526-002-0836,2026-06-30T23:20:03.000,339.0,366.0,27.0,QUEENS,,11421,40.69298474055938,-73.85721954025291,40.688614,-73.855934,fdny_firehouse,0.6169461538859456,347.4282571431338,0.49794355004127866,,,0.4966888360878469,0.4966888360878469,0.0012547139534317409,12.0,23,1,6,0,0,1,-1,,,0,1,0.0012547139534317409,,27.8,48,0.0,0.0,0.0,4,13.0,,0,0
260630-X2784-001-1061,2026-06-30T23:19:10.000,255.0,293.0,38.0,BRONX,,10460,40.843766801299076,-73.88351491281807,40.841877,-73.883508,fdny_firehouse,0.2101371214121994,359.84144973468176,0.21013712141219945,,,0.2153042852373868,0.21013712141219945,0.0051671638251873375,48.0,23,1,6,0,0,1,-1,,,0,1,-0.0051671638251873375,,27.8,48,0.0,0.0,0.0,4,13.0,,0,0
260630-M0277-001-1514,2026-06-30T23:18:51.000,231.0,259.0,27.0,MANHATTAN,,10002,40.716440130565445,-73.98514522742113,40.716439,-73.983927,fdny_firehouse,0.2114675602792136,270.07055106947433,0.10267214211786696,,,0.14535220206939045,0.10267214211786696,0.04268005995152349,43.0,23,1,6,0,0,1,-1,,,0,1,-0.04268005995152349,,27.8,48,0.0,0.0,0.0,4,13.0,,0,0
260630-M0671-005-1506,2026-06-30T23:16:51.000,282.0,287.0,5.0,MANHATTAN,,10001,40.75156446523435,-73.998960240437,40.75326066,-74.00382216,csl,0.4508841428678818,114.72619674151423,0.5971677094843669,,,0.4508841428678818,0.4508841428678818,0.14628356661648512,36.0,23,1,6,0,0,1,-1,,,0,1,0.14628356661648512,,27.8,48,0.0,0.0,0.0,4,13.0,,0,0
260630-M1206-003-1507,2026-06-30T23:16:50.000,435.0,464.0,28.0,MANHATTAN,,10128,40.78040394504142,-73.9503467842834,40.78363246,-73.94351861,csl,0.4169026211030556,238.02011312253563,0.46257300161894116,,,0.6176543342505585,0.46257300161894116,0.15508133263161733,13.0,23,1,6,0,0,1,-1,,,0,1,-0.15508133263161733,,27.8,48,0.0,0.0,0.0,4,13.0,,0,0
260630-B3204-001-1038,2026-06-30T23:16:14.000,362.0,369.0,6.0,BROOKLYN,,11210,40.62576354335876,-73.94439549249944,40.609365,-73.959131,fdny_firehouse,0.8333399785842756,34.29277156965054,1.2992732261854336,,,0.5966772608066885,0.5966772608066885,0.7025959653787451,36.0,23,1,6,0,0,1,-1,,,0,1,0.7025959653787451,,27.8,48,0.0,0.0,0.0,4,13.0,,0,0
260630-X3077-001-1058,2026-06-30T23:12:45.000,298.0,335.0,37.0,BRONX,,10461,40.845746567470684,-73.83917046952729,40.832437,-73.850876,fdny_firehouse,1.0203777868492372,33.63483885455565,0.6124790077715443,,,1.003802736519679,0.6124790077715443,0.3913237287481348,23.0,23,1,6,0,0,1,-1,,,0,1,-0.3913237287481348,,27.8,48,0.0,0.0,0.0,4,13.0,,0,0
260630-M1827-001-1501,2026-06-30T23:12:42.000,304.0,344.0,40.0,MANHATTAN,,10034,40.86372419744462,-73.92064105831952,40.864897,-73.925154,fdny_firehouse,0.9179731744999858,108.96287615411495,0.4012855117193614,,,0.27282496502606024,0.27282496502606024,0.12846054669330115,27.0,23,1,6,0,0,1,-1,,,0,1,0.12846054669330115,,27.8,48,0.0,0.0,0.0,4,13.0,,0,0
260630-M0322-002-1494,2026-06-30T23:06:08.000,279.0,286.0,7.0,MANHATTAN,,10012,40.72594239486469,-73.99790654151013,40.719841,-73.99576,fdny_firehouse,0.5866010990046531,345.0713099145149,0.34326293150380077,,,0.2756515217425405,0.2756515217425405,0.06761140976126029,18.0,23,1,6,0,0,1,-1,,,0,1,0.06761140976126029,,27.8,48,0.0,0.0,0.0,4,13.0,,0,0
260630-X2726-018-1053,2026-06-30T23:05:52.000,188.0,249.0,60.0,BRONX,,10456,40.82898240818156,-73.90949161407787,40.834679,-73.913625,fdny_firehouse,0.4959541813623886,151.2316859146111,0.14107553388165955,,,0.4083767497415039,0.14107553388165955,0.26730121585984434,60.0,23,1,6,0,0,1,-1,,,0,1,-0.26730121585984434,,27.8,48,0.0,0.0,0.0,4,13.0,,0,0
260630-M1513-010-1489,2026-06-30T23:04:00.000,312.0,341.0,29.0,MANHATTAN,,10027,40.812448125004096,-73.9526188214235,40.811921,-73.9546,fdny_firehouse,0.6852766622277289,70.63065777565032,0.17673566000401683,,,0.5096398593113268,0.17673566000401683,0.33290419930730997,46.0,23,1,6,0,0,1,-1,,,0,1,-0.33290419930730997,,27.8,48,0.0,0.0,0.0,4,13.0,,0,0
260630-Q7176-002-0831,2026-06-30T23:03:44.000,368.0,378.0,9.0,QUEENS,,11101,40.745855964057014,-73.94066377679383,40.744986,-73.951755,fdny_firehouse,1.332206249172732,84.085527354963,0.9393541880027645,,,0.7108941316000547,0.7108941316000547,0.22846005640270983,26.0,23,1,6,0,0,1,-1,,,0,1,0.22846005640270983,,27.8,48,0.0,0.0,0.0,4,13.0,,0,0
260630-M1392-001-1488,2026-06-30T23:03:05.000,335.0,380.0,44.0,MANHATTAN,,10027,40.812448125004096,-73.9526188214235,40.804946,-73.962932,fdny_firehouse,0.4964654048052243,46.133842620840596,0.17673566000401683,,,0.5096398593113268,0.17673566000401683,0.33290419930730997,46.0,23,1,6,0,0,1,-1,,,0,1,-0.33290419930730997,,27.8,48,0.0,0.0,0.0,4,13.0,,0,0
260630-Q2010-001-0829,2026-06-30T23:01:46.000,397.0,404.0,7.0,QUEENS,,11417,40.676047998092066,-73.84865647201624,40.659245,-73.839515,fdny_firehouse,1.669246672628251,337.57927798372253,0.9203340041207314,,,1.6561995967112044,0.9203340041207314,0.735865592590473,6.0,23,1,6,0,0,1,-1,,,0,1,-0.735865592590473,,27.8,48,0.0,0.0,0.0,4,13.0,,0,0
260630-B3558-004-1029,2026-06-30T23:00:29.000,169.0,214.0,45.0,BROOKLYN,,11224,40.576958945988395,-73.9911152881316,40.57776,-73.993011,fdny_firehouse,0.1832135741020589,119.08861065932376,0.1832135741020589,,,0.32414656112882145,0.1832135741020589,0.14093298702676255,34.0,23,1,6,0,0,1,-1,,,0,1,-0.14093298702676255,,27.8,48,0.0,0.0,0.0,4,13.0,,0,0
260630-M1832-001-1482,2026-06-30T23:00:14.000,408.0,431.0,23.0,MANHATTAN,,10034,40.86372419744462,-73.92064105831952,40.864897,-73.925154,fdny_firehouse,1.0054703757679668,108.96287615411495,0.4012855117193614,,,0.27282496502606024,0.27282496502606024,0.12846054669330115,27.0,23,1,6,0,0,1,-1,,,0,1,0.12846054669330115,,27.8,48,0.0,0.0,0.0,4,13.0,,0,0
260630-Q8892-001-0827,2026-06-30T22:59:49.000,156.0,165.0,8.0,QUEENS,,11436,40.67626883232255,-73.79719129926784,40.674054,-73.795083,fdny_firehouse,0.2917916593847399,324.17376674659795,0.3037512245036009,,,1.1998775286340937,0.3037512245036009,0.8961263041304928,11.0,22,1,6,0,0,1,-1,,,0,1,-0.8961263041304928,,29.2,41,0.0,0.0,0.0,18,11.0,,0,0
260630-M1541-005-1478,2026-06-30T22:59:22.000,366.0,371.0,5.0,MANHATTAN,,10027,40.812448125004096,-73.9526188214235,40.821948,-73.950762,fdny_firehouse,0.6048193539862352,188.41489571258774,0.17673566000401683,,,0.5096398593113268,0.17673566000401683,0.33290419930730997,46.0,22,1,6,0,0,1,-1,,,0,1,-0.33290419930730997,,29.2,41,0.0,0.0,0.0,18,11.0,,0,0
260630-M1613-002-1479,2026-06-30T22:59:16.000,202.0,222.0,19.0,MANHATTAN,,10030,40.81820392339041,-73.94268353273702,40.820847,-73.941821,fdny_firehouse,0.1169500009632744,193.87261235163098,0.302726521716064,,,0.11273289564788122,0.11273289564788122,0.1899936260681828,20.0,22,1,6,0,0,1,-1,,,0,1,0.1899936260681828,,29.2,41,0.0,0.0,0.0,18,11.0,,0,0
260630-M0638-001-1480,2026-06-30T22:59:13.000,233.0,253.0,20.0,MANHATTAN,,10001,40.75156446523435,-73.998960240437,40.741196,-73.996868,fdny_firehouse,0.841665759430831,351.3088025811301,0.5971677094843669,,,0.4508841428678818,0.4508841428678818,0.14628356661648512,36.0,22,1,6,0,0,1,-1,,,0,1,0.14628356661648512,,29.2,41,0.0,0.0,0.0,18,11.0,,0,0
260630-Q7317-001-0823,2026-06-30T22:55:38.000,260.0,293.0,32.0,QUEENS,,11104,40.7436598194127,-73.9205119246819,40.745278,-73.913705,fdny_firehouse,0.7021494317660726,252.58160447732126,0.6010120354713688,,,0.6084704546984129,0.6010120354713688,0.007458419227044044,10.0,22,1,6,0,0,1,-1,,,0,1,-0.007458419227044044,,29.2,41,0.0,0.0,0.0,18,11.0,,0,0
260630-Q9408-003-0822,2026-06-30T22:55:34.000,305.0,331.0,26.0,QUEENS,,11355,40.750823237855116,-73.82074210024575,40.74424412,-73.82953367,csl,1.041001603926738,45.34902518820002,1.1192365438746035,,,1.041001603926738,1.041001603926738,0.07823493994786546,16.0,22,1,6,0,0,1,-1,,,0,1,0.07823493994786546,,29.2,41,0.0,0.0,0.0,18,11.0,,0,0
260630-B1611-001-1025,2026-06-30T22:54:54.000,106.0,137.0,31.0,BROOKLYN,,11212,40.664602207240236,-73.9145581386799,40.672948,-73.90925438,csl,0.34558812133748135,205.7367626208262,0.4954073200194883,,,0.34558812133748135,0.34558812133748135,0.14981919868200694,49.0,22,1,6,0,0,1,-1,,,0,1,0.14981919868200694,,29.2,41,0.0,0.0,0.0,18,11.0,,0,0
260630-M0676-003-1475,2026-06-30T22:54:07.000,263.0,297.0,34.0,MANHATTAN,,10001,40.75156446523435,-73.998960240437,40.756593,-73.996471,fdny_firehouse,0.6532261009927712,200.5563101175725,0.5971677094843669,,,0.4508841428678818,0.4508841428678818,0.14628356661648512,36.0,22,1,6,0,0,1,-1,,,0,1,0.14628356661648512,,29.2,41,0.0,0.0,0.0,18,11.0,,0,0
260630-M1294-003-1471,2026-06-30T22:52:46.000,395.0,425.0,29.0,MANHATTAN,,10025,40.79971253537102,-73.9658103333289,40.796449,-73.967261,fdny_firehouse,0.3306477940935797,18.59760607586611,0.3828830757832824,,,0.03371270797425293,0.03371270797425293,0.3491703678090295,36.0,22,1,6,0,0,1,-1,,,0,1,0.3491703678090295,,29.2,41,0.0,0.0,0.0,18,11.0,,0,0
260630-B1693-001-1017,2026-06-30T22:51:53.000,276.0,305.0,29.0,BROOKLYN,,11212,40.664602207240236,-73.9145581386799,40.67057,-73.907891,fdny_firehouse,1.0430677857971218,220.2797670011061,0.4954073200194883,,,0.34558812133748135,0.34558812133748135,0.14981919868200694,49.0,22,1,6,0,0,1,-1,,,0,1,0.14981919868200694,,29.2,41,0.0,0.0,0.0,18,11.0,,0,0
260630-B0730-001-1013,2026-06-30T22:50:20.000,180.0,196.0,15.0,BROOKLYN,,11221,40.69252111192363,-73.92555278351443,40.6942806,-73.92673532,csl,0.2195841747270702,152.99686462719535,0.33921669121326364,,,0.21958417472707029,0.21958417472707029,0.11963251648619336,38.0,22,1,6,0,0,1,-1,,,0,1,0.11963251648619336,,29.2,41,0.0,0.0,0.0,18,11.0,,0,0
260630-Q4269-002-0821,2026-06-30T22:50:08.000,589.0,602.0,12.0,QUEENS,,11357,40.78718249295348,-73.81144659695411,40.78898,-73.815949,fdny_firehouse,1.9274038670092457,117.8010721502884,0.42852179768292503,,,2.0565487806720424,0.42852179768292503,1.6280269829891174,8.0,22,1,6,0,0,1,-1,,,0,1,-1.6280269829891174,,29.2,41,0.0,0.0,0.0,18,11.0,,0,0
260630-X3617-002-1043,2026-06-30T22:48:27.000,305.0,347.0,42.0,BRONX,,10467,40.88278350178068,-73.8630654141429,40.876269,-73.867362,fdny_firehouse,0.1680603264790966,26.502704660505174,0.8094509413065711,,,0.6020622966736452,0.6020622966736452,0.20738864463292594,71.0,22,1,6,0,0,1,-1,,,0,1,0.20738864463292594,,29.2,41,0.0,0.0,0.0,18,11.0,,0,0
260630-M1552-001-1468,2026-06-30T22:48:14.000,184.0,210.0,26.0,MANHATTAN,,10030,40.81820392339041,-73.94268353273702,40.81847106,-73.94139122,csl,0.1127328956478812,254.7230456274126,0.302726521716064,,,0.11273289564788122,0.11273289564788122,0.1899936260681828,20.0,22,1,6,0,0,1,-1,,,0,1,0.1899936260681828,,29.2,41,0.0,0.0,0.0,18,11.0,,0,0
260630-X2937-001-1042,2026-06-30T22:48:02.000,174.0,207.0,33.0,BRONX,,10457,40.84697506197675,-73.89769511018748,40.843919,-73.90016,fdny_firehouse,0.6170117426508497,31.388307562693512,0.14630472789786766,,,0.1482154648779818,0.14630472789786766,0.001910736980114125,56.0,22,1,6,0,0,1,-1,,,0,1,-0.001910736980114125,,29.2,41,0.0,0.0,0.0,18,11.0,,0,0
260630-X2953-001-1041,2026-06-30T22:47:55.000,364.0,368.0,4.0,BRONX,,10457,40.84697506197675,-73.89769511018748,40.84564214,-73.8977025,csl,0.3990280963212596,0.24028918190998638,0.14630472789786766,,,0.1482154648779818,0.14630472789786766,0.001910736980114125,56.0,22,1,6,0,0,1,-1,,,0,1,-0.001910736980114125,,29.2,41,0.0,0.0,0.0,18,11.0,,0,0
260630-B3527-001-1007,2026-06-30T22:47:03.000,347.0,363.0,15.0,BROOKLYN,,11224,40.576958945988395,-73.9911152881316,40.57776,-73.993011,fdny_firehouse,0.1832135741020589,119.08861065932376,0.1832135741020589,,,0.32414656112882145,0.1832135741020589,0.14093298702676255,34.0,22,1,6,0,0,1,-1,,,0,0,-0.14093298702676255,,29.2,41,0.0,0.0,0.0,18,11.0,,0,0
260630-B2261-001-1006,2026-06-30T22:46:50.000,224.0,248.0,23.0,BROOKLYN,,11236,40.639994739197846,-73.90023555275353,40.646611,-73.903569,fdny_firehouse,0.7876221774896244,159.07740591185245,0.7876221774896244,,,1.1589886972580292,0.7876221774896244,0.37136651976840485,28.0,22,1,6,0,0,1,-1,,,0,1,-0.37136651976840485,,29.2,41,0.0,0.0,0.0,18,11.0,,0,0
260630-X3386-005-1039,2026-06-30T22:46:50.000,354.0,397.0,43.0,BRONX,,10463,40.879252726831524,-73.9078829289896,40.876945,-73.903669,fdny_firehouse,0.7347946642873406,305.91702674090277,0.43745368532448564,,,0.2823764862055331,0.2823764862055331,0.15507719911895257,27.0,22,1,6,0,0,1,-1,,,0,1,0.15507719911895257,,29.2,41,0.0,0.0,0.0,18,11.0,,0,0
260630-B3621-001-1003,2026-06-30T22:45:30.000,203.0,233.0,29.0,BROOKLYN,,11235,40.58434612826166,-73.94889917083387,40.576735,-73.97616,fdny_firehouse,1.6464955281858635,69.8072311830332,0.8878958156944061,,,0.4852465140259243,0.4852465140259243,0.40264930166848184,27.0,22,1,6,0,0,1,-1,,,0,1,0.40264930166848184,,29.2,41,0.0,0.0,0.0,18,11.0,,0,0
260630-B0593-001-1002,2026-06-30T22:45:21.000,455.0,462.0,7.0,BROOKLYN,,11201,40.69464231098107,-73.9903123087008,40.68707,-73.982768,fdny_firehouse,0.4146056975007223,322.9338037393364,0.5966935368478462,,,0.1015192482605608,0.1015192482605608,0.4951742885872854,49.0,22,1,6,0,0,1,-1,,,0,1,0.4951742885872854,,29.2,41,0.0,0.0,0.0,18,11.0,,0,0
260630-Q4246-001-0818,2026-06-30T22:44:12.000,226.0,235.0,8.0,QUEENS,,11379,40.71861021099217,-73.8789952143905,40.712579,-73.874942,fdny_firehouse,0.8839811348810445,333.00806475129946,0.7526318145165241,,,1.0562053019102533,0.7526318145165241,0.30357348739372925,7.0,22,1,6,0,0,1,-1,,,0,1,-0.30357348739372925,,29.2,41,0.0,0.0,0.0,18,11.0,,0,0
260630-M0527-004-1463,2026-06-30T22:42:44.000,199.0,223.0,24.0,MANHATTAN,,10011,40.74374198373285,-74.00056296911586,40.74582636,-74.00181131,csl,0.2545152520021646,155.59369957867807,0.42076977535900995,,,0.2545152520021646,0.2545152520021646,0.16625452335684532,17.0,22,1,6,0,0,1,-1,,,0,1,0.16625452335684532,,29.2,41,0.0,0.0,0.0,18,11.0,,0,0
260630-R0030-002-0220,2026-06-30T22:41:36.000,389.0,397.0,8.0,STATEN ISLAND,,10301,40.62485147417277,-74.09615973769871,40.62767844,-74.10697483,csl,0.9653419621949548,109.00022381691781,1.5587266463983496,,,0.9653419621949547,0.9653419621949547,0.5933846842033949,26.0,22,1,6,0,0,1,-1,,,0,1,0.5933846842033949,,29.2,41,0.0,0.0,0.0,18,11.0,,0,0
260630-M1630-001-1461,2026-06-30T22:40:44.000,480.0,511.0,31.0,MANHATTAN,,10031,40.82610477573791,-73.94937719284397,40.820847,-73.941821,fdny_firehouse,0.7175203412704754,312.601526270344,0.476673669218229,,,0.09718045575994208,0.09718045575994208,0.3794932134582869,24.0,22,1,6,0,0,1,-1,,,0,1,0.3794932134582869,,29.2,41,0.0,0.0,0.0,18,11.0,,0,0
260630-X2284-002-1038,2026-06-30T22:39:36.000,294.0,303.0,8.0,BRONX,,10455,40.814404245332184,-73.90856830942926,40.815274,-73.903785,fdny_firehouse,0.3209480602002494,256.4920181819994,0.4139951349248859,,,0.1370195806806267,0.1370195806806267,0.2769755542442592,35.0,22,1,6,0,0,1,-1,,,0,1,0.2769755542442592,,29.2,41,0.0,0.0,0.0,18,11.0,,0,0
260630-M0186-001-1459,2026-06-30T22:38:17.000,217.0,233.0,15.0,MANHATTAN,,10013,40.72056549959967,-74.00486522947534,40.728041,-74.003434,fdny_firehouse,0.6127148514659402,188.2562638730729,0.1844576306128529,,,0.13693045079170493,0.13693045079170493,0.04752717982114796,25.0,22,1,6,0,0,1,-1,,,0,1,0.04752717982114796,,29.2,41,0.0,0.0,0.0,18,11.0,,0,0
260630-X3394-002-1036,2026-06-30T22:37:40.000,414.0,448.0,33.0,BRONX,,10458,40.86461650805717,-73.88972537988687,40.86836792,-73.88980523,csl,0.4171920136565026,179.07777753433436,0.6829037292150765,,,0.4171920136565026,0.4171920136565026,0.26571171555857387,51.0,22,1,6,0,0,1,-1,,,0,1,0.26571171555857387,,29.2,41,0.0,0.0,0.0,18,11.0,,0,0
260630-B3558-001-1000,2026-06-30T22:37:04.000,172.0,215.0,43.0,BROOKLYN,,11224,40.576958945988395,-73.9911152881316,40.57776,-73.993011,fdny_firehouse,0.1832135741020589,119.08861065932376,0.1832135741020589,,,0.32414656112882145,0.1832135741020589,0.14093298702676255,34.0,22,1,6,0,0,1,-1,,,0,1,-0.14093298702676255,,29.2,41,0.0,0.0,0.0,18,11.0,,0,0
260630-Q3157-004-0817,2026-06-30T22:36:10.000,291.0,314.0,23.0,QUEENS,,11415,40.708455066197594,-73.82736500874037,40.720109,-73.807759,fdny_firehouse,1.9779534919496633,231.90262884052174,1.3894551858922959,,,0.9284085449005347,0.9284085449005347,0.4610466409917612,9.0,22,1,6,0,0,1,-1,,,0,1,0.4610466409917612,,29.2,41,0.0,0.0,0.0,18,11.0,,0,0
260630-B1471-001-0998,2026-06-30T22:35:10.000,356.0,385.0,29.0,BROOKLYN,,11232,40.65719107451709,-74.00628599086636,40.651814,-74.005327,fdny_firehouse,0.60335155340074,352.29475321090086,0.60335155340074,,,1.0008091957735914,0.60335155340074,0.3974576423728514,12.0,22,1,6,0,0,1,-1,,,0,0,-0.3974576423728514,,29.2,41,0.0,0.0,0.0,18,11.0,,0,0
260630-Q1741-001-0813,2026-06-30T22:33:23.000,415.0,427.0,12.0,QUEENS,,11414,40.65959399780355,-73.84999835643863,40.659245,-73.839515,fdny_firehouse,0.885143464183772,272.5162033280935,0.885143464183772,,,3.0325808940772565,0.885143464183772,2.1474374298934844,8.0,22,1,6,0,0,1,-1,,,0,1,-2.1474374298934844,,29.2,41,0.0,0.0,0.0,18,11.0,,0,0
260630-B1549-001-0996,2026-06-30T22:31:28.000,519.0,525.0,6.0,BROOKLYN,,11226,40.645907372619014,-73.95669229791639,40.648746,-73.949987,fdny_firehouse,0.9151088277911728,240.84252774769448,0.6478076475927169,,,0.4033259627852783,0.4033259627852783,0.2444816848074386,35.0,22,1,6,0,0,1,-1,,,0,1,0.2444816848074386,,29.2,41,0.0,0.0,0.0,18,11.0,,0,0
260630-Q5347-001-0812,2026-06-30T22:30:25.000,322.0,332.0,9.0,QUEENS,,11412,40.69744567408972,-73.75886120921066,40.716907,-73.735945,fdny_firehouse,1.7450993146110303,221.76041593028947,0.5517959672079088,,,1.3415762512263383,0.5517959672079088,0.7897802840184295,11.0,22,1,6,0,0,1,-1,,,0,1,-0.7897802840184295,,29.2,41,0.0,0.0,0.0,18,11.0,,0,0
260630-B3844-001-0992,2026-06-30T22:28:10.000,176.0,211.0,34.0,BROOKLYN,,11231,40.67615722541801,-74.00604476588369,40.671782,-73.987239,fdny_firehouse,0.9758600185573592,287.0598575969269,0.47138610882840243,,,1.6296142041811508,0.47138610882840243,1.1582280953527484,16.0,22,1,6,0,0,1,-1,,,0,1,-1.1582280953527484,,29.2,41,0.0,0.0,0.0,18,11.0,,0,0
260630-M0445-001-1451,2026-06-30T22:21:25.000,554.0,583.0,28.0,MANHATTAN,,10009,40.726802221346986,-73.9787312857601,40.721879,-73.982526,fdny_firehouse,0.6768102337110815,30.289681484505763,0.6339927835072986,,,0.23937419756699468,0.23937419756699468,0.3946185859403039,34.0,22,1,6,0,0,1,-1,,,0,1,0.3946185859403039,,29.2,41,0.0,0.0,0.0,18,11.0,,0,0
260630-B1187-002-0988,2026-06-30T22:18:55.000,504.0,529.0,24.0,BROOKLYN,,11209,40.62085954469528,-74.03158989424534,40.617389,-74.02952,fdny_firehouse,0.9032277995852692,335.64378045793006,0.42361077736379854,,,1.8014701810416092,0.42361077736379854,1.3778594036778107,13.0,22,1,6,0,0,1,-1,,,0,1,-1.3778594036778107,,29.2,41,0.0,0.0,0.0,18,11.0,,0,0
260630-Q7136-001-0808,2026-06-30T22:17:37.000,375.0,409.0,33.0,QUEENS,,11101,40.745855964057014,-73.94066377679383,40.744986,-73.951755,fdny_firehouse,0.9192861470388892,84.085527354963,0.9393541880027645,,,0.7108941316000547,0.7108941316000547,0.22846005640270983,26.0,22,1,6,0,0,1,-1,,,0,1,0.22846005640270983,,29.2,41,0.0,0.0,0.0,18,11.0,,0,0
260630-Q7176-001-0807,2026-06-30T22:17:16.000,381.0,421.0,40.0,QUEENS,,11101,40.745855964057014,-73.94066377679383,40.744986,-73.951755,fdny_firehouse,1.332206249172732,84.085527354963,0.9393541880027645,,,0.7108941316000547,0.7108941316000547,0.22846005640270983,26.0,22,1,6,0,0,1,-1,,,0,1,0.22846005640270983,,29.2,41,0.0,0.0,0.0,18,11.0,,0,0
260630-B1897-006-0986,2026-06-30T22:17:07.000,288.0,295.0,6.0,BROOKLYN,,11208,40.667473412219195,-73.8700260616479,40.675471,-73.892695,fdny_firehouse,1.5246470830696723,114.9382448484547,0.4488432384787856,,,0.612235640061472,0.4488432384787856,0.16339240158268642,70.0,22,1,6,0,0,1,-1,,,0,1,-0.16339240158268642,,29.2,41,0.0,0.0,0.0,18,11.0,,0,0
260630-M1210-001-1446,2026-06-30T22:16:56.000,362.0,401.0,38.0,MANHATTAN,,10025,40.79971253537102,-73.9658103333289,40.784697,-73.974602,fdny_firehouse,0.7616098492593036,23.903699210916557,0.3828830757832824,,,0.03371270797425293,0.03371270797425293,0.3491703678090295,36.0,22,1,6,0,0,1,-1,,,0,1,0.3491703678090295,,29.2,41,0.0,0.0,0.0,18,11.0,,0,0
260630-B2830-001-0984,2026-06-30T22:15:17.000,154.0,193.0,39.0,BROOKLYN,,11214,40.59841924364046,-73.99625356427286,40.606037,-74.003495,fdny_firehouse,0.9432003086680634,144.17819415402874,0.6558358351898291,,,0.48344950743632076,0.48344950743632076,0.17238632775350837,19.0,22,1,6,0,0,1,-1,,,0,1,0.17238632775350837,,29.2,41,0.0,0.0,0.0,18,11.0,,0,0
260630-B1669-005-0983,2026-06-30T22:14:17.000,157.0,200.0,42.0,BROOKLYN,,11212,40.664602207240236,-73.9145581386799,40.67057,-73.907891,fdny_firehouse,0.7128058889821931,220.2797670011061,0.4954073200194883,,,0.34558812133748135,0.34558812133748135,0.14981919868200694,49.0,22,1,6,0,0,1,-1,,,0,1,0.14981919868200694,,29.2,41,0.0,0.0,0.0,18,11.0,,0,0
260630-M1184-003-1442,2026-06-30T22:14:14.000,196.0,219.0,23.0,MANHATTAN,,10024,40.798521814731416,-73.9750083860416,40.784697,-73.974602,fdny_firehouse,0.5532129578758792,358.7252262223071,0.6916848137864098,,,0.7238277022295143,0.6916848137864098,0.032142888443104534,15.0,22,1,6,0,0,1,-1,,,0,1,-0.032142888443104534,,29.2,41,0.0,0.0,0.0,18,11.0,,0,0
260630-X3124-002-1023,2026-06-30T22:13:35.000,291.0,298.0,6.0,BRONX,,10457,40.84697506197675,-73.89769511018748,40.843919,-73.90016,fdny_firehouse,0.9027484961129246,31.388307562693512,0.14630472789786766,,,0.1482154648779818,0.14630472789786766,0.001910736980114125,56.0,22,1,6,0,0,1,-1,,,0,1,-0.001910736980114125,,29.2,41,0.0,0.0,0.0,18,11.0,,0,0
260630-M1442-001-1441,2026-06-30T22:13:27.000,360.0,366.0,6.0,MANHATTAN,,10035,40.80176638956237,-73.93752780228272,40.803297,-73.936522,fdny_firehouse,0.2850709357867546,206.44706144478113,0.1900891758011482,,,0.29017446330643615,0.1900891758011482,0.10008528750528795,32.0,22,1,6,0,0,1,-1,,,0,1,-0.10008528750528795,,29.2,41,0.0,0.0,0.0,18,11.0,,0,0
260630-B1300-001-0979,2026-06-30T22:12:45.000,262.0,317.0,54.0,BROOKLYN,,11231,40.67615722541801,-74.00604476588369,40.672118,-73.999666,fdny_firehouse,0.975659516596902,309.8613799271448,0.47138610882840243,,,1.6296142041811508,0.47138610882840243,1.1582280953527484,16.0,22,1,6,0,0,1,-1,,,0,1,-1.1582280953527484,,29.2,41,0.0,0.0,0.0,18,11.0,,0,0
260630-M1563-001-1437,2026-06-30T22:08:39.000,324.0,351.0,27.0,MANHATTAN,,10037,40.81302724972143,-73.93780453859051,40.813332,-73.94245,fdny_firehouse,0.5579046855167679,94.95237910632227,0.3924153284857046,,,0.4235272978099638,0.3924153284857046,0.031111969324259192,12.0,22,1,6,0,0,1,-1,,,0,1,-0.031111969324259192,,29.2,41,0.0,0.0,0.0,18,11.0,,0,0
260630-X2502-001-1022,2026-06-30T22:08:30.000,298.0,302.0,4.0,BRONX,,10456,40.82898240818156,-73.90949161407787,40.82971,-73.908118,fdny_firehouse,0.4552578873738148,235.0069353857072,0.14107553388165955,,,0.4083767497415039,0.14107553388165955,0.26730121585984434,60.0,22,1,6,0,0,1,-1,,,0,1,-0.26730121585984434,,29.2,41,0.0,0.0,0.0,18,11.0,,0,0
260630-X2887-002-1021,2026-06-30T22:08:20.000,248.0,253.0,4.0,BRONX,,10462,40.8431649108642,-73.86016672507611,40.84151272,-73.86176167,csl,0.2274909634375671,36.14013401093246,0.6617787086158436,,,0.2274909634375671,0.2274909634375671,0.4342877451782765,46.0,22,1,6,0,0,1,-1,,,0,1,0.4342877451782765,,29.2,41,0.0,0.0,0.0,18,11.0,,0,0
260630-M1078-001-1436,2026-06-30T22:08:12.000,266.0,289.0,22.0,MANHATTAN,,10075,40.77308056827759,-73.95578979357234,40.771454,-73.958154,fdny_firehouse,0.4188390329377505,47.74489752213907,0.26897682991565514,,,0.6177578447529902,0.26897682991565514,0.3487810148373351,6.0,22,1,6,0,0,1,-1,,,0,1,-0.3487810148373351,,29.2,41,0.0,0.0,0.0,18,11.0,,0,0
260630-M1362-001-1434,2026-06-30T22:06:17.000,272.0,316.0,43.0,MANHATTAN,,10029,40.79181061410928,-73.94389258547608,40.793843,-73.940791,fdny_firehouse,0.3601953786596107,229.12382122931027,0.3453197285352938,,,0.49134550545169214,0.3453197285352938,0.14602577691639834,70.0,22,1,6,0,0,1,-1,,,0,1,-0.14602577691639834,,29.2,41,0.0,0.0,0.0,18,11.0,,0,0
260630-B1788-001-0972,2026-06-30T22:05:58.000,166.0,201.0,35.0,BROOKLYN,,11208,40.667473412219195,-73.8700260616479,40.675471,-73.892695,fdny_firehouse,0.6910593832841236,114.9382448484547,0.4488432384787856,,,0.612235640061472,0.4488432384787856,0.16339240158268642,70.0,22,1,6,0,0,1,-1,,,0,1,-0.16339240158268642,,29.2,41,0.0,0.0,0.0,18,11.0,,0,0
260630-B3390-001-0971,2026-06-30T22:05:49.000,330.0,335.0,5.0,BROOKLYN,,11223,40.596569205923075,-73.9725315057552,40.576735,-73.97616,fdny_firehouse,1.083123295862826,7.908280186743411,0.9139687266603,,,0.8047926846886092,0.8047926846886092,0.10917604197169084,21.0,22,1,6,0,0,1,-1,,,0,1,0.10917604197169084,,29.2,41,0.0,0.0,0.0,18,11.0,,0,0
260630-B1026-001-0969,2026-06-30T22:04:50.000,197.0,218.0,21.0,BROOKLYN,,11203,40.64868812356477,-73.93389672596783,40.660257,-73.953293,fdny_firehouse,1.1455236788011154,128.1679234124831,0.46142166734078743,,,1.4093545754477987,0.46142166734078743,0.9479329081070114,18.0,22,1,6,0,0,1,-1,,,0,1,-0.9479329081070114,,29.2,41,0.0,0.0,0.0,18,11.0,,0,0
260630-Q9228-001-0802,2026-06-30T22:03:02.000,337.0,345.0,8.0,QUEENS,,11368,40.750494909866546,-73.85135725025106,40.74617,-73.865316,fdny_firehouse,0.2581433650374719,67.75197155346063,1.2704179172468035,,,0.6349209541541971,0.6349209541541971,0.6354969630926064,28.0,22,1,6,0,0,1,-1,,,0,1,0.6354969630926064,,29.2,41,0.0,0.0,0.0,18,11.0,,0,0
260630-Q6578-001-0803,2026-06-30T22:02:39.000,423.0,466.0,42.0,QUEENS,,11432,40.71495048336277,-73.79223361830964,40.71699938,-73.78961771,csl,0.3170364590317743,224.06066619806188,1.296943762528787,,,0.31703645903177435,0.31703645903177435,0.9799073034970126,31.0,22,1,6,0,0,1,-1,,,0,1,0.9799073034970126,,29.2,41,0.0,0.0,0.0,18,11.0,,0,0
260630-X3748-001-1020,2026-06-30T22:02:30.000,362.0,367.0,5.0,BRONX,,10463,40.879252726831524,-73.9078829289896,40.8860048,-73.91184837,csl,0.161613495495314,156.05635495564673,0.43745368532448564,,,0.2823764862055331,0.2823764862055331,0.15507719911895257,27.0,22,1,6,0,0,1,-1,,,0,1,0.15507719911895257,,29.2,41,0.0,0.0,0.0,18,11.0,,0,0
260630-B3662-002-0964,2026-06-30T22:01:58.000,413.0,438.0,25.0,BROOKLYN,,11229,40.601872575760666,-73.94655035831178,40.602267,-73.935188,fdny_firehouse,1.4873170549462034,267.3859250215413,0.9602635371077282,,,1.54998481154386,0.9602635371077282,0.5897212744361318,16.0,22,1,6,0,0,1,-1,,,0,1,-0.5897212744361318,,29.2,41,0.0,0.0,0.0,18,11.0,,0,0
260630-M1681-002-1432,2026-06-30T22:00:01.000,495.0,504.0,8.0,MANHATTAN,,10032,40.83976482326059,-73.94173123284911,40.835918,-73.940959,fdny_firehouse,0.1342564761598704,351.36435162215537,0.4170927766357803,,,0.3518959920523762,0.3518959920523762,0.06519678458340411,20.0,22,1,6,0,0,1,-1,,,0,1,0.06519678458340411,,29.2,41,0.0,0.0,0.0,18,11.0,,0,0
260630-M0426-001-1429,2026-06-30T21:58:40.000,549.0,577.0,28.0,MANHATTAN,,10009,40.726802221346986,-73.9787312857601,40.721879,-73.982526,fdny_firehouse,0.6678680490989706,30.289681484505763,0.6339927835072986,,,0.23937419756699468,0.23937419756699468,0.3946185859403039,34.0,21,1,6,0,0,0,-1,,,0,1,0.3946185859403039,,30.2,42,0.0,0.0,0.0,61,10.4,,0,0
260630-Q9407-001-0800,2026-06-30T21:58:11.000,561.0,615.0,53.0,QUEENS,,11355,40.750823237855116,-73.82074210024575,40.74424412,-73.82953367,csl,1.041001603926738,45.34902518820002,1.1192365438746035,,,1.041001603926738,1.041001603926738,0.07823493994786546,16.0,21,1,6,0,0,0,-1,,,0,1,0.07823493994786546,,30.2,42,0.0,0.0,0.0,61,10.4,,0,0
260630-B1065-001-0961,2026-06-30T21:56:45.000,145.0,169.0,24.0,BROOKLYN,,11216,40.68141528070829,-73.9467295192618,40.673473,-73.961641,fdny_firehouse,0.6169500645542884,54.91423743743286,0.5571924447580264,,,0.130733549693534,0.130733549693534,0.4264588950644924,19.0,21,1,6,0,0,0,-1,,,0,1,0.4264588950644924,,30.2,42,0.0,0.0,0.0,61,10.4,,0,0
260630-Q8510-001-0798,2026-06-30T21:55:11.000,330.0,339.0,9.0,QUEENS,,11421,40.69298474055938,-73.85721954025291,40.69004699,-73.8616573,csl,0.4966888360878469,48.87527919334627,0.49794355004127866,,,0.4966888360878469,0.4966888360878469,0.0012547139534317409,12.0,21,1,6,0,0,0,-1,,,0,1,0.0012547139534317409,,30.2,42,0.0,0.0,0.0,61,10.4,,0,0
260630-Q5015-001-0797,2026-06-30T21:55:08.000,285.0,291.0,5.0,QUEENS,,11433,40.697581051726765,-73.78664900498536,40.693448,-73.781107,fdny_firehouse,0.6018679205142423,314.52876732881134,0.6553693927914929,,,0.4902830329783176,0.4902830329783176,0.16508635981317527,23.0,21,1,6,0,0,0,-1,,,0,1,0.16508635981317527,,30.2,42,0.0,0.0,0.0,61,10.4,,0,0
260630-B0853-003-0958,2026-06-30T21:54:21.000,372.0,393.0,21.0,BROOKLYN,,11221,40.69252111192363,-73.92555278351443,40.689591,-73.924433,fdny_firehouse,0.3869815963885293,343.840330471124,0.33921669121326364,,,0.21958417472707029,0.21958417472707029,0.11963251648619336,38.0,21,1,6,0,0,0,-1,,,0,1,0.11963251648619336,,30.2,42,0.0,0.0,0.0,61,10.4,,0,0
260630-X3316-004-1015,2026-06-30T21:52:18.000,283.0,292.0,9.0,BRONX,,10468,40.86939121220024,-73.89879549225043,40.86965857,-73.89891854,csl,0.0314778465580544,160.81045891491203,0.9345670819659458,,,0.03147784655805449,0.03147784655805449,0.9030892354078913,34.0,21,1,6,0,0,0,-1,,,0,1,0.9030892354078913,,30.2,42,0.0,0.0,0.0,61,10.4,,0,0
260630-M1125-002-1423,2026-06-30T21:52:05.000,319.0,339.0,19.0,MANHATTAN,,10024,40.798521814731416,-73.9750083860416,40.784697,-73.974602,fdny_firehouse,0.3837485934625702,358.7252262223071,0.6916848137864098,,,0.7238277022295143,0.6916848137864098,0.032142888443104534,15.0,21,1,6,0,0,0,-1,,,0,1,-0.032142888443104534,,30.2,42,0.0,0.0,0.0,61,10.4,,0,0
260630-B3210-002-0956,2026-06-30T21:52:05.000,183.0,216.0,33.0,BROOKLYN,,11234,40.58390802101884,-73.92225171655224,40.615256,-73.928169,fdny_firehouse,1.0151179942468669,171.8418782919358,2.3152766833983587,,,1.7986212861984345,1.7986212861984345,0.5166553971999241,27.0,21,1,6,0,0,0,-1,,,0,1,0.5166553971999241,,30.2,42,0.0,0.0,0.0,61,10.4,,0,0
260630-Q7471-002-0795,2026-06-30T21:51:12.000,422.0,442.0,19.0,QUEENS,,11103,40.762337084734654,-73.91216388420813,40.767526,-73.929232,fdny_firehouse,1.154607880499008,111.86455614053136,0.7117428643786061,,,0.03132438508776208,0.03132438508776208,0.6804184792908441,13.0,21,1,6,0,0,0,-1,,,0,1,0.6804184792908441,,30.2,42,0.0,0.0,0.0,61,10.4,,0,0
260630-Q7383-001-0793,2026-06-30T21:50:55.000,251.0,982.0,730.0,QUEENS,,11106,40.761324698115786,-73.93136497080326,40.755402,-73.933266,fdny_firehouse,0.6777590502966927,13.664436394089648,0.6777590502966927,,,0.7287577636875596,0.6777590502966927,0.05099871339086692,11.0,21,1,6,0,0,0,-1,,,0,0,-0.05099871339086692,,30.2,42,0.0,0.0,0.0,61,10.4,,0,0
260630-M0452-003-1422,2026-06-30T21:50:18.000,230.0,252.0,22.0,MANHATTAN,,10009,40.726802221346986,-73.9787312857601,40.721879,-73.982526,fdny_firehouse,0.5968269811885386,30.289681484505763,0.6339927835072986,,,0.23937419756699468,0.23937419756699468,0.3946185859403039,34.0,21,1,6,0,0,0,-1,,,0,1,0.3946185859403039,,30.2,42,0.0,0.0,0.0,61,10.4,,0,0
260630-Q9341-001-0791,2026-06-30T21:49:04.000,199.0,213.0,13.0,QUEENS,,11434,40.658344376091534,-73.79440505498604,40.67068828,-73.79917995,csl,1.4304457368051888,163.645738096522,1.7477660876659569,,,2.50311111248011,1.7477660876659569,0.7553450248141533,28.0,21,1,6,0,0,0,-1,,,0,1,-0.7553450248141533,,30.2,42,0.0,0.0,0.0,61,10.4,,0,0
260630-M1347-007-1421,2026-06-30T21:48:54.000,220.0,229.0,8.0,MANHATTAN,,10029,40.79181061410928,-73.94389258547608,40.793843,-73.940791,fdny_firehouse,0.3453197285352938,229.12382122931027,0.3453197285352938,,,0.49134550545169214,0.3453197285352938,0.14602577691639834,70.0,21,1,6,0,0,0,-1,,,0,0,-0.14602577691639834,,30.2,42,0.0,0.0,0.0,61,10.4,,0,0
260630-Q3007-002-0786,2026-06-30T21:47:35.000,202.0,233.0,31.0,QUEENS,,11377,40.748086356591244,-73.90536545614626,40.736398,-73.933203,fdny_firehouse,1.2640769225939883,60.996509284694184,0.7688127667962921,,,0.37880276403187924,0.37880276403187924,0.39001000276441283,13.0,21,1,6,0,0,0,-1,,,0,1,0.39001000276441283,,30.2,42,0.0,0.0,0.0,61,10.4,,0,0
260630-Q7728-001-0787,2026-06-30T21:47:31.000,662.0,717.0,54.0,QUEENS,,11369,40.77103272571251,-73.87241597334116,40.762427,-73.869022,fdny_firehouse,0.3606910007493878,343.3703566160085,0.9986890995306079,,,1.9822598299182834,0.9986890995306079,0.9835707303876755,11.0,21,1,6,0,0,0,-1,,,0,1,-0.9835707303876755,,30.2,42,0.0,0.0,0.0,61,10.4,,0,0
260630-M0479-001-1417,2026-06-30T21:46:38.000,398.0,405.0,6.0,MANHATTAN,,10003,40.73119810373629,-73.99107143819182,40.737948,-73.991035,fdny_firehouse,0.2622789311231601,180.23438109686728,0.25144160070443844,,,0.1145574451553363,0.1145574451553363,0.13688415554910216,37.0,21,1,6,0,0,0,-1,,,0,1,0.13688415554910216,,30.2,42,0.0,0.0,0.0,61,10.4,,0,0
260630-B0787-001-0953,2026-06-30T21:46:33.000,154.0,185.0,30.0,BROOKLYN,,11221,40.69252111192363,-73.92555278351443,40.68441,-73.935771,fdny_firehouse,0.8479457063274581,43.685498821057536,0.33921669121326364,,,0.21958417472707029,0.21958417472707029,0.11963251648619336,38.0,21,1,6,0,0,0,-1,,,0,1,0.11963251648619336,,30.2,42,0.0,0.0,0.0,61,10.4,,0,0
260630-X2141-001-1011,2026-06-30T21:46:04.000,250.0,270.0,19.0,BRONX,,10454,40.80542361982092,-73.91600164341598,40.805819,-73.915834,fdny_firehouse,0.0461730419006129,197.79372263015452,0.04617304190061299,,,0.1991514020987927,0.04617304190061299,0.1529783601981797,38.0,21,1,6,0,0,0,-1,,,0,1,-0.1529783601981797,,30.2,42,0.0,0.0,0.0,61,10.4,,0,0
260630-X3580-001-1010,2026-06-30T21:45:37.000,361.0,395.0,34.0,BRONX,,10467,40.88278350178068,-73.8630654141429,40.88439063,-73.87995799,csl,0.2449972850307019,97.16671738976822,0.8094509413065711,,,0.6020622966736452,0.6020622966736452,0.20738864463292594,71.0,21,1,6,0,0,0,-1,,,0,1,0.20738864463292594,,30.2,42,0.0,0.0,0.0,61,10.4,,0,0
260630-X3185-002-1009,2026-06-30T21:45:12.000,319.0,328.0,8.0,BRONX,,10453,40.85260992626471,-73.91321825605405,40.856228,-73.904423,fdny_firehouse,0.2399459758531662,241.46259043655908,0.4108025319368385,,,0.3962851555993346,0.3962851555993346,0.01451737633750394,46.0,21,1,6,0,0,0,-1,,,0,1,0.01451737633750394,,30.2,42,0.0,0.0,0.0,61,10.4,,0,0
260630-Q4863-003-0784,2026-06-30T21:45:02.000,205.0,233.0,27.0,QUEENS,,11356,40.784197531639705,-73.84250938661845,40.784923,-73.848081,fdny_firehouse,0.4759796995353413,99.75568882726566,0.47597969953534136,,,2.051184341871786,0.47597969953534136,1.5752046423364447,8.0,21,1,6,0,0,0,-1,,,0,1,-1.5752046423364447,,30.2,42,0.0,0.0,0.0,61,10.4,,0,0
260630-X3523-002-1003,2026-06-30T21:42:50.000,478.0,512.0,34.0,BRONX,,10458,40.86461650805717,-73.88972537988687,40.870279,-73.886581,fdny_firehouse,0.235789904875497,202.78010667823472,0.6829037292150765,,,0.4171920136565026,0.4171920136565026,0.26571171555857387,51.0,21,1,6,0,0,0,-1,,,0,1,0.26571171555857387,,30.2,42,0.0,0.0,0.0,61,10.4,,0,0
260630-Q8560-001-0779,2026-06-30T21:41:14.000,206.0,236.0,30.0,QUEENS,,11421,40.69298474055938,-73.85721954025291,40.688614,-73.855934,fdny_firehouse,0.1565123207465579,347.4282571431338,0.49794355004127866,,,0.4966888360878469,0.4966888360878469,0.0012547139534317409,12.0,21,1,6,0,0,0,-1,,,0,1,0.0012547139534317409,,30.2,42,0.0,0.0,0.0,61,10.4,,0,0
260630-M0052-001-1406,2026-06-30T21:38:09.000,372.0,397.0,24.0,MANHATTAN,,10006,40.70976149704822,-74.01246400936128,40.709819,-74.012608,fdny_firehouse,0.0137180110470101,117.78172626362579,0.013718011047010106,,,0.9182522424761717,0.013718011047010106,0.9045342314291616,6.0,21,1,6,0,0,0,-1,,,0,1,-0.9045342314291616,,30.2,42,0.0,0.0,0.0,61,10.4,,0,0
260630-B2571-003-0950,2026-06-30T21:37:05.000,259.0,281.0,22.0,BROOKLYN,,11219,40.63343197458116,-73.99536675242251,40.640182,-73.990752,fdny_firehouse,0.5044173417035805,207.4218269018569,0.6351737629558317,,,1.6064538403144841,0.6351737629558317,0.9712800773586524,18.0,21,1,6,0,0,0,-1,,,0,1,-0.9712800773586524,,30.2,42,0.0,0.0,0.0,61,10.4,,0,0
260630-M1306-001-1402,2026-06-30T21:36:20.000,943.0,950.0,6.0,MANHATTAN,,10029,40.79181061410928,-73.94389258547608,40.793843,-73.940791,fdny_firehouse,0.3453197285352938,229.12382122931027,0.3453197285352938,,,0.49134550545169214,0.3453197285352938,0.14602577691639834,70.0,21,1,6,0,0,0,-1,,,0,0,-0.14602577691639834,,30.2,42,0.0,0.0,0.0,61,10.4,,0,0
260630-M1683-005-1403,2026-06-30T21:36:14.000,509.0,544.0,34.0,MANHATTAN,,10032,40.83976482326059,-73.94173123284911,40.835918,-73.940959,fdny_firehouse,0.5152094570402805,351.36435162215537,0.4170927766357803,,,0.3518959920523762,0.3518959920523762,0.06519678458340411,20.0,21,1,6,0,0,0,-1,,,0,1,0.06519678458340411,,30.2,42,0.0,0.0,0.0,61,10.4,,0,0
260630-X2962-003-0999,2026-06-30T21:32:14.000,266.0,320.0,53.0,BRONX,,10453,40.85260992626471,-73.91321825605405,40.8494181,-73.91112232,csl,0.3962851555993346,333.58690582294264,0.4108025319368385,,,0.3962851555993346,0.3962851555993346,0.01451737633750394,46.0,21,1,6,0,0,0,-1,,,0,1,0.01451737633750394,,30.2,42,0.0,0.0,0.0,61,10.4,,0,0
260630-M0376-004-1395,2026-06-30T21:30:11.000,186.0,224.0,37.0,MANHATTAN,,10014,40.733550515782966,-74.00518166140297,40.728041,-74.003434,fdny_firehouse,0.4264833554481905,346.4845275712071,0.41855379691268263,,,0.28537455536481693,0.28537455536481693,0.1331792415478657,19.0,21,1,6,0,0,0,-1,,,0,1,0.1331792415478657,,30.2,42,0.0,0.0,0.0,61,10.4,,0,0
260630-B1407-002-0938,2026-06-30T21:29:18.000,268.0,302.0,33.0,BROOKLYN,,11232,40.65719107451709,-74.00628599086636,40.651814,-74.005327,fdny_firehouse,0.60335155340074,352.29475321090086,0.60335155340074,,,1.0008091957735914,0.60335155340074,0.3974576423728514,12.0,21,1,6,0,0,0,-1,,,0,1,-0.3974576423728514,,30.2,42,0.0,0.0,0.0,61,10.4,,0,0
260630-B1000-004-0935,2026-06-30T21:28:55.000,307.0,314.0,6.0,BROOKLYN,,11225,40.663270614831106,-73.95060087631475,40.660257,-73.953293,fdny_firehouse,0.6763553006811954,34.12247599502558,0.40479080145518187,,,0.2409979757740989,0.2409979757740989,0.16379282568108297,21.0,21,1,6,0,0,0,-1,,,0,1,0.16379282568108297,,30.2,42,0.0,0.0,0.0,61,10.4,,0,0
260630-Q2064-001-0767,2026-06-30T21:28:12.000,357.0,401.0,44.0,QUEENS,,11414,40.65959399780355,-73.84999835643863,40.674054,-73.795083,fdny_firehouse,4.00413144290506,250.873652436501,0.885143464183772,,,3.0325808940772565,0.885143464183772,2.1474374298934844,8.0,21,1,6,0,0,0,-1,,,0,1,-2.1474374298934844,,30.2,42,0.0,0.0,0.0,61,10.4,,0,0
260630-B1914-001-0936,2026-06-30T21:28:04.000,387.0,449.0,62.0,BROOKLYN,,11207,40.67164768647864,-73.8931034629108,40.669446,-73.865383,fdny_firehouse,1.6662410930746665,275.9870833740751,0.42652637149660566,,,0.37499492357266767,0.37499492357266767,0.05153144792393799,83.0,21,1,6,0,0,0,-1,,,0,1,0.05153144792393799,,30.2,42,0.0,0.0,0.0,61,10.4,,0,0
260630-B4002-001-0934,2026-06-30T21:27:59.000,414.0,427.0,12.0,BROOKLYN,,11239,40.646687328004695,-73.88205993731032,40.66045225,-73.8671807,csl,0.809174275545609,219.3592966751864,1.8147001628648305,,,1.248843845724156,1.248843845724156,0.5658563171406745,7.0,21,1,6,0,0,0,-1,,,0,1,0.5658563171406745,,30.2,42,0.0,0.0,0.0,61,10.4,,0,0
260630-B1475-001-0929,2026-06-30T21:26:29.000,340.0,351.0,11.0,BROOKLYN,,11232,40.65719107451709,-74.00628599086636,40.640182,-73.990752,fdny_firehouse,1.1607728465203606,325.2862166072971,0.60335155340074,,,1.0008091957735914,0.60335155340074,0.3974576423728514,12.0,21,1,6,0,0,0,-1,,,0,1,-0.3974576423728514,,30.2,42,0.0,0.0,0.0,61,10.4,,0,0
260630-R0259-001-0210,2026-06-30T21:24:44.000,145.0,175.0,30.0,STATEN ISLAND,,10304,40.60780803745915,-74.08841900067937,40.625033,-74.077692,fdny_firehouse,0.086822008069523,205.30485207702836,0.0881577979411605,,,0.36880260090913225,0.0881577979411605,0.28064480296797173,26.0,21,1,6,0,0,0,-1,,,0,1,-0.28064480296797173,,30.2,42,0.0,0.0,0.0,61,10.4,,0,0
260630-M1771-002-1387,2026-06-30T21:24:01.000,261.0,294.0,33.0,MANHATTAN,,10040,40.859099166953456,-73.93154262697482,40.848722,-73.931662,fdny_firehouse,0.6096241727816681,0.4984769007733689,0.8392057602511721,,,0.3720380949607217,0.3720380949607217,0.4671676652904504,20.0,21,1,6,0,0,0,-1,,,0,1,0.4671676652904504,,30.2,42,0.0,0.0,0.0,61,10.4,,0,0
260630-X3230-002-0993,2026-06-30T21:21:40.000,507.0,545.0,38.0,BRONX,,10462,40.8431649108642,-73.86016672507611,40.84151272,-73.86176167,csl,0.2274909634375671,36.14013401093246,0.6617787086158436,,,0.2274909634375671,0.2274909634375671,0.4342877451782765,46.0,21,1,6,0,0,0,-1,,,0,1,0.4342877451782765,,30.2,42,0.0,0.0,0.0,61,10.4,,0,0
260630-X2507-001-0990,2026-06-30T21:20:18.000,441.0,451.0,9.0,BRONX,,10459,40.82565518017367,-73.89260405134473,40.82679445,-73.89191272,csl,0.1393977411416439,204.66377030659766,0.39016622458868444,,,0.1393977411416439,0.1393977411416439,0.2507684834470405,38.0,21,1,6,0,0,0,-1,,,0,1,0.2507684834470405,,30.2,42,0.0,0.0,0.0,61,10.4,,0,0
260630-Q7556-001-0760,2026-06-30T21:19:13.000,199.0,207.0,8.0,QUEENS,,11105,40.7790252325084,-73.90605925547135,40.78043103,-73.90729372,csl,0.1877205991823616,146.37813391444695,0.721697912271299,,,0.1877205991823616,0.1877205991823616,0.5339773130889374,19.0,21,1,6,0,0,0,-1,,,0,0,0.5339773130889374,,30.2,42,0.0,0.0,0.0,61,10.4,,0,0
260630-M0703-001-1382,2026-06-30T21:18:56.000,257.0,296.0,39.0,MANHATTAN,,10016,40.744987329184966,-73.97871230550359,40.7457258,-73.97812128,csl,0.0960300948628389,211.230704554236,0.36847393598754397,,,0.09603009486283898,0.09603009486283898,0.272443841124705,19.0,21,1,6,0,0,0,-1,,,0,1,0.272443841124705,,30.2,42,0.0,0.0,0.0,61,10.4,,0,0
260630-Q7468-001-0761,2026-06-30T21:18:53.000,643.0,678.0,35.0,QUEENS,,11102,40.77323192139633,-73.92721801488196,40.767526,-73.929232,fdny_firehouse,0.8107301192581422,14.96523341985187,0.6567465281240372,,,0.22801312277755523,0.22801312277755523,0.42873340534648197,19.0,21,1,6,0,0,0,-1,,,0,1,0.42873340534648197,,30.2,42,0.0,0.0,0.0,61,10.4,,0,0
260630-B2571-001-0926,2026-06-30T21:18:17.000,251.0,272.0,21.0,BROOKLYN,,11219,40.63343197458116,-73.99536675242251,40.640182,-73.990752,fdny_firehouse,0.5044173417035805,207.4218269018569,0.6351737629558317,,,1.6064538403144841,0.6351737629558317,0.9712800773586524,18.0,21,1,6,0,0,0,-1,,,0,1,-0.9712800773586524,,30.2,42,0.0,0.0,0.0,61,10.4,,0,0
260630-B1014-001-0925,2026-06-30T21:18:09.000,320.0,326.0,6.0,BROOKLYN,,11213,40.67148200907036,-73.93643090377888,40.670443,-73.933495,fdny_firehouse,0.3172898314667191,295.0145820552126,0.2732339366272521,,,0.268451544064999,0.268451544064999,0.004782392562253102,28.0,21,1,6,0,0,0,-1,,,0,1,0.004782392562253102,,30.2,42,0.0,0.0,0.0,61,10.4,,0,0
260630-Q5447-003-0758,2026-06-30T21:17:42.000,425.0,436.0,10.0,QUEENS,,11429,40.71123651030106,-73.74045780501373,40.70838463,-73.73861196,csl,0.3532248311141434,333.86706324077454,0.7363664079562305,,,0.3532248311141434,0.3532248311141434,0.38314157684208716,15.0,21,1,6,0,0,0,-1,,,0,0,0.38314157684208716,,30.2,42,0.0,0.0,0.0,61,10.4,,0,0
260630-Q3186-001-0757,2026-06-30T21:17:34.000,489.0,496.0,7.0,QUEENS,,11415,40.708455066197594,-73.82736500874037,40.720109,-73.807759,fdny_firehouse,1.9063288435555668,231.90262884052174,1.3894551858922959,,,0.9284085449005347,0.9284085449005347,0.4610466409917612,9.0,21,1,6,0,0,0,-1,,,0,1,0.4610466409917612,,30.2,42,0.0,0.0,0.0,61,10.4,,0,0
260630-X3104-002-0985,2026-06-30T21:17:09.000,231.0,260.0,29.0,BRONX,,10457,40.84697506197675,-73.89769511018748,40.846372,-73.899241,fdny_firehouse,0.1463047278978676,62.71939763860718,0.14630472789786766,,,0.1482154648779818,0.14630472789786766,0.001910736980114125,56.0,21,1,6,0,0,0,-1,,,0,1,-0.001910736980114125,,30.2,42,0.0,0.0,0.0,61,10.4,,0,0
260630-M1315-001-1380,2026-06-30T21:16:51.000,232.0,268.0,36.0,MANHATTAN,,10029,40.79181061410928,-73.94389258547608,40.793843,-73.940791,fdny_firehouse,0.6938914624681615,229.12382122931027,0.3453197285352938,,,0.49134550545169214,0.3453197285352938,0.14602577691639834,70.0,21,1,6,0,0,0,-1,,,0,1,-0.14602577691639834,,30.2,42,0.0,0.0,0.0,61,10.4,,0,0
260630-Q4801-001-0755,2026-06-30T21:16:46.000,394.0,424.0,30.0,QUEENS,,11432,40.71495048336277,-73.79223361830964,40.70778137,-73.79340154,csl,0.2889010091956235,7.039250109303964,1.296943762528787,,,0.31703645903177435,0.31703645903177435,0.9799073034970126,31.0,21,1,6,0,0,0,-1,,,0,1,0.9799073034970126,,30.2,42,0.0,0.0,0.0,61,10.4,,0,0
260630-B2479-001-0923,2026-06-30T21:16:16.000,257.0,284.0,27.0,BROOKLYN,,11226,40.645907372619014,-73.95669229791639,40.64677092,-73.95204923,csl,0.4033259627852783,256.2285212234912,0.6478076475927169,,,0.4033259627852783,0.4033259627852783,0.2444816848074386,35.0,21,1,6,0,0,0,-1,,,0,1,0.2444816848074386,,30.2,42,0.0,0.0,0.0,61,10.4,,0,0
260630-X2304-001-0983,2026-06-30T21:15:59.000,433.0,438.0,4.0,BRONX,,10451,40.81939022762444,-73.92532803861734,40.81928533,-73.92402557,csl,0.11022097099400818,276.07509965422804,0.49413881289243017,,,0.11022097099400818,0.11022097099400818,0.383917841898422,58.0,21,1,6,0,0,0,-1,,,0,1,0.383917841898422,,30.2,42,0.0,0.0,0.0,61,10.4,,0,0
260630-Q3474-001-0754,2026-06-30T21:15:51.000,398.0,450.0,51.0,QUEENS,,11354,40.76659381032573,-73.82355151578537,40.759869,-73.82657,fdny_firehouse,0.8285771594649478,18.775576559514434,0.7897969884990671,,,0.04682252865691017,0.04682252865691017,0.7429744598421569,20.0,21,1,6,0,0,0,-1,,,0,1,0.7429744598421569,,30.2,42,0.0,0.0,0.0,61,10.4,,0,0
260630-X2546-002-0984,2026-06-30T21:15:47.000,335.0,380.0,44.0,BRONX,,10459,40.82565518017367,-73.89260405134473,40.82679445,-73.89191272,csl,0.1393977411416439,204.66377030659766,0.39016622458868444,,,0.1393977411416439,0.1393977411416439,0.2507684834470405,38.0,21,1,6,0,0,0,-1,,,0,1,0.2507684834470405,,30.2,42,0.0,0.0,0.0,61,10.4,,0,0
260630-X3752-002-0982,2026-06-30T21:15:01.000,314.0,372.0,57.0,BRONX,,10463,40.879252726831524,-73.9078829289896,40.87691333,-73.90657623,csl,0.2823764862055331,337.10457919130295,0.43745368532448564,,,0.2823764862055331,0.2823764862055331,0.15507719911895257,27.0,21,1,6,0,0,0,-1,,,0,1,0.15507719911895257,,30.2,42,0.0,0.0,0.0,61,10.4,,0,0
260630-Q4902-002-0752,2026-06-30T21:14:13.000,458.0,498.0,40.0,QUEENS,,11433,40.697581051726765,-73.78664900498536,40.693448,-73.781107,fdny_firehouse,1.420911087214429,314.52876732881134,0.6553693927914929,,,0.4902830329783176,0.4902830329783176,0.16508635981317527,23.0,21,1,6,0,0,0,-1,,,0,1,0.16508635981317527,,30.2,42,0.0,0.0,0.0,61,10.4,,0,0
260630-Q9128-001-0751,2026-06-30T21:13:34.000,289.0,315.0,26.0,QUEENS,,11367,40.72961192028005,-73.826025414317,40.72834297,-73.82954332,csl,0.3283014949001356,64.54459270681764,1.6072489009329103,,,0.3283014949001356,0.3283014949001356,1.2789474060327746,16.0,21,1,6,0,0,0,-1,,,0,1,1.2789474060327746,,30.2,42,0.0,0.0,0.0,61,10.4,,0,0
260630-Q4040-003-0750,2026-06-30T21:12:55.000,313.0,324.0,10.0,QUEENS,,11385,40.6984645717949,-73.88963538113958,40.701217,-73.886656,fdny_firehouse,1.6486400526440883,219.37494011890047,0.39592159462835497,,,0.841603742546381,0.39592159462835497,0.4456821479180261,22.0,21,1,6,0,0,0,-1,,,0,1,-0.4456821479180261,,30.2,42,0.0,0.0,0.0,61,10.4,,0,0
260630-M1800-004-1379,2026-06-30T21:12:19.000,306.0,331.0,25.0,MANHATTAN,,10034,40.86372419744462,-73.92064105831952,40.864897,-73.925154,fdny_firehouse,0.3735001216369501,108.96287615411495,0.4012855117193614,,,0.27282496502606024,0.27282496502606024,0.12846054669330115,27.0,21,1,6,0,0,0,-1,,,0,1,0.12846054669330115,,30.2,42,0.0,0.0,0.0,61,10.4,,0,0
260630-Q5563-002-0749,2026-06-30T21:11:50.000,1192.0,1200.0,8.0,QUEENS,,11428,40.721316619734466,-73.74032295162165,40.716907,-73.735945,fdny_firehouse,0.6136377064801063,323.0409282294385,0.6136377064801063,,,1.3238182335473423,0.6136377064801063,0.710180527067236,9.0,21,1,6,0,0,0,-1,,,0,1,-0.710180527067236,,30.2,42,0.0,0.0,0.0,61,10.4,,0,0
260630-B1903-001-0920,2026-06-30T21:11:34.000,278.0,288.0,9.0,BROOKLYN,,11207,40.67164768647864,-73.8931034629108,40.67301661,-73.89716712,csl,0.37499492357266767,113.94736926429664,0.42652637149660566,,,0.37499492357266767,0.37499492357266767,0.05153144792393799,83.0,21,1,6,0,0,0,-1,,,0,0,0.05153144792393799,,30.2,42,0.0,0.0,0.0,61,10.4,,0,0
260630-Q2011-001-0748,2026-06-30T21:11:34.000,975.0,982.0,6.0,QUEENS,,11417,40.676047998092066,-73.84865647201624,40.682524,-73.84186,fdny_firehouse,0.9203340041207314,218.51844745126854,0.9203340041207314,,,1.6561995967112044,0.9203340041207314,0.735865592590473,6.0,21,1,6,0,0,0,-1,,,0,0,-0.735865592590473,,30.2,42,0.0,0.0,0.0,61,10.4,,0,0
260630-M1683-004-1377,2026-06-30T21:11:25.000,418.0,457.0,39.0,MANHATTAN,,10032,40.83976482326059,-73.94173123284911,40.835918,-73.940959,fdny_firehouse,0.5152094570402805,351.36435162215537,0.4170927766357803,,,0.3518959920523762,0.3518959920523762,0.06519678458340411,20.0,21,1,6,0,0,0,-1,,,0,1,0.06519678458340411,,30.2,42,0.0,0.0,0.0,61,10.4,,0,0
260630-X2725-001-0980,2026-06-30T21:11:15.000,679.0,716.0,36.0,BRONX,,10456,40.82898240818156,-73.90949161407787,40.82971,-73.908118,fdny_firehouse,0.1410755338816595,235.0069353857072,0.14107553388165955,,,0.4083767497415039,0.14107553388165955,0.26730121585984434,60.0,21,1,6,0,0,0,-1,,,0,1,-0.26730121585984434,,30.2,42,0.0,0.0,0.0,61,10.4,,0,0
260630-M1143-003-1374,2026-06-30T21:10:55.000,311.0,348.0,37.0,MANHATTAN,,10028,40.77595833166471,-73.95249122141689,40.778622,-73.955311,fdny_firehouse,0.3502609017138203,141.2822109595777,0.3796062931334614,,,0.3983383461820692,0.3796062931334614,0.01873205304860781,18.0,21,1,6,0,0,0,-1,,,0,1,-0.01873205304860781,,30.2,42,0.0,0.0,0.0,61,10.4,,0,0
260630-B3366-001-0917,2026-06-30T21:08:07.000,344.0,350.0,5.0,BROOKLYN,,11223,40.596569205923075,-73.9725315057552,40.59095287,-73.96651951,csl,0.8047926846886092,320.8964914584411,0.9139687266603,,,0.8047926846886092,0.8047926846886092,0.10917604197169084,21.0,21,1,6,0,0,0,-1,,,0,1,0.10917604197169084,,30.2,42,0.0,0.0,0.0,61,10.4,,0,0
260630-B3652-002-0918,2026-06-30T21:07:26.000,196.0,250.0,53.0,BROOKLYN,,11235,40.58434612826166,-73.94889917083387,40.576735,-73.97616,fdny_firehouse,1.2202259114423255,69.8072311830332,0.8878958156944061,,,0.4852465140259243,0.4852465140259243,0.40264930166848184,27.0,21,1,6,0,0,0,-1,,,0,1,0.40264930166848184,,30.2,42,0.0,0.0,0.0,61,10.4,,0,0
260630-R0460-001-0204,2026-06-30T21:06:55.000,309.0,341.0,31.0,STATEN ISLAND,,10304,40.60780803745915,-74.08841900067937,40.60732,-74.089242,fdny_firehouse,0.0881577979411605,52.006388099970934,0.0881577979411605,,,0.36880260090913225,0.0881577979411605,0.28064480296797173,26.0,21,1,6,0,0,0,-1,,,0,1,-0.28064480296797173,,30.2,42,0.0,0.0,0.0,61,10.4,,0,0
260630-B0041-001-0914,2026-06-30T21:05:47.000,220.0,253.0,32.0,BROOKLYN,,11222,40.728491330759866,-73.94780900902853,40.730747,-73.951144,fdny_firehouse,0.368681106673186,131.7491065049225,0.37667056221361656,,,1.18094962682603,0.37667056221361656,0.8042790646124134,17.0,21,1,6,0,0,0,-1,,,0,1,-0.8042790646124134,,30.2,42,0.0,0.0,0.0,61,10.4,,0,0
260630-M1401-001-1366,2026-06-30T21:05:23.000,174.0,215.0,41.0,MANHATTAN,,10035,40.80176638956237,-73.93752780228272,40.803297,-73.936522,fdny_firehouse,0.6279584638768638,206.44706144478113,0.1900891758011482,,,0.29017446330643615,0.1900891758011482,0.10008528750528795,32.0,21,1,6,0,0,0,-1,,,0,1,-0.10008528750528795,,30.2,42,0.0,0.0,0.0,61,10.4,,0,0
260630-B1623-001-0910,2026-06-30T21:04:45.000,161.0,192.0,31.0,BROOKLYN,,11233,40.67685453203215,-73.91686753819093,40.67664704,-73.91646486,csl,0.0410543379019419,304.1935512892187,0.4702869207780625,,,0.04105433790194196,0.04105433790194196,0.42923258287612054,46.0,21,1,6,0,0,0,-1,,,0,1,0.42923258287612054,,30.2,42,0.0,0.0,0.0,61,10.4,,0,0
260630-B3942-001-0911,2026-06-30T21:04:24.000,231.0,287.0,55.0,BROOKLYN,,11238,40.676599419919825,-73.9639299865633,40.681192,-73.973851,fdny_firehouse,1.0396088983200735,121.39680242323107,0.39764012329680276,,,0.659169802379866,0.39764012329680276,0.26152967908306324,18.0,21,1,6,0,0,0,-1,,,0,1,-0.26152967908306324,,30.2,42,0.0,0.0,0.0,61,10.4,,0,0
260630-R1776-001-0202,2026-06-30T21:03:34.000,446.0,923.0,477.0,STATEN ISLAND,,10314,40.59585280076783,-74.16156486402443,40.59529877,-74.16189941,csl,0.0677724003099859,24.631762579125166,1.6179861673763478,,,0.0677724003099859,0.0677724003099859,1.5502137670663618,20.0,21,1,6,0,0,0,-1,,,0,0,1.5502137670663618,,30.2,42,0.0,0.0,0.0,61,10.4,,0,0
260630-X2299-002-0973,2026-06-30T21:01:34.000,293.0,340.0,46.0,BRONX,,10451,40.81939022762444,-73.92532803861734,40.820292,-73.915555,fdny_firehouse,0.4410009459447255,263.05153688165535,0.49413881289243017,,,0.11022097099400818,0.11022097099400818,0.383917841898422,58.0,21,1,6,0,0,0,-1,,,0,1,0.383917841898422,,30.2,42,0.0,0.0,0.0,61,10.4,,0,0
260630-X3862-001-0972,2026-06-30T21:01:23.000,322.0,327.0,4.0,BRONX,,10470,40.89518159734686,-73.87185745378329,40.893028,-73.85531,fdny_firehouse,0.6088215486788945,279.7742476344035,1.4113530997626331,,,0.2500792497526148,0.2500792497526148,1.1612738500100184,11.0,21,1,6,0,0,0,-1,,,0,1,1.1612738500100184,,30.2,42,0.0,0.0,0.0,61,10.4,,0,0
260630-M0260-006-1361,2026-06-30T21:00:32.000,301.0,340.0,39.0,MANHATTAN,,10002,40.716440130565445,-73.98514522742113,40.719841,-73.99576,fdny_firehouse,0.2197228141096967,112.91122481216883,0.10267214211786696,,,0.14535220206939045,0.10267214211786696,0.04268005995152349,43.0,21,1,6,0,0,0,-1,,,0,1,-0.04268005995152349,,30.2,42,0.0,0.0,0.0,61,10.4,,0,0
260630-B1278-001-0906,2026-06-30T21:00:05.000,266.0,285.0,18.0,BROOKLYN,,11215,40.662056992233616,-73.98583243620013,40.66495,-73.981452,fdny_firehouse,0.467473269278897,228.9566617833121,0.48989344077951896,,,0.2677321699060852,0.2677321699060852,0.22216127087343374,23.0,21,1,6,0,0,0,-1,,,0,1,0.22216127087343374,,30.2,42,0.0,0.0,0.0,61,10.4,,0,0
260630-M0283-003-1359,2026-06-30T21:00:03.000,355.0,362.0,6.0,MANHATTAN,,10002,40.716440130565445,-73.98514522742113,40.719841,-73.99576,fdny_firehouse,0.2742046556589096,112.91122481216883,0.10267214211786696,,,0.14535220206939045,0.10267214211786696,0.04268005995152349,43.0,21,1,6,0,0,0,-1,,,0,1,-0.04268005995152349,,30.2,42,0.0,0.0,0.0,61,10.4,,0,0
260630-X2348-001-0970,2026-06-30T20:57:23.000,290.0,341.0,51.0,BRONX,,10451,40.81939022762444,-73.92532803861734,40.81928533,-73.92402557,csl,0.1102209709940081,276.07509965422804,0.49413881289243017,,,0.11022097099400818,0.11022097099400818,0.383917841898422,58.0,20,1,6,0,0,0,-1,,,0,1,0.383917841898422,,31.4,40,0.0,0.0,0.0,36,11.6,,0,0
260630-Q1025-001-0737,2026-06-30T20:55:49.000,390.0,422.0,31.0,QUEENS,,11691,40.60251162659905,-73.75425066145213,40.604819,-73.75213,fdny_firehouse,0.6992088445663343,214.90775691212298,0.3128570491068716,,,0.32555139398429717,0.3128570491068716,0.012694344877425545,35.0,20,1,6,0,0,0,-1,,,0,1,-0.012694344877425545,,31.4,40,0.0,0.0,0.0,36,11.6,,0,0
260630-Q7276-001-0736,2026-06-30T20:55:40.000,318.0,364.0,46.0,QUEENS,,11101,40.745855964057014,-73.94066377679383,40.744986,-73.951755,fdny_firehouse,1.3766593656473691,84.085527354963,0.9393541880027645,,,0.7108941316000547,0.7108941316000547,0.22846005640270983,26.0,20,1,6,0,0,0,-1,,,0,1,0.22846005640270983,,31.4,40,0.0,0.0,0.0,36,11.6,,0,0
260630-B4067-001-0903,2026-06-30T20:55:10.000,487.0,495.0,7.0,BROOKLYN,,11239,40.646687328004695,-73.88205993731032,40.665123,-73.895447,fdny_firehouse,2.171847612885493,151.14599589720058,1.8147001628648305,,,1.248843845724156,1.248843845724156,0.5658563171406745,7.0,20,1,6,0,0,0,-1,,,0,1,0.5658563171406745,,31.4,40,0.0,0.0,0.0,36,11.6,,0,0
260630-X2375-001-0968,2026-06-30T20:52:30.000,253.0,297.0,44.0,BRONX,,10459,40.82565518017367,-73.89260405134473,40.82971,-73.908118,fdny_firehouse,1.2227299077909788,109.05045341526579,0.39016622458868444,,,0.1393977411416439,0.1393977411416439,0.2507684834470405,38.0,20,1,6,0,0,0,-1,,,0,1,0.2507684834470405,,31.4,40,0.0,0.0,0.0,36,11.6,,0,0
260630-M1188-001-1346,2026-06-30T20:50:48.000,335.0,371.0,35.0,MANHATTAN,,10128,40.78040394504142,-73.9503467842834,40.788923,-73.946985,fdny_firehouse,1.0518728439808671,196.63692462426684,0.46257300161894116,,,0.6176543342505585,0.46257300161894116,0.15508133263161733,13.0,20,1,6,0,0,0,-1,,,0,1,-0.15508133263161733,,31.4,40,0.0,0.0,0.0,36,11.6,,0,0
260630-R0271-001-0198,2026-06-30T20:50:35.000,261.0,699.0,438.0,STATEN ISLAND,,10301,40.62485147417277,-74.09615973769871,40.62767844,-74.10697483,csl,0.9653419621949547,109.00022381691781,1.5587266463983496,,,0.9653419621949547,0.9653419621949547,0.5933846842033949,26.0,20,1,6,0,0,0,-1,,,0,0,0.5933846842033949,,31.4,40,0.0,0.0,0.0,36,11.6,,0,0
260630-M0424-003-1342,2026-06-30T20:49:32.000,336.0,380.0,43.0,MANHATTAN,,10009,40.726802221346986,-73.9787312857601,40.721879,-73.982526,fdny_firehouse,0.1633065467009728,30.289681484505763,0.6339927835072986,,,0.23937419756699468,0.23937419756699468,0.3946185859403039,34.0,20,1,6,0,0,0,-1,,,0,1,0.3946185859403039,,31.4,40,0.0,0.0,0.0,36,11.6,,0,0
