crow_flies_km,bearing_deg,station_km,hospital_km,csl_km,nearest_origin_km,origin_spread_km,station_minus_csl_km,zip_incident_volume,dispatch_wait_seconds,hour,dow,month,is_weekend,is_rush,is_night,severity,held_indicator,dest_lat,dest_lon,wx_temp_c,wx_humidity,wx_precip_mm,wx_rain_mm,wx_snow_mm,wx_cloudcover,wx_wind_kmh,wx_visibility_m,wx_is_precip,wx_is_snow,osm_path_km,osm_n_edges,osm_n_nodes,osm_mean_speed_kmh,osm_min_speed_kmh,osm_primary_share,osm_motorway_share,osm_residential_share,osm_circuity,osm_route_ok,borough,primary_origin_layer,initial_call_type,final_call_type,travel_seconds_true,travel_seconds_pred
1.430719043495582,170.3620946535665,6.3283474404079705,5.449527398046175,1.430719043495582,1.430719043495582,4.897628396912388,4.897628396912388,53.0,7.0,16,2,6,0,1,0,4.0,0,40.65959399780355,-73.84999835643863,24.7,73,0.1,0.1,0.0,100,23.6,,1,0,2.8262292347801985,30.0,31.0,40.33079081977027,38.73060232089916,0.2666666666666666,0.0,0.5,1.975390799213141,1.0,QUEENS,csl,UNKNOW,UNKNOW,951.0,791.1708774172404
0.3241465611288214,108.41205572117906,2.4178552782324485,2.38335159699852,0.3241465611288214,0.3241465611288214,2.093708717103627,2.093708717103627,217.0,6.0,14,6,6,1,0,0,5.0,0,40.576958945988395,-73.9911152881316,27.3,39,0.0,0.0,0.0,76,15.2,,0,0,0.5361989508719958,5.0,6.0,38.73060232089916,38.73060232089916,0.0,0.0,1.0,1.6541867635575536,1.0,BROOKLYN,csl,INJURY,INJURY,540.0,604.8832743624151
0.3788027640318792,313.74524232923324,0.8065533854179038,1.6923658318950503,0.3788027640318792,0.3788027640318792,1.3135630678631711,0.4277506213860245,110.0,1651.0,12,1,6,0,0,0,7.0,1,40.74808635659125,-73.90536545614626,24.9,63,0.0,0.0,0.0,90,14.7,,0,0,0.4729380675467118,5.0,6.0,39.84431132748884,38.73060232089916,0.0,0.0,0.6,1.2485074356714845,1.0,QUEENS,csl,EDPC,EDPC,558.0,1256.5452352189884
0.0468225286569101,134.1664420234315,1.0036356862536662,1.4056779605181322,0.0468225286569101,0.0468225286569101,1.358855431861222,0.956813157596756,145.0,11.0,23,6,6,1,0,1,2.0,0,40.76659381032573,-73.82355151578537,19.9,83,0.0,0.0,0.0,97,6.1,,0,0,,0.0,1.0,,,0.0,0.0,0.0,,1.0,QUEENS,csl,UNC,UNC,271.0,391.5400679706703
1.2842069469347652,76.09821849578793,2.999613359286784,1.7423153555908095,1.2842069469347652,1.2842069469347652,1.7154064123520187,1.7154064123520187,42.0,45.0,19,5,6,1,1,0,2.0,0,40.76159425299747,-73.79640043727605,25.2,43,0.0,0.0,0.0,28,4.9,,0,0,1.6643092032164857,20.0,21.0,39.27442001577066,38.73060232089916,0.1,0.0,0.9,1.295982090105473,1.0,QUEENS,csl,DIFFBR,DIFFBR,289.0,425.020076430697
0.4834495074363207,317.55755111731156,3.005931855562816,3.016672216099704,0.4834495074363207,0.4834495074363207,2.5332227086633834,2.5224823481264953,141.0,5.0,13,0,6,0,0,0,2.0,0,40.59841924364046,-73.99625356427286,29.2,43,0.0,0.0,0.0,13,8.0,,0,0,0.4758174052004377,6.0,7.0,40.763425997822935,40.763425997822935,0.0,0.0,0.0,0.9842132381593371,1.0,BROOKLYN,csl,ANAPH,ANAPH,266.0,426.9092181736378
0.4083767497415039,167.8317703129668,0.7722914632659746,0.5929048190902462,0.4083767497415039,0.4083767497415039,0.3639147135244707,0.3639147135244707,416.0,4.0,23,1,6,0,0,1,5.0,0,40.82898240818156,-73.90949161407787,16.6,96,0.0,0.0,0.0,98,6.7,,0,0,0.916842564761218,10.0,11.0,40.03692251703896,38.73060232089916,0.0,0.0,0.5,2.245090018816118,1.0,BRONX,csl,DRUG,DRUG,262.0,450.80730445709867
0.7594811119318774,156.49178272770325,0.9173691134747743,0.7594811119318774,1.606453840314484,0.7594811119318774,0.8469727283826067,-0.6890847268397097,80.0,5.0,8,2,6,0,1,0,2.0,0,40.63343197458116,-73.99536675242251,18.0,94,0.0,0.0,0.0,100,6.4,,0,0,0.850430496756667,9.0,10.0,40.58678399854862,40.2335,0.0,0.0,0.3333333333333333,1.119752003566545,1.0,BROOKLYN,hospital_bay,CVAC,CVAC,264.0,387.5800364435374
0.1015192482605608,6.418934440056034,0.4859868892090857,0.7529191024754134,0.1015192482605608,0.1015192482605608,0.6513998542148526,0.3844676409485249,346.0,20.0,20,1,6,0,0,0,2.0,0,40.69464231098107,-73.9903123087008,18.9,82,0.0,0.0,0.0,100,15.3,,0,0,0.0988197976192888,1.0,2.0,40.2335,40.2335,0.0,0.0,0.0,0.9734094697554938,1.0,BROOKLYN,csl,MVAINJ,TRAUMA,446.0,479.9162862346533
0.4165945034781568,276.82100633922164,1.2357039141840331,1.170361822844768,0.4165945034781568,0.4165945034781568,0.8191094107058763,0.8191094107058763,208.0,7.0,3,5,6,1,0,1,3.0,0,40.64868812356477,-73.93389672596783,13.2,63,0.0,0.0,0.0,0,8.7,,0,0,0.7526696226440124,7.0,8.0,39.37470132622809,38.73060232089916,0.0,0.0,1.0,1.8067200031684456,1.0,BROOKLYN,csl,STAB,STAB,308.0,319.2676844482073
0.3720022610310403,286.1971279453612,0.3720022610310403,1.0558736031080815,0.5096398593113268,0.3720022610310403,0.6838713420770413,-0.1376375982802865,334.0,32.0,6,1,6,0,0,0,6.0,0,40.812448125004096,-73.9526188214235,16.7,97,0.0,0.0,0.0,11,4.8,,0,0,0.2727837059516341,3.0,4.0,39.231568213932775,38.73060232089916,0.0,0.0,0.6666666666666666,0.7332850751917143,1.0,MANHATTAN,ems_station,SICK,SICK,223.0,546.6495533718532
0.0410543379019419,304.1935512892187,0.5299397199039938,1.7379071785192488,0.0410543379019419,0.0410543379019419,1.696852840617307,0.4888853820020518,287.0,13.0,13,2,6,0,0,0,2.0,0,40.67685453203215,-73.91686753819093,26.1,63,0.0,0.0,0.0,44,13.7,,0,0,0.4842111323582792,5.0,6.0,39.93292046417983,38.73060232089916,0.8,0.0,0.2,,1.0,BROOKLYN,csl,CVAC,CVAC,408.0,456.3376600615488
0.2153042852373868,56.935104847898,1.564206034226908,1.2331155021251814,0.2153042852373868,0.2153042852373868,1.3489017489895212,1.3489017489895212,328.0,222.0,18,6,6,1,1,0,6.0,0,40.84376680129907,-73.88351491281807,25.6,58,0.0,0.0,0.0,100,11.6,,0,0,0.3032125351739945,4.0,5.0,39.48205116044958,38.73060232089916,0.0,0.0,0.5,1.4082977254246625,1.0,BRONX,csl,SICK,SICK,1026.0,676.1917299767432
0.7239051227116458,245.73655582984745,3.398287623479907,3.334255334735787,0.7239051227116458,0.7239051227116458,2.674382500768261,2.674382500768261,63.0,19.0,2,5,6,1,0,1,5.0,0,40.71546306638524,-73.76508717400552,13.7,61,0.0,0.0,0.0,0,8.9,,0,0,0.8028069780206022,9.0,10.0,38.73060232089916,38.73060232089916,0.0,0.0,1.0,1.1089947464571066,1.0,QUEENS,csl,UNC,DRUG,666.0,419.5406809552287
0.1978752454797345,157.9850615193343,0.3115786776885763,1.3280047387035825,0.1978752454797345,0.1978752454797345,1.130129493223848,0.1137034322088418,334.0,58.0,11,0,6,0,0,0,4.0,0,40.836711134538305,-73.9240363632889,27.1,47,0.0,0.0,0.0,1,4.7,,0,0,0.3837775664645588,3.0,4.0,38.73060232089916,38.73060232089916,0.0,0.0,1.0,1.9394925602448012,1.0,BRONX,csl,INBLED,INBLED,235.0,641.9243789313889
0.3962851555993346,333.58690582294264,1.0270362411671596,1.0311027176785297,0.3962851555993346,0.3962851555993346,0.6348175620791949,0.6307510855678251,381.0,6.0,0,2,6,0,0,1,3.0,0,40.85260992626471,-73.91321825605405,16.0,98,0.0,0.0,0.0,99,5.1,,0,0,1.1887942817025992,10.0,11.0,40.232838951098174,38.73060232089916,0.0,0.0,0.1,2.9998456033627803,1.0,BRONX,csl,ASTHMB,ASTHMB,246.0,382.8104178985112
0.6728767652482572,329.24026254822036,1.3788636379530743,2.870299367969943,0.6728767652482572,0.6728767652482572,2.197422602721686,0.7059868727048171,178.0,2562.0,1,6,6,1,0,1,5.0,1,40.81651264038573,-73.86036674953414,15.7,60,0.0,0.0,0.0,50,9.7,,0,0,0.6656927703964878,12.0,13.0,40.35819059917355,40.2335,0.0,0.0,0.0,0.989323461259479,1.0,BRONX,csl,ABDPN,ABDPN,495.0,707.097086341793
0.4913455054516921,8.641161757021962,0.756656517788434,0.7537572733204558,0.4913455054516921,0.4913455054516921,0.2653110123367418,0.2653110123367418,349.0,655.0,18,5,6,1,1,0,2.0,1,40.79181061410928,-73.94389258547608,27.6,30,0.0,0.0,0.0,42,6.8,,0,0,1.02563247432515,11.0,12.0,42.95889422525572,38.73060232089916,0.9090909090909092,0.0,0.0909090909090909,2.0873956573232313,1.0,MANHATTAN,csl,DIFFBR,DIFFBR,1243.0,619.2738890354075
0.9389357610648162,279.15702569582993,1.6118687282983497,2.83934703118951,0.9389357610648162,0.9389357610648162,1.9004112701246936,0.6729329672335335,73.0,11.0,23,0,6,0,0,1,3.0,0,40.61649598267769,-74.01301381826485,22.5,66,0.0,0.0,0.0,12,2.5,,0,0,1.1850549958180387,9.0,10.0,39.730330610626986,38.73060232089916,0.0,0.0,0.6666666666666666,1.2621257438039284,1.0,BROOKLYN,csl,INJMAJ,INJMAJ,211.0,402.46129429590445
0.7108941316000547,264.2469649036663,2.7066139516290573,2.823944544248546,0.7108941316000547,0.7108941316000547,2.113050412648491,1.9957198200290027,194.0,72.0,14,6,6,1,0,0,3.0,0,40.745855964057014,-73.94066377679383,27.3,39,0.0,0.0,0.0,76,15.2,,0,0,1.157664782406126,11.0,12.0,42.02226330437009,40.2335,0.6363636363636364,0.0,0.3636363636363636,1.6284629889973858,1.0,QUEENS,csl,CARD,CARD,576.0,640.2369776821106
0.334150836998911,30.83859212979678,0.334150836998911,1.246895904088096,1.4709786949591372,0.334150836998911,1.1368278579602262,-1.1368278579602262,97.0,35.0,14,6,6,1,0,0,5.0,0,40.86372419744462,-73.92064105831952,27.3,39,0.0,0.0,0.0,76,15.2,,0,0,0.3062522384903641,5.0,6.0,43.48770861525596,40.763425997822935,0.8,0.0,0.0,0.9165089671505512,1.0,MANHATTAN,ems_station,OBMIS,OBMIS,1036.0,606.5604064775604
0.4678047239758241,121.39550029773584,1.2488279844315062,0.4678047239758241,1.003802736519679,0.4678047239758241,0.7810232604556822,0.2450252479118271,176.0,3489.0,17,0,6,0,1,0,6.0,1,40.84574656747069,-73.83917046952729,28.2,49,0.1,0.1,0.0,57,12.1,,1,0,0.6682586841811474,7.0,8.0,39.94038131726612,39.72054230521571,0.0,0.0,0.5714285714285714,1.428499221858398,1.0,BRONX,hospital_bay,SICK,SICK,123.0,689.0578693774721
0.1839396581531311,236.4671551962232,1.9190693727318615,0.5559170790296506,0.1839396581531311,0.1839396581531311,1.7351297145787306,1.7351297145787306,213.0,93.0,13,6,6,1,0,0,6.0,0,40.70085170594743,-73.80974597742306,27.2,37,0.0,0.0,0.0,100,14.8,,0,0,0.4102310005944739,4.0,5.0,40.2335,40.2335,0.0,0.0,0.25,2.230247705760949,1.0,QUEENS,csl,OTHER,OTHER,2129.0,835.6465002279864
0.6020622966736452,324.6677499894809,0.981843000448082,1.205676818122491,0.6020622966736452,0.6020622966736452,0.6036145214488459,0.3797807037744367,328.0,95.0,9,5,6,1,1,0,1.0,0,40.88278350178068,-73.8630654141429,20.5,47,0.0,0.0,0.0,0,14.0,,0,0,0.8295700055498304,6.0,7.0,40.08581810551501,38.73060232089916,0.0,0.0,0.3333333333333333,1.3778806780181228,1.0,BRONX,csl,UNKNOW,ARREST,439.0,565.3774068763748
0.17329997875694,88.98144328152699,0.17329997875694,2.469477134618413,0.3749949235726676,0.17329997875694,2.2961771558614728,-0.2016949448157276,385.0,40.0,17,2,6,0,1,0,2.0,0,40.67164768647864,-73.8931034629108,24.0,76,0.0,0.0,0.0,100,22.1,,0,0,0.3018789974042443,3.0,4.0,39.73253410696639,38.73060232089916,0.0,0.0,0.3333333333333333,1.7419448032803364,1.0,BROOKLYN,ems_station,DIFFBR,DIFFBR,606.0,491.27600979061697
0.2535192445210474,158.79934416057733,1.3421830212111838,1.226063479291125,0.2535192445210474,0.2535192445210474,1.0886637766901364,1.0886637766901364,256.0,28.0,15,6,6,1,0,0,3.0,0,40.75886307955852,-73.98967525427115,26.4,48,0.0,0.0,0.0,98,18.8,,0,0,0.4335409798252194,3.0,4.0,42.35605362004253,38.73060232089916,0.6666666666666666,0.0,0.3333333333333333,1.7100910056917846,1.0,MANHATTAN,csl,ALTMEN,ALTMEN,400.0,460.57861204653193
0.2153042852373868,56.935104847898,1.564206034226908,1.2331155021251814,0.2153042852373868,0.2153042852373868,1.3489017489895212,1.3489017489895212,328.0,662.0,2,6,6,1,0,1,4.0,1,40.84376680129907,-73.88351491281807,15.6,59,0.0,0.0,0.0,99,9.0,,0,0,0.3032125351739945,4.0,5.0,39.48205116044958,38.73060232089916,0.0,0.0,0.5,1.4082977254246625,1.0,BRONX,csl,UNKNOW,UNKNOW,974.0,784.085901466727
0.1370195806806267,18.113977716008662,0.7754039712130043,1.373357293437634,0.1370195806806267,0.1370195806806267,1.2363377127570074,0.6383843905323776,253.0,188.0,12,5,6,1,0,0,4.0,1,40.814404245332184,-73.90856830942926,25.7,34,0.0,0.0,0.0,0,8.7,,0,0,0.1614207624635046,1.0,2.0,38.73060232089916,38.73060232089916,0.0,0.0,1.0,1.1780853631405697,1.0,BRONX,csl,INJURY,AMPMIN,209.0,900.1392100137693
0.0776055174679163,28.909018452429564,4.422403982420549,2.971563799769395,0.0776055174679163,0.0776055174679163,4.344798464952633,4.344798464952633,115.0,150.0,21,1,6,0,0,0,7.0,0,40.67478503304001,-73.81929828148105,17.9,87,0.0,0.0,0.0,100,7.7,,0,0,,0.0,1.0,,,0.0,0.0,0.0,,1.0,QUEENS,csl,EDPC,EDPC,434.0,938.3580231711616
0.3399930248208254,179.68483975060462,1.8433438191080913,0.7926768636225852,0.3399930248208254,0.3399930248208254,1.503350794287266,1.503350794287266,122.0,118.0,10,0,6,0,0,0,2.0,0,40.723236905523414,-73.84616479796948,25.8,52,0.0,0.0,0.0,0,6.8,,0,0,0.4143954200892836,5.0,6.0,40.2335,40.2335,0.0,0.0,0.0,1.2188350637712877,1.0,QUEENS,csl,UNC,UNC,852.0,442.4071700051127
0.1015192482605608,6.418934440056034,0.4859868892090857,0.7529191024754134,0.1015192482605608,0.1015192482605608,0.6513998542148526,0.3844676409485249,346.0,6.0,11,1,6,0,0,0,3.0,0,40.69464231098107,-73.9903123087008,24.6,65,0.0,0.0,0.0,8,13.4,,0,0,0.0988197976192888,1.0,2.0,40.2335,40.2335,0.0,0.0,0.0,0.9734094697554938,1.0,BROOKLYN,csl,INJMAJ,INJMAJ,457.0,394.31858810194024
0.2056108496361574,303.7394141564289,2.882840346843524,2.9911780798486576,0.2056108496361574,0.2056108496361574,2.7855672302125,2.6772294972073665,131.0,6.0,14,6,6,1,0,0,2.0,0,40.62085954469528,-74.03158989424534,27.3,39,0.0,0.0,0.0,76,15.2,,0,0,0.2492632912768182,1.0,2.0,38.73060232089916,38.73060232089916,0.0,0.0,1.0,1.212306119632825,1.0,BROOKLYN,csl,CARDBR,CARDBR,328.0,458.34353764294025
0.0608948277509535,298.05439621723735,3.1388656785345206,0.7545194346441468,0.0608948277509535,0.0608948277509535,3.077970850783567,3.077970850783567,137.0,1759.0,23,6,6,1,0,1,7.0,1,40.77574453876112,-73.98280187353322,19.9,83,0.0,0.0,0.0,97,6.1,,0,0,,0.0,1.0,,,0.0,0.0,0.0,,1.0,MANHATTAN,csl,INJMIN,INJMIN,1032.0,949.3502003079598
0.4902830329783176,71.46510318844832,2.7409462915886262,2.535573062910073,0.4902830329783176,0.4902830329783176,2.2506632586103086,2.2506632586103086,143.0,22.0,12,0,6,0,0,0,5.0,0,40.697581051726765,-73.78664900498536,28.2,44,0.0,0.0,0.0,8,6.6,,0,0,0.5806582863930818,9.0,10.0,39.50183283510092,38.73060232089916,0.1111111111111111,0.0,0.8888888888888888,1.1843328186695803,1.0,QUEENS,csl,ABDPN,ABDPN,1452.0,944.2464085039103
0.00917923359323,129.33745845599822,0.9499490992491892,0.00917923359323,0.568785130251524,0.00917923359323,0.9407698656559592,0.3811639689976652,162.0,214.0,20,2,6,0,0,0,6.0,0,40.73865807469939,-73.87826689039156,21.5,88,0.0,0.0,0.0,100,13.1,,0,0,,0.0,1.0,,,0.0,0.0,0.0,,1.0,QUEENS,hospital_bay,SICK,SICK,426.0,606.0494253072698
0.2150289942460709,116.76224482510122,2.1413800071045044,0.5325601213286673,0.2150289942460709,0.2150289942460709,1.9263510128584336,1.9263510128584336,209.0,6.0,16,1,6,0,1,0,2.0,0,40.76511835718409,-73.98484209984107,25.0,57,0.0,0.0,0.0,95,15.9,,0,0,0.2748712235504126,1.0,2.0,41.72978719008264,41.72978719008264,0.0,0.0,0.0,1.2782984197743148,1.0,MANHATTAN,csl,STATEP,DIFFBR,421.0,386.2088799057443
0.084011589363156,91.39523610499124,0.8843308451339238,1.6321934736147528,0.084011589363156,0.084011589363156,1.5481818842515966,0.8003192557707677,135.0,11.0,23,5,6,1,0,1,4.0,0,40.75589045915963,-73.9934711377961,19.1,43,0.0,0.0,0.0,4,9.4,,0,0,,0.0,1.0,,,0.0,0.0,0.0,,1.0,MANHATTAN,csl,SICPED,SICPED,804.0,561.584766254017
0.2056108496361574,303.7394141564289,2.882840346843524,2.9911780798486576,0.2056108496361574,0.2056108496361574,2.7855672302125,2.6772294972073665,131.0,8.0,1,5,6,1,0,1,5.0,0,40.62085954469528,-74.03158989424534,14.4,58,0.0,0.0,0.0,4,9.2,,0,0,0.2492632912768182,1.0,2.0,38.73060232089916,38.73060232089916,0.0,0.0,1.0,1.212306119632825,1.0,BROOKLYN,csl,DRUG,DRUG,162.0,454.2122535519645
0.4913455054516921,8.641161757021962,0.756656517788434,0.7537572733204558,0.4913455054516921,0.4913455054516921,0.2653110123367418,0.2653110123367418,349.0,55.0,11,0,6,0,0,0,2.0,0,40.79181061410928,-73.94389258547608,27.1,47,0.0,0.0,0.0,1,4.7,,0,0,1.02563247432515,11.0,12.0,42.95889422525572,38.73060232089916,0.9090909090909092,0.0,0.0909090909090909,2.0873956573232313,1.0,MANHATTAN,csl,CARDBR,CARDBR,103.0,433.63994671829374
0.3241465611288214,108.41205572117906,2.4178552782324485,2.38335159699852,0.3241465611288214,0.3241465611288214,2.093708717103627,2.093708717103627,217.0,89.0,21,0,6,0,0,0,7.0,0,40.576958945988395,-73.9911152881316,22.6,65,0.0,0.0,0.0,100,6.8,,0,0,0.5361989508719958,5.0,6.0,38.73060232089916,38.73060232089916,0.0,0.0,1.0,1.6541867635575536,1.0,BROOKLYN,csl,EDPC,EDPC,1213.0,927.2495959458396
0.1370195806806267,18.113977716008662,0.7754039712130043,1.373357293437634,0.1370195806806267,0.1370195806806267,1.2363377127570074,0.6383843905323776,253.0,27.0,7,0,6,0,1,0,2.0,0,40.814404245332184,-73.90856830942926,19.0,87,0.0,0.0,0.0,26,9.2,,0,0,0.1614207624635046,1.0,2.0,38.73060232089916,38.73060232089916,0.0,0.0,1.0,1.1780853631405697,1.0,BRONX,csl,MCI21,MCI21,428.0,318.7395808759899
0.0487139089964655,182.1823181224935,0.9217172112592588,1.041752344383312,0.0487139089964655,0.0487139089964655,0.9930384353868466,0.8730033022627933,148.0,59.0,6,6,6,1,0,0,4.0,0,40.68141485303249,-73.98005709840152,14.6,67,0.0,0.0,0.0,100,7.9,,0,0,0.4220033833441564,7.0,8.0,39.80410066311405,38.73060232089916,0.7142857142857143,0.0,0.2857142857142857,,1.0,BROOKLYN,csl,UNKNOW,UNKNOW,386.0,542.1924586177634
0.3170364590317743,224.06066619806188,1.1446392674109995,1.0855669643447492,0.3170364590317743,0.3170364590317743,0.8276028083792252,0.8276028083792252,228.0,40.0,5,6,6,1,0,1,5.0,0,40.71495048336277,-73.79223361830964,14.3,62,0.0,0.0,0.0,100,8.7,,0,0,0.2842462775447954,2.0,3.0,38.73060232089916,38.73060232089916,0.0,0.0,1.0,0.8965728371206273,1.0,QUEENS,csl,MVAINJ,MVAINJ,703.0,622.8722402873425
0.8430728187029667,338.3171755314392,0.9141118754393346,1.256112863999462,0.8430728187029667,0.8430728187029667,0.4130400452964954,0.0710390567363679,62.0,23.0,10,6,6,1,0,0,3.0,0,40.762337084734654,-73.91216388420813,23.0,53,0.0,0.0,0.0,100,7.3,,0,0,1.015933375082502,10.0,11.0,39.63234092835966,38.73060232089916,0.0,0.0,0.8,1.2050363296559297,1.0,QUEENS,csl,INJMAJ,INJMAJ,482.0,388.7511507373588
0.5524799529098702,343.68426399759625,2.7484369695307445,1.7249508103694948,0.5524799529098702,0.5524799529098702,2.1959570166208744,2.1959570166208744,133.0,82.0,20,2,6,0,0,0,2.0,0,40.62235786354158,-73.96565043616631,21.5,88,0.0,0.0,0.0,100,13.1,,0,0,0.6220892311259099,4.0,5.0,40.2301947554909,38.73060232089916,0.0,0.0,0.5,1.1259942154451268,1.0,BROOKLYN,csl,STATEP,STATEP,76.0,434.203278789765
0.17329997875694,88.98144328152699,0.17329997875694,2.469477134618413,0.3749949235726676,0.17329997875694,2.2961771558614728,-0.2016949448157276,385.0,9.0,8,5,6,1,1,0,3.0,0,40.67164768647864,-73.8931034629108,18.5,52,0.0,0.0,0.0,0,13.0,,0,0,0.3018789974042443,3.0,4.0,39.73253410696639,38.73060232089916,0.0,0.0,0.3333333333333333,1.7419448032803364,1.0,BROOKLYN,ems_station,INJURY,INJMAJ,290.0,625.6089881044554
0.1393977411416439,204.66377030659768,0.8648630717483142,1.099102234480369,0.1393977411416439,0.1393977411416439,0.959704493338725,0.7254653306066703,242.0,1660.0,17,1,6,0,1,0,6.0,1,40.82565518017367,-73.89260405134473,23.8,60,0.0,0.0,0.0,97,16.8,,0,0,0.2377393928211186,1.0,2.0,41.72978719008264,41.72978719008264,0.0,0.0,0.0,1.705475216987544,1.0,BRONX,csl,SICK,SICK,240.0,891.6221059448766
0.7856602258381625,313.6160611345855,1.621869833440868,1.506597741412954,0.7856602258381625,0.7856602258381625,0.8362096076027056,0.8362096076027056,180.0,71.0,4,0,6,0,0,1,3.0,0,40.87003588077933,-73.84751155607768,18.3,85,0.0,0.0,0.0,19,4.8,,0,0,0.9492063356548944,13.0,14.0,40.30499876241635,38.73060232089916,0.7692307692307693,0.0,0.2307692307692307,1.2081639167138143,1.0,BRONX,csl,STAB,STAB,620.0,342.66102855462566
0.4852465140259243,130.7547541527499,1.3563128063504928,1.3679380727552477,0.4852465140259243,0.4852465140259243,0.8826915587293234,0.8710662923245684,196.0,11.0,12,2,6,0,0,0,5.0,0,40.58434612826166,-73.94889917083387,24.7,70,0.0,0.0,0.0,33,12.6,,0,0,0.5828590770221113,7.0,8.0,39.58751228352301,38.73060232089916,0.0,0.0,0.7142857142857143,1.2011607712260084,1.0,BROOKLYN,csl,INJURY,INJURY,1219.0,537.885002058997
0.3255513939842971,164.61287860749337,8.476221425148333,0.4420114737003108,0.3255513939842971,0.3255513939842971,8.150670031164037,8.150670031164037,208.0,5.0,10,0,6,0,0,0,5.0,0,40.60251162659905,-73.75425066145213,25.8,52,0.0,0.0,0.0,0,6.8,,0,0,0.5269057644663501,6.0,7.0,41.06886284650877,38.73060232089916,0.0,0.0,0.1666666666666666,1.6185025596657874,1.0,QUEENS,csl,INJURY,INJURY,481.0,428.6735092947578
1.5706177472972214,156.58785993711228,4.608736979712653,5.132460230252452,1.5706177472972214,1.5706177472972214,3.5618424829552304,3.0381192324154314,195.0,7.0,8,0,6,0,1,0,5.0,0,40.658344376091534,-73.79440505498604,21.2,76,0.0,0.0,0.0,17,7.6,,0,0,3.0956882561004124,26.0,27.0,39.730848911945,38.73060232089916,0.0,0.0,0.7692307692307693,1.971000430516967,1.0,QUEENS,csl,ABDPN,ABDPN,2120.0,819.0038640855747
0.4913455054516921,8.641161757021962,0.756656517788434,0.7537572733204558,0.4913455054516921,0.4913455054516921,0.2653110123367418,0.2653110123367418,349.0,6857.0,17,2,6,0,1,0,5.0,1,40.79181061410928,-73.94389258547608,24.0,76,0.0,0.0,0.0,100,22.1,,0,0,1.02563247432515,11.0,12.0,42.95889422525572,38.73060232089916,0.9090909090909092,0.0,0.0909090909090909,2.0873956573232313,1.0,MANHATTAN,csl,INJURY,INJURY,881.0,851.2397531247251
8.243920904451924,247.3827807651703,14.135259537102357,8.313980293571136,8.243920904451924,8.243920904451924,5.891338632650431,5.891338632650431,62.0,14.0,19,0,6,0,1,0,2.0,0,40.57719193313912,-73.84781123921974,26.2,55,0.0,0.0,0.0,100,10.9,,0,0,8.912238196546703,101.0,102.0,46.53838846491255,38.73060232089916,0.801980198019802,0.0,0.1683168316831683,1.081067892310062,1.0,QUEENS,csl,UNC,UNC,261.0,337.9870759194805
0.00917923359323,129.33745845599822,0.9499490992491892,0.00917923359323,0.568785130251524,0.00917923359323,0.9407698656559592,0.3811639689976652,162.0,13.0,23,6,6,1,0,1,2.0,0,40.73865807469939,-73.87826689039156,19.9,83,0.0,0.0,0.0,97,6.1,,0,0,,0.0,1.0,,,0.0,0.0,0.0,,1.0,QUEENS,hospital_bay,UNC,UNC,267.0,372.89684725287793
0.4761935972546129,63.859677967293635,2.225163488962919,1.6098410404452563,0.4761935972546129,0.4761935972546129,1.748969891708306,1.748969891708306,130.0,16.0,23,2,6,0,0,1,3.0,0,40.676599419919825,-73.9639299865633,20.2,97,0.7,0.7,0.0,100,8.1,,1,0,0.8770571371048871,6.0,7.0,33.52791666666666,32.1868,0.0,0.0,0.5,1.841807916278931,1.0,BROOKLYN,csl,INJMAJ,INJMAJ,401.0,395.3854915987748
0.1102209709940081,276.07509965422804,0.3013045396314963,0.2672868322625698,0.1102209709940081,0.1102209709940081,0.1910835686374881,0.1910835686374881,305.0,34.0,15,5,6,1,0,0,5.0,0,40.81939022762444,-73.92532803861734,28.0,27,0.0,0.0,0.0,50,11.3,,0,0,,0.0,1.0,,,0.0,0.0,0.0,,1.0,BRONX,csl,DRUG,DRUG,585.0,647.7352924894161
0.0677724003099859,24.63176257912517,2.31311200228529,6.465781269818187,0.0677724003099859,0.0677724003099859,6.398008869508201,2.245339601975304,159.0,673.0,20,2,6,0,0,0,5.0,1,40.59585280076783,-74.16156486402443,21.5,88,0.0,0.0,0.0,100,13.1,,0,0,,0.0,1.0,,,0.0,0.0,0.0,,1.0,STATEN ISLAND,csl,GYNHEM,GYNHEM,382.0,700.2756400427483
0.5498614679415669,42.47498172257923,1.4078816808443289,0.5498614679415669,1.041001603926738,0.5498614679415669,0.858020212902762,0.3668800769175908,112.0,263.0,15,0,6,0,0,0,5.0,1,40.75082323785512,-73.82074210024575,30.1,40,0.0,0.0,0.0,26,6.4,,0,0,1.1125220099551325,8.0,9.0,40.41970958763305,38.73060232089916,0.0,0.0,0.5,2.023276906672353,1.0,QUEENS,hospital_bay,MVAINJ,MVAINJ,569.0,1078.5318600526593
0.0468225286569101,134.1664420234315,1.0036356862536662,1.4056779605181322,0.0468225286569101,0.0468225286569101,1.358855431861222,0.956813157596756,145.0,22.0,22,2,6,0,0,1,2.0,0,40.76659381032573,-73.82355151578537,20.5,96,0.5,0.5,0.0,100,4.1,,1,0,,0.0,1.0,,,0.0,0.0,0.0,,1.0,QUEENS,csl,MCI21,MCI21,349.0,328.45243739044537
0.0337127079742529,99.16559376193028,1.1891407971323402,0.7604645912352598,0.0337127079742529,0.0337127079742529,1.1554280891580873,1.1554280891580873,240.0,1156.0,19,2,6,0,1,0,7.0,1,40.79971253537102,-73.9658103333289,23.1,80,0.0,0.0,0.0,100,16.3,,0,0,,0.0,1.0,,,0.0,0.0,0.0,,1.0,MANHATTAN,csl,UNKNOW,EDP,705.0,928.6218613285259
0.6728767652482572,329.24026254822036,1.3788636379530743,2.870299367969943,0.6728767652482572,0.6728767652482572,2.197422602721686,0.7059868727048171,178.0,2294.0,15,5,6,1,0,0,5.0,1,40.81651264038573,-73.86036674953414,28.0,27,0.0,0.0,0.0,50,11.3,,0,0,0.6656927703964878,12.0,13.0,40.35819059917355,40.2335,0.0,0.0,0.0,0.989323461259479,1.0,BRONX,csl,ABDPN,ABDPN,434.0,1041.778711677488
0.2153042852373868,56.935104847898,1.564206034226908,1.2331155021251814,0.2153042852373868,0.2153042852373868,1.3489017489895212,1.3489017489895212,328.0,26.0,20,0,6,0,0,0,6.0,0,40.84376680129907,-73.88351491281807,24.3,61,0.0,0.0,0.0,63,7.3,,0,0,0.3032125351739945,4.0,5.0,39.48205116044958,38.73060232089916,0.0,0.0,0.5,1.4082977254246625,1.0,BRONX,csl,UNC,SICK,248.0,399.98849727531376
0.8882098761081669,82.64793938879654,0.8882098761081669,1.1709433084912395,1.1296053282986367,0.8882098761081669,0.2827334323830726,-0.2413954521904697,108.0,38.0,22,5,6,1,0,1,3.0,0,40.696519702454395,-73.96636995753218,20.0,41,0.0,0.0,0.0,100,9.7,,0,0,1.163354643070304,15.0,16.0,40.23350000000001,40.2335,0.0,0.0,0.0,1.3097744962797844,1.0,BROOKLYN,ems_station,STAB,STAB,592.0,328.86975188054157
0.2494070887622594,155.50742618532104,2.263455965475165,1.929569476064946,0.2494070887622594,0.2494070887622594,2.0140488767129057,2.0140488767129057,209.0,126.0,9,2,6,0,1,0,5.0,0,40.829582775437075,-73.86602876799958,20.2,86,0.0,0.0,0.0,100,5.8,,0,0,0.4747784042602869,4.0,5.0,40.2335,40.2335,0.0,0.0,0.5,1.903628347600243,1.0,BRONX,csl,UNKNOW,ABDPN,626.0,707.2933458605537
0.2008972700605764,70.63990131149177,1.5626144223972729,1.2496245264856165,0.2008972700605764,0.2008972700605764,1.3617171523366964,1.3617171523366964,126.0,75.0,16,2,6,0,1,0,3.0,0,40.75271509091915,-73.97330788047502,24.7,73,0.1,0.1,0.0,100,23.6,,1,0,0.4847086993062358,5.0,6.0,40.532757438016525,40.2335,0.8,0.0,0.0,2.412719193048676,1.0,MANHATTAN,csl,SICK,CARD,853.0,725.8960184585753
0.1730361040569689,206.56913815321028,0.1897111860848906,0.1730361040569689,0.3518959920523762,0.1730361040569689,0.1788598879954072,-0.1621848059674855,186.0,20.0,13,6,6,1,0,0,5.0,0,40.83976482326059,-73.94173123284911,27.2,37,0.0,0.0,0.0,100,14.8,,0,0,0.2404436473038958,3.0,4.0,44.16877926961422,44.16877926961422,1.0,0.0,0.0,1.389557679966802,1.0,MANHATTAN,hospital_bay,INJURY,INJURY,881.0,520.0382147051971
0.1991514020987927,141.3358728803022,0.5281875989933154,1.479428729773847,0.1991514020987927,0.1991514020987927,1.2802773276750543,0.3290361968945227,199.0,31.0,11,1,6,0,0,0,4.0,0,40.80542361982092,-73.91600164341598,24.6,65,0.0,0.0,0.0,8,13.4,,0,0,0.3751890027858894,2.0,3.0,39.48205116044958,38.73060232089916,0.0,0.0,0.5,1.8839385454076296,1.0,BRONX,csl,UNKNOW,UNKNOW,187.0,697.4360814746835
0.0677724003099859,24.63176257912517,2.31311200228529,6.465781269818187,0.0677724003099859,0.0677724003099859,6.398008869508201,2.245339601975304,159.0,10.0,0,1,6,0,0,1,3.0,0,40.59585280076783,-74.16156486402443,19.5,83,0.0,0.0,0.0,13,4.6,,0,0,,0.0,1.0,,,0.0,0.0,0.0,,1.0,STATEN ISLAND,csl,CARD,CARD,366.0,421.18179628284344
0.2336245703825917,18.75558586292408,0.2336245703825917,1.5469296274940894,0.4508841428678818,0.2336245703825917,1.3133050571114977,-0.2172595724852901,285.0,73.0,21,2,6,0,0,0,6.0,0,40.75156446523435,-73.998960240437,20.7,95,5.2,5.2,0.0,100,7.6,,1,0,1.0912947219684486,9.0,10.0,40.2335,40.2335,0.5555555555555556,0.0,0.1111111111111111,4.6711470466539815,1.0,MANHATTAN,ems_station,CARDBR,SICK,146.0,403.08218933419647
0.612235640061472,40.61925678832165,2.169177879801812,3.837147268369664,0.612235640061472,0.612235640061472,3.224911628308192,1.55694223974034,359.0,286.0,12,5,6,1,0,0,5.0,1,40.667473412219195,-73.8700260616479,25.7,34,0.0,0.0,0.0,0,8.7,,0,0,0.7812747198505021,10.0,11.0,40.142990153087666,38.73060232089916,0.0,0.0,0.5,1.2761013386480695,1.0,BROOKLYN,csl,ABDPN,ABDPN,507.0,1125.994534654716
0.2494070887622594,155.50742618532104,2.263455965475165,1.929569476064946,0.2494070887622594,0.2494070887622594,2.0140488767129057,2.0140488767129057,209.0,400.0,22,1,6,0,0,1,4.0,0,40.829582775437075,-73.86602876799958,17.1,93,0.0,0.0,0.0,99,8.2,,0,0,0.4747784042602869,4.0,5.0,40.2335,40.2335,0.0,0.0,0.5,1.903628347600243,1.0,BRONX,csl,UNKNOW,UNKNOW,209.0,545.0030660666987
3.3345657268612654,81.88928973115867,5.060154346948475,3.7554470713786503,3.3345657268612654,3.3345657268612654,1.7255886200872097,1.7255886200872097,43.0,38.0,5,0,6,0,0,1,4.0,0,40.76304475181044,-73.77200449503155,17.8,88,0.0,0.0,0.0,24,5.6,,0,0,3.9777192394667216,53.0,54.0,41.47119759276046,38.73060232089916,0.490566037735849,0.0,0.4716981132075472,1.1928747445055878,1.0,QUEENS,csl,INBLED,INBLED,431.0,648.461748359418
0.4171920136565026,179.07777753433436,1.3725872801416648,1.254102848944375,0.4171920136565026,0.4171920136565026,0.9553952664851622,0.9553952664851622,341.0,43.0,14,2,6,0,0,0,2.0,0,40.86461650805717,-73.88972537988687,26.3,62,0.0,0.0,0.0,90,16.9,,0,0,0.7882599360872278,8.0,9.0,39.36042970028984,38.73060232089916,0.0,0.0,0.875,1.8894415767417976,1.0,BRONX,csl,UNC,UNC,388.0,400.8769908508726
0.2855143993720915,59.52401190195337,1.069562290266165,1.311947872696683,0.2855143993720915,0.2855143993720915,1.0264334733245914,0.7840478908940736,171.0,270.0,11,1,6,0,0,0,5.0,1,40.852210788283074,-73.93535853956145,24.6,65,0.0,0.0,0.0,8,13.4,,0,0,0.5392783721214103,7.0,8.0,37.3219339726918,32.1868,0.4285714285714285,0.0,0.0,1.888795708053258,1.0,MANHATTAN,csl,INJURY,INJURY,654.0,845.1117411012015
0.2545152520021646,155.59369957867807,0.5658981004996675,0.6692471294810045,0.2545152520021646,0.2545152520021646,0.4147318774788399,0.3113828484975028,195.0,90.0,4,6,6,1,0,1,6.0,0,40.74374198373285,-74.00056296911586,14.8,57,0.0,0.0,0.0,100,9.4,,0,0,0.4315939645604616,3.0,4.0,40.2335,40.2335,0.0,0.0,0.3333333333333333,1.695748923356432,1.0,MANHATTAN,csl,SICK,SICK,161.0,441.3705871009714
0.2429387515993371,140.30642760049705,0.6043271538790338,0.2429387515993371,0.8092886227144895,0.2429387515993371,0.5663498711151524,-0.2049614688354557,80.0,6451.0,18,5,6,1,1,0,5.0,1,40.70862035185762,-74.00311174160358,27.6,30,0.0,0.0,0.0,42,6.8,,0,0,0.8144728561841896,8.0,9.0,32.1868,32.1868,0.125,0.0,0.625,3.3525851714569037,1.0,MANHATTAN,hospital_bay,INJURY,INJURY,465.0,1006.4865880800081
0.1015192482605608,6.418934440056034,0.4859868892090857,0.7529191024754134,0.1015192482605608,0.1015192482605608,0.6513998542148526,0.3844676409485249,346.0,24.0,2,5,6,1,0,1,5.0,0,40.69464231098107,-73.9903123087008,13.7,61,0.0,0.0,0.0,0,8.9,,0,0,0.0988197976192888,1.0,2.0,40.2335,40.2335,0.0,0.0,0.0,0.9734094697554938,1.0,BROOKLYN,csl,INJURY,INJURY,322.0,633.250469736886
0.5966772608066885,125.14669585439223,2.906192997364558,0.7915729023810485,0.5966772608066885,0.5966772608066885,2.3095157365578696,2.3095157365578696,148.0,23.0,4,1,6,0,0,1,5.0,0,40.62576354335876,-73.94439549249944,17.2,93,0.0,0.0,0.0,25,3.7,,0,0,0.9441164235292734,7.0,8.0,38.73060232089916,38.73060232089916,0.0,0.0,1.0,1.5822899338460767,1.0,BROOKLYN,csl,INJURY,INJURY,600.0,519.9691284209464
0.6777898647711774,238.02011312253563,0.6877913119971023,0.6868297347281731,0.6777898647711774,0.6777898647711774,0.0100014472259248,0.0100014472259248,106.0,917.0,22,1,6,0,0,1,6.0,1,40.78040394504142,-73.9503467842834,17.1,93,0.0,0.0,0.0,99,8.2,,0,0,0.856286331467275,9.0,10.0,40.2335,40.2335,0.6666666666666666,0.0,0.0,1.263350746261687,1.0,MANHATTAN,csl,EDPM,SICK,839.0,592.8395270863916
0.6728767652482572,329.24026254822036,1.3788636379530743,2.870299367969943,0.6728767652482572,0.6728767652482572,2.197422602721686,0.7059868727048171,178.0,34.0,14,5,6,1,0,0,3.0,0,40.81651264038573,-73.86036674953414,27.5,28,0.0,0.0,0.0,0,8.9,,0,0,0.6656927703964878,12.0,13.0,40.35819059917355,40.2335,0.0,0.0,0.0,0.989323461259479,1.0,BRONX,csl,CARD,CARD,705.0,530.3591250665017
0.1362864017141572,288.7031543060942,2.3416171047884946,4.469375325593068,0.1362864017141572,0.1362864017141572,4.333088923878911,2.2053307030743374,69.0,18.0,21,1,6,0,0,0,3.0,0,40.69744567408972,-73.75886120921066,17.9,87,0.0,0.0,0.0,100,7.7,,0,0,0.2803774950004029,2.0,3.0,38.73060232089916,38.73060232089916,0.0,0.0,1.0,2.057266840080332,1.0,QUEENS,csl,INJMAJ,INJMAJ,283.0,471.14122939334493
0.1393977411416439,204.66377030659768,0.8648630717483142,1.099102234480369,0.1393977411416439,0.1393977411416439,0.959704493338725,0.7254653306066703,242.0,138.0,1,2,6,0,0,1,4.0,0,40.82565518017367,-73.89260405134473,15.3,99,0.0,0.0,0.0,71,7.9,,0,0,0.2377393928211186,1.0,2.0,41.72978719008264,41.72978719008264,0.0,0.0,0.0,1.705475216987544,1.0,BRONX,csl,RESPIR,RESPIR,321.0,546.7319861661713
0.5966772608066885,125.14669585439223,2.906192997364558,0.7915729023810485,0.5966772608066885,0.5966772608066885,2.3095157365578696,2.3095157365578696,148.0,74.0,21,5,6,1,0,0,3.0,0,40.62576354335876,-73.94439549249944,20.8,44,0.0,0.0,0.0,99,10.6,,0,0,0.9441164235292734,7.0,8.0,38.73060232089916,38.73060232089916,0.0,0.0,1.0,1.5822899338460767,1.0,BROOKLYN,csl,CARD,CARD,854.0,497.34262041904833
0.097180455759942,111.75036167971922,1.5774352176774384,1.5597271529555277,0.097180455759942,0.097180455759942,1.4802547619174964,1.4802547619174964,127.0,149.0,23,6,6,1,0,1,4.0,1,40.82610477573791,-73.94937719284397,19.9,83,0.0,0.0,0.0,97,6.1,,0,0,,0.0,1.0,,,0.0,0.0,0.0,,1.0,MANHATTAN,csl,SICK,SICPED,834.0,661.1563687657333
0.4478009408787778,2.134105146929585,2.127015415487755,3.4618539202001095,0.4478009408787778,0.4478009408787778,3.0140529793213315,1.679214474608977,95.0,4.0,11,6,6,1,0,0,6.0,0,40.574866847218075,-74.12491175116226,25.4,46,0.0,0.0,0.0,100,7.5,,0,0,0.5755897227034875,6.0,7.0,38.73060232089916,38.73060232089916,0.0,0.0,1.0,1.285369614395926,1.0,STATEN ISLAND,csl,SICK,SICK,874.0,440.82397611313917
0.6728767652482572,329.24026254822036,1.3788636379530743,2.870299367969943,0.6728767652482572,0.6728767652482572,2.197422602721686,0.7059868727048171,178.0,426.0,14,2,6,0,0,0,6.0,0,40.81651264038573,-73.86036674953414,26.3,62,0.0,0.0,0.0,90,16.9,,0,0,0.6656927703964878,12.0,13.0,40.35819059917355,40.2335,0.0,0.0,0.0,0.989323461259479,1.0,BRONX,csl,SICK,SICK,925.0,856.79187170365
0.1102209709940081,276.07509965422804,0.3013045396314963,0.2672868322625698,0.1102209709940081,0.1102209709940081,0.1910835686374881,0.1910835686374881,305.0,49.0,4,0,6,0,0,1,6.0,0,40.81939022762444,-73.92532803861734,18.3,85,0.0,0.0,0.0,19,4.8,,0,0,,0.0,1.0,,,0.0,0.0,0.0,,1.0,BRONX,csl,CARDBR,SICK,314.0,429.0188946933051
0.1730361040569689,206.56913815321028,0.1897111860848906,0.1730361040569689,0.3518959920523762,0.1730361040569689,0.1788598879954072,-0.1621848059674855,186.0,56.0,11,2,6,0,0,0,7.0,0,40.83976482326059,-73.94173123284911,22.4,81,0.1,0.1,0.0,83,9.1,,1,0,0.2404436473038958,3.0,4.0,44.16877926961422,44.16877926961422,1.0,0.0,0.0,1.389557679966802,1.0,MANHATTAN,hospital_bay,INJMAJ,INJMIN,233.0,431.56586004549524
0.5986822671184716,172.8752917422462,4.782824918412687,5.097494239678706,0.5986822671184716,0.5986822671184716,4.498811972560235,4.1841426512942155,70.0,6.0,19,5,6,1,1,0,7.0,0,40.62858228061272,-74.16545975714129,25.2,43,0.0,0.0,0.0,28,4.9,,0,0,1.1699560457832443,8.0,9.0,39.74701415936104,38.73060232089916,0.0,0.0,0.5,1.954218639904571,1.0,STATEN ISLAND,csl,SICMIN,SICMIN,514.0,622.9195909236458
0.9390382129086788,325.77465474382,3.593589851886897,3.172883971162787,0.9390382129086788,0.9390382129086788,2.6545516389782184,2.6545516389782184,58.0,23.0,12,5,6,1,0,0,5.0,0,40.685168183860064,-73.84723972246317,25.7,34,0.0,0.0,0.0,0,8.7,,0,0,1.0423967082477714,9.0,10.0,46.40876053017112,38.73060232089916,0.6666666666666666,0.0,0.3333333333333333,1.1100684657112505,1.0,QUEENS,csl,ABDPN,ABDPN,1262.0,983.545273245155
0.1991514020987927,141.3358728803022,0.5281875989933154,1.479428729773847,0.1991514020987927,0.1991514020987927,1.2802773276750543,0.3290361968945227,199.0,15.0,12,1,6,0,0,0,4.0,0,40.80542361982092,-73.91600164341598,24.9,63,0.0,0.0,0.0,90,14.7,,0,0,0.3751890027858894,2.0,3.0,39.48205116044958,38.73060232089916,0.0,0.0,0.5,1.8839385454076296,1.0,BRONX,csl,OBMAJ,OBMAJ,439.0,596.9090159314305
1.5706177472972214,156.58785993711228,4.608736979712653,5.132460230252452,1.5706177472972214,1.5706177472972214,3.5618424829552304,3.0381192324154314,195.0,6.0,9,6,6,1,1,0,6.0,0,40.658344376091534,-73.79440505498604,20.7,58,0.0,0.0,0.0,100,7.8,,0,0,3.0956882561004124,26.0,27.0,39.730848911945,38.73060232089916,0.0,0.0,0.7692307692307693,1.971000430516967,1.0,QUEENS,csl,SICK,SICK,263.0,625.1405200012795
0.9865226769682968,219.7080018167856,1.3753739564718237,0.9865226769682968,1.5034602836239983,0.9865226769682968,0.5169376066557015,-0.1280863271521748,35.0,23.0,13,6,6,1,0,0,2.0,0,40.70347593626369,-74.01242932107334,27.2,37,0.0,0.0,0.0,100,14.8,,0,0,1.5604954370521076,18.0,19.0,32.18679999999999,32.1868,0.0,0.0,0.9444444444444444,1.5818140560617404,1.0,MANHATTAN,hospital_bay,UNC,UNC,220.0,393.3042576439233
0.2195841747270702,152.99686462719535,1.642460634506147,1.4499415094431682,0.2195841747270702,0.2195841747270702,1.4228764597790766,1.4228764597790766,211.0,33.0,18,2,6,0,1,0,5.0,0,40.69252111192363,-73.92555278351443,23.4,79,0.0,0.0,0.0,100,20.0,,0,0,0.5556282849605099,8.0,9.0,41.284864982728216,38.73060232089916,0.125,0.0,0.25,2.530365795491055,1.0,BROOKLYN,csl,INJURY,INJURY,1279.0,810.9839860886008
0.3261230261079555,158.6347943492583,2.4642780693912862,2.6651214876366307,0.3261230261079555,0.3261230261079555,2.338998461528675,2.138155043283331,80.0,7.0,7,1,6,0,1,0,7.0,0,40.8117719732324,-73.88507140514197,18.9,86,0.0,0.0,0.0,3,7.7,,0,0,0.4454570627053841,8.0,9.0,40.67381254724853,40.2335,0.0,0.0,0.0,1.3659172368832546,1.0,BRONX,csl,SICMIN,SICMIN,727.0,935.5394822885806
0.7737235992602498,137.61426063502927,3.604058604610953,3.6178049706236974,0.7737235992602498,0.7737235992602498,2.8440813713634476,2.8303350053507033,170.0,360.0,22,5,6,1,0,1,4.0,1,40.58390802101884,-73.92225171655224,20.0,41,0.0,0.0,0.0,100,9.7,,0,0,3.3985258916564662,24.0,25.0,43.99728058407678,38.73060232089916,0.0,0.125,0.875,4.392428891797751,1.0,BROOKLYN,csl,EDP,EDPT,1077.0,996.6850573608674
0.280537510972732,206.46225302893137,1.0109506057803006,1.034095089518788,0.280537510972732,0.280537510972732,0.7535575785460559,0.7304130948075686,113.0,450.0,2,0,6,0,0,1,5.0,1,40.83219211858839,-73.93754023616486,18.5,81,0.0,0.0,0.0,96,6.4,,0,0,0.3833949745463004,2.0,3.0,40.2335,40.2335,0.0,0.0,0.0,1.3666442438193802,1.0,MANHATTAN,csl,INJMIN,INJURY,502.0,876.2615339218734
0.2008972700605764,70.63990131149177,1.5626144223972729,1.2496245264856165,0.2008972700605764,0.2008972700605764,1.3617171523366964,1.3617171523366964,126.0,171.0,12,0,6,0,0,0,5.0,0,40.75271509091915,-73.97330788047502,28.2,44,0.0,0.0,0.0,8,6.6,,0,0,0.4847086993062358,5.0,6.0,40.532757438016525,40.2335,0.8,0.0,0.0,2.412719193048676,1.0,MANHATTAN,csl,DRUG,DRUG,1035.0,662.5916403542257
0.9436052091844036,273.22668169984445,2.802058971404344,2.2805624335643557,0.9436052091844036,0.9436052091844036,1.8584537622199409,1.8584537622199409,30.0,12.0,3,2,6,0,0,1,3.0,0,40.76127872944329,-73.9503306183953,14.7,99,0.0,0.0,0.0,57,8.4,,0,0,1.5222304778465732,6.0,7.0,35.53959166666666,24.1401,0.0,0.0,0.0,1.6132069461149954,1.0,QUEENS,csl,CARD,CARD,456.0,514.3492066317633
0.5498614679415669,42.47498172257923,1.4078816808443289,0.5498614679415669,1.041001603926738,0.5498614679415669,0.858020212902762,0.3668800769175908,112.0,9.0,15,1,6,0,0,0,3.0,0,40.75082323785512,-73.82074210024575,25.7,56,0.0,0.0,0.0,97,15.2,,0,0,1.1125220099551325,8.0,9.0,40.41970958763305,38.73060232089916,0.0,0.0,0.5,2.023276906672353,1.0,QUEENS,hospital_bay,ALTMEN,ALTMEN,273.0,446.11185328393054
0.1102209709940081,276.07509965422804,0.3013045396314963,0.2672868322625698,0.1102209709940081,0.1102209709940081,0.1910835686374881,0.1910835686374881,305.0,2318.0,17,1,6,0,1,0,5.0,1,40.81939022762444,-73.92532803861734,23.8,60,0.0,0.0,0.0,97,16.8,,0,0,,0.0,1.0,,,0.0,0.0,0.0,,1.0,BRONX,csl,DRUG,DRUG,737.0,800.0263666465243
0.6516540039696812,181.0998179087915,4.717142619559209,1.059171045833544,0.6516540039696812,0.6516540039696812,4.065488615589528,4.065488615589528,63.0,170.0,11,6,6,1,0,0,7.0,1,40.63303825430689,-74.11783598496497,25.4,46,0.0,0.0,0.0,100,7.5,,0,0,0.6682495127690846,6.0,7.0,40.42462205166897,38.73060232089916,0.0,0.0,0.1666666666666666,1.0254667487628537,1.0,STATEN ISLAND,csl,EDPC,EDPM,174.0,644.9584903366865
0.3788027640318792,313.74524232923324,0.8065533854179038,1.6923658318950503,0.3788027640318792,0.3788027640318792,1.3135630678631711,0.4277506213860245,110.0,103.0,17,2,6,0,1,0,2.0,1,40.74808635659125,-73.90536545614626,24.0,76,0.0,0.0,0.0,100,22.1,,0,0,0.4729380675467118,5.0,6.0,39.84431132748884,38.73060232089916,0.0,0.0,0.6,1.2485074356714845,1.0,QUEENS,csl,CARDBR,CARDBR,470.0,499.66894169027603
0.0960300948628389,211.230704554236,0.7497077802931916,0.5796163256868901,0.0960300948628389,0.0960300948628389,0.6536776854303527,0.6536776854303527,176.0,7.0,14,2,6,0,0,0,1.0,0,40.744987329184966,-73.97871230550359,26.3,62,0.0,0.0,0.0,90,16.9,,0,0,0.5186478498606351,4.0,5.0,40.2335,40.2335,0.75,0.0,0.25,5.400888654764185,1.0,MANHATTAN,csl,ARREST,ARREST,308.0,299.3380189144481
0.3788027640318792,313.74524232923324,0.8065533854179038,1.6923658318950503,0.3788027640318792,0.3788027640318792,1.3135630678631711,0.4277506213860245,110.0,16.0,1,0,6,0,0,1,2.0,0,40.74808635659125,-73.90536545614626,19.7,73,0.0,0.0,0.0,79,8.2,,0,0,0.4729380675467118,5.0,6.0,39.84431132748884,38.73060232089916,0.0,0.0,0.6,1.2485074356714845,1.0,QUEENS,csl,CVAC,CVAC,462.0,413.9263813169919
0.130733549693534,0.7258673626286054,2.041012212579852,0.8555383400524608,0.130733549693534,0.130733549693534,1.9102786628863175,1.9102786628863175,200.0,46.0,12,2,6,0,0,0,4.0,0,40.68141528070829,-73.9467295192618,24.7,70,0.0,0.0,0.0,33,12.6,,0,0,0.1729843895583687,3.0,4.0,40.73226239669421,40.2335,0.0,0.0,0.6666666666666666,1.3231828399357262,1.0,BROOKLYN,csl,UNKNOW,UNKNOW,667.0,887.8158089811807
0.2901744633064361,181.8164049033409,1.398454406456316,0.3316638280187996,0.2901744633064361,0.2901744633064361,1.10827994314988,1.10827994314988,373.0,107.0,10,1,6,0,0,0,3.0,0,40.80176638956237,-73.93752780228272,24.1,69,0.0,0.0,0.0,12,11.1,,0,0,0.4000067523628635,4.0,5.0,39.85777558022479,38.73060232089916,0.0,0.0,0.25,1.3785043239330126,1.0,MANHATTAN,csl,CARD,CARD,655.0,457.71644759028067
0.1991514020987927,141.3358728803022,0.5281875989933154,1.479428729773847,0.1991514020987927,0.1991514020987927,1.2802773276750543,0.3290361968945227,199.0,1257.0,9,5,6,1,1,0,3.0,1,40.80542361982092,-73.91600164341598,20.5,47,0.0,0.0,0.0,0,14.0,,0,0,0.3751890027858894,2.0,3.0,39.48205116044958,38.73060232089916,0.0,0.0,0.5,1.8839385454076296,1.0,BRONX,csl,DRUG,ALTMEN,133.0,649.1813156291369
0.0410543379019419,304.1935512892187,0.5299397199039938,1.7379071785192488,0.0410543379019419,0.0410543379019419,1.696852840617307,0.4888853820020518,287.0,38.0,21,0,6,0,0,0,2.0,0,40.67685453203215,-73.91686753819093,22.6,65,0.0,0.0,0.0,100,6.8,,0,0,0.4842111323582792,5.0,6.0,39.93292046417983,38.73060232089916,0.8,0.0,0.2,,1.0,BROOKLYN,csl,CARDBR,CARDBR,369.0,462.7037649826119
0.4033259627852783,256.2285212234912,1.5943525710605335,1.424544716432651,0.4033259627852783,0.4033259627852783,1.1910266082752554,1.1910266082752554,297.0,103.0,11,6,6,1,0,0,7.0,0,40.645907372619014,-73.95669229791639,25.4,46,0.0,0.0,0.0,100,7.5,,0,0,0.8003094737325589,8.0,9.0,38.91846453078677,38.73060232089916,0.125,0.0,0.875,1.984274625431504,1.0,BROOKLYN,csl,EDP,EDPM,892.0,1088.254309352405
0.4834495074363207,317.55755111731156,3.005931855562816,3.016672216099704,0.4834495074363207,0.4834495074363207,2.5332227086633834,2.5224823481264953,141.0,24.0,16,6,6,1,1,0,6.0,0,40.59841924364046,-73.99625356427286,25.7,50,0.0,0.0,0.0,100,21.3,,0,0,0.4758174052004377,6.0,7.0,40.763425997822935,40.763425997822935,0.0,0.0,0.0,0.9842132381593371,1.0,BROOKLYN,csl,SICK,SICK,683.0,569.723136394918
0.0441407938728274,81.22457759670101,0.3292221643318932,0.3168629472000526,0.0441407938728274,0.0441407938728274,0.2850813704590658,0.2850813704590658,289.0,21.0,13,5,6,1,0,0,1.0,0,40.70240611099527,-73.94186390945687,26.9,30,0.0,0.0,0.0,1,8.1,,0,0,0.0575314353658493,1.0,2.0,38.73060232089916,38.73060232089916,0.0,0.0,1.0,,1.0,BROOKLYN,csl,ARREST,ARREST,132.0,326.7876518465281
0.6777898647711774,238.02011312253563,0.6877913119971023,0.6868297347281731,0.6777898647711774,0.6777898647711774,0.0100014472259248,0.0100014472259248,106.0,7019.0,17,5,6,1,1,0,3.0,1,40.78040394504142,-73.9503467842834,28.1,27,0.0,0.0,0.0,22,13.4,,0,0,0.856286331467275,9.0,10.0,40.2335,40.2335,0.6666666666666666,0.0,0.0,1.263350746261687,1.0,MANHATTAN,csl,DRUG,INJMAJ,552.0,587.4794091917374
0.3688026009091322,208.3842100728054,1.8674324291091016,1.993649372902469,0.3688026009091322,0.3688026009091322,1.6248467719933366,1.4986298281999697,97.0,5.0,7,1,6,0,1,0,4.0,0,40.60780803745915,-74.08841900067937,18.9,86,0.0,0.0,0.0,3,7.7,,0,0,0.7903462097976854,8.0,9.0,46.71077587033719,38.73060232089916,0.375,0.0,0.5,2.143006062997955,1.0,STATEN ISLAND,csl,UNKNOW,UNKNOW,348.0,464.40488266355095
1.243133567761331,80.88261345530725,1.243133567761331,1.8997083899116909,1.8770691426950945,1.243133567761331,0.6565748221503596,-0.633935574933763,116.0,4.0,1,0,6,0,0,1,4.0,0,40.644381607573926,-73.97730502780846,19.7,73,0.0,0.0,0.0,79,8.2,,0,0,1.5848254800963482,17.0,18.0,41.22712789554276,38.73060232089916,0.1764705882352941,0.0,0.2352941176470588,1.2748633945669612,1.0,BROOKLYN,ems_station,UNKNOW,UNKNOW,543.0,497.6564577117054
0.4411166590953762,254.01959062370463,1.0250412265060278,1.2050336210285977,0.4411166590953762,0.4411166590953762,0.7639169619332215,0.5839245674106516,189.0,11.0,22,2,6,0,0,1,2.0,0,40.89219349480132,-73.8469656307355,20.5,96,0.5,0.5,0.0,100,4.1,,1,0,0.4608411094752971,6.0,7.0,39.73253410696638,38.73060232089916,0.0,0.0,1.0,1.0447148163036306,1.0,BRONX,csl,T-TEXT,T-DFBR,585.0,461.6440819528507
0.1727537695049318,144.6224079137005,0.1727537695049318,0.2036128744747464,0.4235272978099638,0.1727537695049318,0.2507735283050319,-0.2507735283050319,85.0,28.0,7,2,6,0,1,0,2.0,0,40.81302724972143,-73.93780453859051,17.2,95,0.0,0.0,0.0,100,6.2,,0,0,0.1617315906626811,1.0,2.0,40.2335,40.2335,0.0,0.0,0.0,0.9361971731566994,1.0,MANHATTAN,ems_station,CARDBR,CARDBR,646.0,445.55414565880136
0.4165945034781568,276.82100633922164,1.2357039141840331,1.170361822844768,0.4165945034781568,0.4165945034781568,0.8191094107058763,0.8191094107058763,208.0,195.0,19,0,6,0,1,0,4.0,0,40.64868812356477,-73.93389672596783,26.2,55,0.0,0.0,0.0,100,10.9,,0,0,0.7526696226440124,7.0,8.0,39.37470132622809,38.73060232089916,0.0,0.0,1.0,1.8067200031684456,1.0,BROOKLYN,csl,CVA,CVA,23.0,702.1977163682512
0.0337127079742529,99.16559376193028,1.1891407971323402,0.7604645912352598,0.0337127079742529,0.0337127079742529,1.1554280891580873,1.1554280891580873,240.0,13.0,3,6,6,1,0,1,5.0,0,40.79971253537102,-73.9658103333289,15.2,56,0.0,0.0,0.0,98,10.6,,0,0,,0.0,1.0,,,0.0,0.0,0.0,,1.0,MANHATTAN,csl,CARDBR,ABDPN,225.0,462.1691869498152
0.334150836998911,30.83859212979678,0.334150836998911,1.246895904088096,1.4709786949591372,0.334150836998911,1.1368278579602262,-1.1368278579602262,97.0,40.0,16,2,6,0,1,0,2.0,0,40.86372419744462,-73.92064105831952,24.7,73,0.1,0.1,0.0,100,23.6,,1,0,0.3062522384903641,5.0,6.0,43.48770861525596,40.763425997822935,0.8,0.0,0.0,0.9165089671505512,1.0,MANHATTAN,ems_station,DIFFBR,DIFFBR,463.0,465.3713559623508
1.243133567761331,80.88261345530725,1.243133567761331,1.8997083899116909,1.8770691426950945,1.243133567761331,0.6565748221503596,-0.633935574933763,116.0,27.0,11,2,6,0,0,0,2.0,0,40.644381607573926,-73.97730502780846,22.4,81,0.1,0.1,0.0,83,9.1,,1,0,1.5848254800963482,17.0,18.0,41.22712789554276,38.73060232089916,0.1764705882352941,0.0,0.2352941176470588,1.2748633945669612,1.0,BROOKLYN,ems_station,CARDBR,CARDBR,455.0,449.67133027901076
0.6020622966736452,324.6677499894809,0.981843000448082,1.205676818122491,0.6020622966736452,0.6020622966736452,0.6036145214488459,0.3797807037744367,328.0,4848.0,5,6,6,1,0,1,5.0,1,40.88278350178068,-73.8630654141429,14.3,62,0.0,0.0,0.0,100,8.7,,0,0,0.8295700055498304,6.0,7.0,40.08581810551501,38.73060232089916,0.0,0.0,0.3333333333333333,1.3778806780181228,1.0,BRONX,csl,ABDPN,ABDPN,61.0,730.8395301761824
0.309231305632269,245.27940801490536,2.8774834055765104,1.527038005891222,0.309231305632269,0.309231305632269,2.5682520999442415,2.5682520999442415,112.0,85.0,12,1,6,0,0,0,2.0,0,40.688479402536366,-73.8223922071776,24.9,63,0.0,0.0,0.0,90,14.7,,0,0,0.3485095581999289,4.0,5.0,38.73060232089916,38.73060232089916,0.0,0.0,1.0,1.1270190043900947,1.0,QUEENS,csl,CARDBR,CARDBR,365.0,479.0057289951896
0.8430728187029667,338.3171755314392,0.9141118754393346,1.256112863999462,0.8430728187029667,0.8430728187029667,0.4130400452964954,0.0710390567363679,62.0,25.0,13,1,6,0,0,0,2.0,0,40.762337084734654,-73.91216388420813,25.4,59,0.0,0.0,0.0,100,16.3,,0,0,1.015933375082502,10.0,11.0,39.63234092835966,38.73060232089916,0.0,0.0,0.8,1.2050363296559297,1.0,QUEENS,csl,CARDBR,CARDBR,307.0,438.2039441048168
0.1393977411416439,204.66377030659768,0.8648630717483142,1.099102234480369,0.1393977411416439,0.1393977411416439,0.959704493338725,0.7254653306066703,242.0,21.0,10,0,6,0,0,0,3.0,0,40.82565518017367,-73.89260405134473,25.8,52,0.0,0.0,0.0,0,6.8,,0,0,0.2377393928211186,1.0,2.0,41.72978719008264,41.72978719008264,0.0,0.0,0.0,1.705475216987544,1.0,BRONX,csl,CARD,CARD,268.0,441.34612125950724
0.130733549693534,0.7258673626286054,2.041012212579852,0.8555383400524608,0.130733549693534,0.130733549693534,1.9102786628863175,1.9102786628863175,200.0,47.0,23,0,6,0,0,1,5.0,0,40.68141528070829,-73.9467295192618,22.5,66,0.0,0.0,0.0,12,2.5,,0,0,0.1729843895583687,3.0,4.0,40.73226239669421,40.2335,0.0,0.0,0.6666666666666666,1.3231828399357262,1.0,BROOKLYN,csl,DRUG,DRUG,425.0,582.4994946248335
0.3962851555993346,333.58690582294264,1.0270362411671596,1.0311027176785297,0.3962851555993346,0.3962851555993346,0.6348175620791949,0.6307510855678251,381.0,129.0,23,0,6,0,0,1,3.0,0,40.85260992626471,-73.91321825605405,22.5,66,0.0,0.0,0.0,12,2.5,,0,0,1.1887942817025992,10.0,11.0,40.232838951098174,38.73060232089916,0.0,0.0,0.1,2.9998456033627803,1.0,BRONX,csl,CARD,CARD,290.0,462.50815941932507
0.9390382129086788,325.77465474382,3.593589851886897,3.172883971162787,0.9390382129086788,0.9390382129086788,2.6545516389782184,2.6545516389782184,58.0,85.0,19,0,6,0,1,0,4.0,0,40.685168183860064,-73.84723972246317,26.2,55,0.0,0.0,0.0,100,10.9,,0,0,1.0423967082477714,9.0,10.0,46.40876053017112,38.73060232089916,0.6666666666666666,0.0,0.3333333333333333,1.1100684657112505,1.0,QUEENS,csl,UNKNOW,UNKNOW,196.0,797.1455612437055
0.0314778465580544,160.81045891491203,1.265866648125051,1.9027592930432675,0.0314778465580544,0.0314778465580544,1.8712814464852132,1.2343888015669962,246.0,17.0,22,6,6,1,0,1,7.0,0,40.86939121220024,-73.89879549225043,20.7,79,0.0,0.0,0.0,100,7.4,,0,0,,0.0,1.0,,,0.0,0.0,0.0,,1.0,BRONX,csl,HYPTN,HYPTN,287.0,906.5190891006798
0.2336245703825917,18.75558586292408,0.2336245703825917,1.5469296274940894,0.4508841428678818,0.2336245703825917,1.3133050571114977,-0.2172595724852901,285.0,94.0,1,0,6,0,0,1,6.0,0,40.75156446523435,-73.998960240437,19.7,73,0.0,0.0,0.0,79,8.2,,0,0,1.0912947219684486,9.0,10.0,40.2335,40.2335,0.5555555555555556,0.0,0.1111111111111111,4.6711470466539815,1.0,MANHATTAN,ems_station,CARDBR,SICK,358.0,392.7043703868412
0.612235640061472,40.61925678832165,2.169177879801812,3.837147268369664,0.612235640061472,0.612235640061472,3.224911628308192,1.55694223974034,359.0,34.0,4,0,6,0,0,1,5.0,0,40.667473412219195,-73.8700260616479,18.3,85,0.0,0.0,0.0,19,4.8,,0,0,0.7812747198505021,10.0,11.0,40.142990153087666,38.73060232089916,0.0,0.0,0.5,1.2761013386480695,1.0,BROOKLYN,csl,INJURY,INJURY,674.0,719.1256145795171
0.2545152520021646,155.59369957867807,0.5658981004996675,0.6692471294810045,0.2545152520021646,0.2545152520021646,0.4147318774788399,0.3113828484975028,195.0,20.0,17,0,6,0,1,0,4.0,0,40.74374198373285,-74.00056296911586,28.2,49,0.1,0.1,0.0,57,12.1,,1,0,0.4315939645604616,3.0,4.0,40.2335,40.2335,0.0,0.0,0.3333333333333333,1.695748923356432,1.0,MANHATTAN,csl,UNKNOW,UNKNOW,226.0,543.0153550368534
0.1482154648779818,0.2402891819099863,0.7342197928465118,0.9151197866774042,0.1482154648779818,0.1482154648779818,0.7669043217994225,0.5860043279685301,385.0,38.0,22,5,6,1,0,1,4.0,0,40.84697506197675,-73.89769511018748,20.0,41,0.0,0.0,0.0,100,9.7,,0,0,0.3977150236902221,4.0,5.0,39.85777558022479,38.73060232089916,0.0,0.0,0.25,2.683357124829319,1.0,BRONX,csl,DRUG,UNKNOW,490.0,603.3186387116893
0.6020622966736452,324.6677499894809,0.981843000448082,1.205676818122491,0.6020622966736452,0.6020622966736452,0.6036145214488459,0.3797807037744367,328.0,76.0,13,0,6,0,0,0,6.0,0,40.88278350178068,-73.8630654141429,29.2,43,0.0,0.0,0.0,13,8.0,,0,0,0.8295700055498304,6.0,7.0,40.08581810551501,38.73060232089916,0.0,0.0,0.3333333333333333,1.3778806780181228,1.0,BRONX,csl,DIFFBR,SICK,150.0,447.44103425964306
0.758849326490153,73.01778440290207,1.193742575868591,0.758849326490153,1.1397052313291485,0.758849326490153,0.4348932493784379,0.0540373445394424,81.0,2497.0,20,5,6,1,0,0,6.0,1,40.77595833166471,-73.95249122141689,22.1,56,0.0,0.0,0.0,40,10.7,,0,0,1.173672474290675,11.0,12.0,40.2335,40.2335,0.7272727272727273,0.0,0.2727272727272727,1.5466475798551096,1.0,MANHATTAN,hospital_bay,SICK,SICK,1267.0,847.1970221545473
1.2842069469347652,76.09821849578793,2.999613359286784,1.7423153555908095,1.2842069469347652,1.2842069469347652,1.7154064123520187,1.7154064123520187,42.0,10.0,19,5,6,1,1,0,3.0,0,40.76159425299747,-73.79640043727605,25.2,43,0.0,0.0,0.0,28,4.9,,0,0,1.6643092032164857,20.0,21.0,39.27442001577066,38.73060232089916,0.1,0.0,0.9,1.295982090105473,1.0,QUEENS,csl,CARD,CARD,260.0,453.33914001465445
0.0337127079742529,99.16559376193028,1.1891407971323402,0.7604645912352598,0.0337127079742529,0.0337127079742529,1.1554280891580873,1.1554280891580873,240.0,22.0,12,2,6,0,0,0,1.0,0,40.79971253537102,-73.9658103333289,24.7,70,0.0,0.0,0.0,33,12.6,,0,0,,0.0,1.0,,,0.0,0.0,0.0,,1.0,MANHATTAN,csl,ARREST,ARREST,118.0,328.7965784389038
0.2494070887622594,155.50742618532104,2.263455965475165,1.929569476064946,0.2494070887622594,0.2494070887622594,2.0140488767129057,2.0140488767129057,209.0,18.0,20,2,6,0,0,0,6.0,0,40.829582775437075,-73.86602876799958,21.5,88,0.0,0.0,0.0,100,13.1,,0,0,0.4747784042602869,4.0,5.0,40.2335,40.2335,0.0,0.0,0.5,1.903628347600243,1.0,BRONX,csl,INHALE,SICK,380.0,587.5357266114792
0.4902830329783176,71.46510318844832,2.7409462915886262,2.535573062910073,0.4902830329783176,0.4902830329783176,2.2506632586103086,2.2506632586103086,143.0,16.0,18,5,6,1,1,0,4.0,0,40.697581051726765,-73.78664900498536,27.6,30,0.0,0.0,0.0,42,6.8,,0,0,0.5806582863930818,9.0,10.0,39.50183283510092,38.73060232089916,0.1111111111111111,0.0,0.8888888888888888,1.1843328186695803,1.0,QUEENS,csl,UNKNOW,UNKNOW,664.0,774.4343399548627
1.127670661027651,115.77849675848968,1.127670661027651,2.350470075454586,1.5067612830358252,1.127670661027651,1.2227994144269356,-0.3790906220081742,106.0,87.0,1,1,6,0,0,1,4.0,0,40.62100995619608,-73.98593371737667,18.3,91,0.0,0.0,0.0,19,6.2,,0,0,1.454880549567343,9.0,10.0,40.063573373869595,38.73060232089916,0.0,0.0,0.5555555555555556,1.2901644069036116,1.0,BROOKLYN,ems_station,INBLED,INBLED,162.0,497.4334824924963
0.1558240401361174,292.0878849264294,1.570341894403671,0.9453157892822018,0.1558240401361174,0.1558240401361174,1.4145178542675532,1.4145178542675532,85.0,85.0,13,5,6,1,0,0,4.0,0,40.761324698115786,-73.93136497080326,26.9,30,0.0,0.0,0.0,1,8.1,,0,0,0.1913088721599946,2.0,3.0,40.763425997822935,40.763425997822935,0.0,0.0,0.0,1.2277237324412853,1.0,QUEENS,csl,UNKNOW,UNKNOW,658.0,804.7827867602034
0.3962851555993346,333.58690582294264,1.0270362411671596,1.0311027176785297,0.3962851555993346,0.3962851555993346,0.6348175620791949,0.6307510855678251,381.0,46.0,23,6,6,1,0,1,3.0,0,40.85260992626471,-73.91321825605405,19.9,83,0.0,0.0,0.0,97,6.1,,0,0,1.1887942817025992,10.0,11.0,40.232838951098174,38.73060232089916,0.0,0.0,0.1,2.9998456033627803,1.0,BRONX,csl,PEDSTR,PEDSTR,86.0,396.0486635056902
0.4913455054516921,8.641161757021962,0.756656517788434,0.7537572733204558,0.4913455054516921,0.4913455054516921,0.2653110123367418,0.2653110123367418,349.0,13.0,18,6,6,1,1,0,3.0,0,40.79181061410928,-73.94389258547608,25.6,58,0.0,0.0,0.0,100,11.6,,0,0,1.02563247432515,11.0,12.0,42.95889422525572,38.73060232089916,0.9090909090909092,0.0,0.0909090909090909,2.0873956573232313,1.0,MANHATTAN,csl,INJMAJ,INJMAJ,461.0,407.32196579801723
0.0608948277509535,298.05439621723735,3.1388656785345206,0.7545194346441468,0.0608948277509535,0.0608948277509535,3.077970850783567,3.077970850783567,137.0,305.0,0,6,6,1,0,1,5.0,1,40.77574453876112,-73.98280187353322,17.5,50,0.0,0.0,0.0,8,9.4,,0,0,,0.0,1.0,,,0.0,0.0,0.0,,1.0,MANHATTAN,csl,MVAINJ,MVAINJ,243.0,614.9334740235537
0.1730361040569689,206.56913815321028,0.1897111860848906,0.1730361040569689,0.3518959920523762,0.1730361040569689,0.1788598879954072,-0.1621848059674855,186.0,12.0,23,1,6,0,0,1,6.0,0,40.83976482326059,-73.94173123284911,16.6,96,0.0,0.0,0.0,98,6.7,,0,0,0.2404436473038958,3.0,4.0,44.16877926961422,44.16877926961422,1.0,0.0,0.0,1.389557679966802,1.0,MANHATTAN,hospital_bay,SICK,SICK,690.0,433.7833559486082
0.1369304507917049,278.8012740750613,0.732109286573885,1.141327548696715,0.1369304507917049,0.1369304507917049,1.00439709790501,0.59517883578218,133.0,26.0,10,0,6,0,0,0,5.0,0,40.72056549959967,-74.00486522947534,25.8,52,0.0,0.0,0.0,0,6.8,,0,0,0.7302322327194433,12.0,13.0,32.1868,32.1868,1.0,0.0,0.0,5.33286955894313,1.0,MANHATTAN,csl,INJURY,INJURY,131.0,582.0199550068025
1.248843845724156,124.28775331401243,1.6876092793459485,2.721406962125268,1.248843845724156,1.248843845724156,1.472563116401112,0.4387654336217923,72.0,29.0,19,6,6,1,1,0,3.0,0,40.646687328004695,-73.88205993731032,25.3,43,0.0,0.0,0.0,100,9.4,,0,0,1.3917198011616592,10.0,11.0,39.68533352814195,38.73060232089916,0.5,0.0,0.4,1.114406581676875,1.0,BROOKLYN,csl,SEIZR,SEIZR,352.0,457.9706473254721
0.1978752454797345,157.9850615193343,0.3115786776885763,1.3280047387035825,0.1978752454797345,0.1978752454797345,1.130129493223848,0.1137034322088418,334.0,6.0,3,1,6,0,0,1,5.0,0,40.836711134538305,-73.9240363632889,18.5,87,0.0,0.0,0.0,19,2.9,,0,0,0.3837775664645588,3.0,4.0,38.73060232089916,38.73060232089916,0.0,0.0,1.0,1.9394925602448012,1.0,BRONX,csl,INJURY,INJURY,374.0,496.4555642715223
0.6777898647711774,238.02011312253563,0.6877913119971023,0.6868297347281731,0.6777898647711774,0.6777898647711774,0.0100014472259248,0.0100014472259248,106.0,32.0,0,0,6,0,0,1,4.0,0,40.78040394504142,-73.9503467842834,20.6,72,0.0,0.0,0.0,49,8.1,,0,0,0.856286331467275,9.0,10.0,40.2335,40.2335,0.6666666666666666,0.0,0.0,1.263350746261687,1.0,MANHATTAN,csl,INBLED,INBLED,677.0,579.8787230261743
0.1482154648779818,0.2402891819099863,0.7342197928465118,0.9151197866774042,0.1482154648779818,0.1482154648779818,0.7669043217994225,0.5860043279685301,385.0,133.0,16,0,6,0,1,0,3.0,0,40.84697506197675,-73.89769511018748,29.6,42,0.0,0.0,0.0,82,7.9,,0,0,0.3977150236902221,4.0,5.0,39.85777558022479,38.73060232089916,0.0,0.0,0.25,2.683357124829319,1.0,BRONX,csl,INJMAJ,INJMAJ,343.0,479.2631810847266
0.0441407938728274,81.22457759670101,0.3292221643318932,0.3168629472000526,0.0441407938728274,0.0441407938728274,0.2850813704590658,0.2850813704590658,289.0,129.0,21,0,6,0,0,0,2.0,0,40.70240611099527,-73.94186390945687,22.6,65,0.0,0.0,0.0,100,6.8,,0,0,0.0575314353658493,1.0,2.0,38.73060232089916,38.73060232089916,0.0,0.0,1.0,,1.0,BROOKLYN,csl,CARDBR,CARDBR,409.0,429.37195672747237
0.4171920136565026,179.07777753433436,1.3725872801416648,1.254102848944375,0.4171920136565026,0.4171920136565026,0.9553952664851622,0.9553952664851622,341.0,37.0,20,6,6,1,0,0,3.0,0,40.86461650805717,-73.88972537988687,22.9,56,0.0,0.0,0.0,100,6.1,,0,0,0.7882599360872278,8.0,9.0,39.36042970028984,38.73060232089916,0.0,0.0,0.875,1.8894415767417976,1.0,BRONX,csl,PEDSTR,PEDSTR,392.0,369.0436519780356
0.2056108496361574,303.7394141564289,2.882840346843524,2.9911780798486576,0.2056108496361574,0.2056108496361574,2.7855672302125,2.6772294972073665,131.0,16.0,18,5,6,1,1,0,2.0,0,40.62085954469528,-74.03158989424534,27.6,30,0.0,0.0,0.0,42,6.8,,0,0,0.2492632912768182,1.0,2.0,38.73060232089916,38.73060232089916,0.0,0.0,1.0,1.212306119632825,1.0,BROOKLYN,csl,MEDRXN,ANAPH,1093.0,683.5922735891962
0.4586978529617037,102.3840537975866,1.6137226713637651,0.4586978529617037,1.563419623399445,0.4586978529617037,1.1550248184020615,0.05030304796432,49.0,106.0,17,2,6,0,1,0,2.0,0,40.77308056827759,-73.95578979357234,24.0,76,0.0,0.0,0.0,100,22.1,,0,0,0.5954505111004845,4.0,5.0,40.2335,40.2335,0.25,0.0,0.75,1.2981323266629683,1.0,MANHATTAN,hospital_bay,UNC,UNC,442.0,422.97748790310106
0.0314778465580544,160.81045891491203,1.265866648125051,1.9027592930432675,0.0314778465580544,0.0314778465580544,1.8712814464852132,1.2343888015669962,246.0,14.0,21,1,6,0,0,0,3.0,0,40.86939121220024,-73.89879549225043,17.9,87,0.0,0.0,0.0,100,7.7,,0,0,,0.0,1.0,,,0.0,0.0,0.0,,1.0,BRONX,csl,INJURY,INJMAJ,385.0,533.1313874824742
0.2855143993720915,59.52401190195337,1.069562290266165,1.311947872696683,0.2855143993720915,0.2855143993720915,1.0264334733245914,0.7840478908940736,171.0,157.0,20,5,6,1,0,0,3.0,0,40.852210788283074,-73.93535853956145,22.1,56,0.0,0.0,0.0,40,10.7,,0,0,0.5392783721214103,7.0,8.0,37.3219339726918,32.1868,0.4285714285714285,0.0,0.0,1.888795708053258,1.0,MANHATTAN,csl,INJMAJ,INJMAJ,262.0,420.3895007458822
0.0468225286569101,134.1664420234315,1.0036356862536662,1.4056779605181322,0.0468225286569101,0.0468225286569101,1.358855431861222,0.956813157596756,145.0,22.0,15,5,6,1,0,0,5.0,0,40.76659381032573,-73.82355151578537,28.0,27,0.0,0.0,0.0,50,11.3,,0,0,,0.0,1.0,,,0.0,0.0,0.0,,1.0,QUEENS,csl,MVAINJ,MVAINJ,257.0,704.6586002728741
0.4678047239758241,121.39550029773584,1.2488279844315062,0.4678047239758241,1.003802736519679,0.4678047239758241,0.7810232604556822,0.2450252479118271,176.0,9.0,9,5,6,1,1,0,3.0,0,40.84574656747069,-73.83917046952729,20.5,47,0.0,0.0,0.0,0,14.0,,0,0,0.6682586841811474,7.0,8.0,39.94038131726612,39.72054230521571,0.0,0.0,0.5714285714285714,1.428499221858398,1.0,BRONX,hospital_bay,CARD,CARD,229.0,395.22951438554605
0.309231305632269,245.27940801490536,2.8774834055765104,1.527038005891222,0.309231305632269,0.309231305632269,2.5682520999442415,2.5682520999442415,112.0,216.0,18,5,6,1,1,0,2.0,0,40.688479402536366,-73.8223922071776,27.6,30,0.0,0.0,0.0,42,6.8,,0,0,0.3485095581999289,4.0,5.0,38.73060232089916,38.73060232089916,0.0,0.0,1.0,1.1270190043900947,1.0,QUEENS,csl,CARDBR,CARDBR,484.0,504.52257500798027
0.0410543379019419,304.1935512892187,0.5299397199039938,1.7379071785192488,0.0410543379019419,0.0410543379019419,1.696852840617307,0.4888853820020518,287.0,13.0,22,0,6,0,0,1,3.0,0,40.67685453203215,-73.91686753819093,22.3,67,0.0,0.0,0.0,59,6.1,,0,0,0.4842111323582792,5.0,6.0,39.93292046417983,38.73060232089916,0.8,0.0,0.2,,1.0,BROOKLYN,csl,CARD,CARD,242.0,436.44228099744055
0.280537510972732,206.46225302893137,1.0109506057803006,1.034095089518788,0.280537510972732,0.280537510972732,0.7535575785460559,0.7304130948075686,113.0,4034.0,21,0,6,0,0,0,5.0,1,40.83219211858839,-73.93754023616486,22.6,65,0.0,0.0,0.0,100,6.8,,0,0,0.3833949745463004,2.0,3.0,40.2335,40.2335,0.0,0.0,0.0,1.3666442438193802,1.0,MANHATTAN,csl,INJURY,INJURY,1143.0,1044.9781050441588
0.5986822671184716,172.8752917422462,4.782824918412687,5.097494239678706,0.5986822671184716,0.5986822671184716,4.498811972560235,4.1841426512942155,70.0,10.0,9,0,6,0,1,0,2.0,0,40.62858228061272,-74.16545975714129,24.1,58,0.0,0.0,0.0,5,9.0,,0,0,1.1699560457832443,8.0,9.0,39.74701415936104,38.73060232089916,0.0,0.0,0.5,1.954218639904571,1.0,STATEN ISLAND,csl,STATEP,STATEP,351.0,446.70739541743137
0.2823764862055331,337.10457919130295,0.6551681234959842,2.219309181688833,0.2823764862055331,0.2823764862055331,1.9369326954832995,0.3727916372904511,199.0,27.0,16,2,6,0,1,0,2.0,0,40.87925272683152,-73.9078829289896,24.7,73,0.1,0.1,0.0,100,23.6,,1,0,0.3277299390852558,5.0,6.0,41.87566634781079,41.72978719008264,0.2,0.0,0.0,1.1606134189470414,1.0,BRONX,csl,CARDBR,CARDBR,536.0,488.6354842163843
0.2901744633064361,181.8164049033409,1.398454406456316,0.3316638280187996,0.2901744633064361,0.2901744633064361,1.10827994314988,1.10827994314988,373.0,161.0,12,6,6,1,0,0,3.0,0,40.80176638956237,-73.93752780228272,26.9,37,0.0,0.0,0.0,100,12.5,,0,0,0.4000067523628635,4.0,5.0,39.85777558022479,38.73060232089916,0.0,0.0,0.25,1.3785043239330126,1.0,MANHATTAN,csl,CARD,CARD,560.0,465.3776472094346
0.2429387515993371,140.30642760049705,0.6043271538790338,0.2429387515993371,0.8092886227144895,0.2429387515993371,0.5663498711151524,-0.2049614688354557,80.0,21.0,15,0,6,0,0,0,3.0,0,40.70862035185762,-74.00311174160358,30.1,40,0.0,0.0,0.0,26,6.4,,0,0,0.8144728561841896,8.0,9.0,32.1868,32.1868,0.125,0.0,0.625,3.3525851714569037,1.0,MANHATTAN,hospital_bay,INJMAJ,INJMAJ,262.0,399.581056193121
0.0608948277509535,298.05439621723735,3.1388656785345206,0.7545194346441468,0.0608948277509535,0.0608948277509535,3.077970850783567,3.077970850783567,137.0,15.0,6,2,6,0,0,0,6.0,0,40.77574453876112,-73.98280187353322,15.7,98,0.0,0.0,0.0,100,2.5,,0,0,,0.0,1.0,,,0.0,0.0,0.0,,1.0,MANHATTAN,csl,SICK,SICK,322.0,502.88235639926154
0.1978752454797345,157.9850615193343,0.3115786776885763,1.3280047387035825,0.1978752454797345,0.1978752454797345,1.130129493223848,0.1137034322088418,334.0,17.0,17,5,6,1,1,0,1.0,0,40.836711134538305,-73.9240363632889,28.1,27,0.0,0.0,0.0,22,13.4,,0,0,0.3837775664645588,3.0,4.0,38.73060232089916,38.73060232089916,0.0,0.0,1.0,1.9394925602448012,1.0,BRONX,csl,ARREST,ARREST,300.0,356.7009885860909
0.1453522020693904,221.8125184947183,0.4238677894544702,0.6952888635650168,0.1453522020693904,0.1453522020693904,0.5499366614956264,0.2785155873850797,285.0,3617.0,19,5,6,1,1,0,5.0,1,40.716440130565445,-73.98514522742113,25.2,43,0.0,0.0,0.0,28,4.9,,0,0,0.1236010611947436,2.0,3.0,40.2335,40.2335,0.0,0.0,1.0,0.8503556150854676,1.0,MANHATTAN,csl,EDP,DRUG,546.0,934.7520358317875
0.0487139089964655,182.1823181224935,0.9217172112592588,1.041752344383312,0.0487139089964655,0.0487139089964655,0.9930384353868466,0.8730033022627933,148.0,18.0,20,6,6,1,0,0,6.0,0,40.68141485303249,-73.98005709840152,22.9,56,0.0,0.0,0.0,100,6.1,,0,0,0.4220033833441564,7.0,8.0,39.80410066311405,38.73060232089916,0.7142857142857143,0.0,0.2857142857142857,,1.0,BROOKLYN,csl,SICK,SICK,162.0,517.7366206975503
0.0441407938728274,81.22457759670101,0.3292221643318932,0.3168629472000526,0.0441407938728274,0.0441407938728274,0.2850813704590658,0.2850813704590658,289.0,5.0,9,2,6,0,1,0,2.0,0,40.70240611099527,-73.94186390945687,20.2,86,0.0,0.0,0.0,100,5.8,,0,0,0.0575314353658493,1.0,2.0,38.73060232089916,38.73060232089916,0.0,0.0,1.0,,1.0,BROOKLYN,csl,CARDBR,CARDBR,317.0,443.67916895334787
0.7594811119318774,156.49178272770325,0.9173691134747743,0.7594811119318774,1.606453840314484,0.7594811119318774,0.8469727283826067,-0.6890847268397097,80.0,9.0,11,5,6,1,0,0,6.0,0,40.63343197458116,-73.99536675242251,24.2,39,0.0,0.0,0.0,0,10.8,,0,0,0.850430496756667,9.0,10.0,40.58678399854862,40.2335,0.0,0.0,0.3333333333333333,1.119752003566545,1.0,BROOKLYN,hospital_bay,SICK,SICK,528.0,467.6277819708373
0.8882098761081669,82.64793938879654,0.8882098761081669,1.1709433084912395,1.1296053282986367,0.8882098761081669,0.2827334323830726,-0.2413954521904697,108.0,42.0,7,6,6,1,1,0,4.0,0,40.696519702454395,-73.96636995753218,16.4,65,0.0,0.0,0.0,100,10.3,,0,0,1.163354643070304,15.0,16.0,40.23350000000001,40.2335,0.0,0.0,0.0,1.3097744962797844,1.0,BROOKLYN,ems_station,UNKNOW,UNKNOW,353.0,729.4583108622431
0.612235640061472,40.61925678832165,2.169177879801812,3.837147268369664,0.612235640061472,0.612235640061472,3.224911628308192,1.55694223974034,359.0,46.0,23,1,6,0,0,1,4.0,0,40.667473412219195,-73.8700260616479,16.6,96,0.0,0.0,0.0,98,6.7,,0,0,0.7812747198505021,10.0,11.0,40.142990153087666,38.73060232089916,0.0,0.0,0.5,1.2761013386480695,1.0,BROOKLYN,csl,INBLED,SICK,696.0,578.3254139775707
0.2429387515993371,140.30642760049705,0.6043271538790338,0.2429387515993371,0.8092886227144895,0.2429387515993371,0.5663498711151524,-0.2049614688354557,80.0,12.0,12,0,6,0,0,0,5.0,0,40.70862035185762,-74.00311174160358,28.2,44,0.0,0.0,0.0,8,6.6,,0,0,0.8144728561841896,8.0,9.0,32.1868,32.1868,0.125,0.0,0.625,3.3525851714569037,1.0,MANHATTAN,hospital_bay,INJURY,INJURY,477.0,501.8988472897914
0.1369304507917049,278.8012740750613,0.732109286573885,1.141327548696715,0.1369304507917049,0.1369304507917049,1.00439709790501,0.59517883578218,133.0,67.0,9,2,6,0,1,0,5.0,0,40.72056549959967,-74.00486522947534,20.2,86,0.0,0.0,0.0,100,5.8,,0,0,0.7302322327194433,12.0,13.0,32.1868,32.1868,1.0,0.0,0.0,5.33286955894313,1.0,MANHATTAN,csl,DRUG,DRUG,702.0,601.8065420548875
0.2150289942460709,116.76224482510122,2.1413800071045044,0.5325601213286673,0.2150289942460709,0.2150289942460709,1.9263510128584336,1.9263510128584336,209.0,7.0,4,2,6,0,0,1,1.0,1,40.76511835718409,-73.98484209984107,16.1,97,0.0,0.0,0.0,83,4.6,,0,0,0.2748712235504126,1.0,2.0,41.72978719008264,41.72978719008264,0.0,0.0,0.0,1.2782984197743148,1.0,MANHATTAN,csl,UNC,ARREST,495.0,431.09598554784276
0.2304011887751341,137.12333756299302,2.2347425697756256,1.1317397609688875,0.2304011887751341,0.2304011887751341,2.0043413810004913,2.0043413810004913,117.0,1105.0,18,1,6,0,1,0,5.0,1,40.75810645685221,-73.9682197312134,22.1,65,0.0,0.0,0.0,100,18.0,,0,0,0.2332776704737137,2.0,3.0,40.98164359504132,40.2335,0.0,0.0,0.0,1.012484665178473,1.0,MANHATTAN,csl,DRUG,DRUG,507.0,685.5903785515296
0.2336245703825917,18.75558586292408,0.2336245703825917,1.5469296274940894,0.4508841428678818,0.2336245703825917,1.3133050571114977,-0.2172595724852901,285.0,455.0,16,0,6,0,1,0,4.0,1,40.75156446523435,-73.998960240437,29.6,42,0.0,0.0,0.0,82,7.9,,0,0,1.0912947219684486,9.0,10.0,40.2335,40.2335,0.5555555555555556,0.0,0.1111111111111111,4.6711470466539815,1.0,MANHATTAN,ems_station,OBMAJ,OBMAJ,1573.0,731.4987915926855
0.3036400776355003,251.3546704010768,1.8685985892544303,0.3036400776355003,0.6314938172134429,0.3036400776355003,1.56495851161893,1.2371047720409876,137.0,24.0,14,5,6,1,0,0,6.0,0,40.70324324811322,-73.92109776997643,27.5,28,0.0,0.0,0.0,0,8.9,,0,0,0.387310914787643,3.0,4.0,40.2335,40.2335,0.0,0.0,1.0,1.275559266759851,1.0,BROOKLYN,hospital_bay,SICK,SICK,1567.0,801.4563530929729
0.0468225286569101,134.1664420234315,1.0036356862536662,1.4056779605181322,0.0468225286569101,0.0468225286569101,1.358855431861222,0.956813157596756,145.0,28.0,9,0,6,0,1,0,2.0,0,40.76659381032573,-73.82355151578537,24.1,58,0.0,0.0,0.0,5,9.0,,0,0,,0.0,1.0,,,0.0,0.0,0.0,,1.0,QUEENS,csl,CVAC,CVAC,526.0,448.82807239700213
0.4678047239758241,121.39550029773584,1.2488279844315062,0.4678047239758241,1.003802736519679,0.4678047239758241,0.7810232604556822,0.2450252479118271,176.0,11.0,18,6,6,1,1,0,2.0,0,40.84574656747069,-73.83917046952729,25.6,58,0.0,0.0,0.0,100,11.6,,0,0,0.6682586841811474,7.0,8.0,39.94038131726612,39.72054230521571,0.0,0.0,0.5714285714285714,1.428499221858398,1.0,BRONX,hospital_bay,STATEP,STATEP,393.0,397.1167497093049
0.17329997875694,88.98144328152699,0.17329997875694,2.469477134618413,0.3749949235726676,0.17329997875694,2.2961771558614728,-0.2016949448157276,385.0,17.0,0,5,6,1,0,1,6.0,0,40.67164768647864,-73.8931034629108,15.9,52,0.0,0.0,0.0,1,10.4,,0,0,0.3018789974042443,3.0,4.0,39.73253410696639,38.73060232089916,0.0,0.0,0.3333333333333333,1.7419448032803364,1.0,BROOKLYN,ems_station,OTHER,OTHER,296.0,693.6988001612644
1.2759412362454725,346.1888365857959,1.5366935028212574,1.485533456321725,1.2759412362454725,1.2759412362454725,0.2607522665757851,0.2607522665757851,27.0,114.0,18,1,6,0,1,0,2.0,0,40.72814237653198,-73.79323244747195,22.1,65,0.0,0.0,0.0,100,18.0,,0,0,1.5499926691111412,14.0,15.0,40.87287722745879,38.73060232089916,0.0,0.0,0.2857142857142857,1.214783741665157,1.0,QUEENS,csl,UNC,UNC,180.0,426.1083821265236
0.2224794947981302,265.8832421478232,0.7878364827377041,0.7919167215379245,0.2224794947981302,0.2224794947981302,0.5694372267397942,0.5653569879395739,172.0,6.0,10,6,6,1,0,0,3.0,0,40.75203495383239,-73.88359732782362,23.0,53,0.0,0.0,0.0,100,7.3,,0,0,0.2372790120083988,3.0,4.0,32.1868,32.1868,0.0,0.0,1.0,1.066520814530333,1.0,QUEENS,csl,CARD,CARD,519.0,414.4626540480873
0.2280131227775552,100.61116261655064,0.5344923444689716,0.5875738307875301,0.2280131227775552,0.2280131227775552,0.3595607080099748,0.3064792216914164,76.0,191.0,17,6,6,1,1,0,6.0,1,40.77323192139633,-73.92721801488196,25.3,57,0.0,0.0,0.0,100,17.7,,0,0,0.2633159519665587,3.0,4.0,40.08581810551501,38.73060232089916,0.0,0.0,0.3333333333333333,1.1548280588369657,1.0,QUEENS,csl,SICK,SICK,2271.0,983.9190458087943
1.2842069469347652,76.09821849578793,2.999613359286784,1.7423153555908095,1.2842069469347652,1.2842069469347652,1.7154064123520187,1.7154064123520187,42.0,137.0,17,6,6,1,1,0,2.0,0,40.76159425299747,-73.79640043727605,25.3,57,0.0,0.0,0.0,100,17.7,,0,0,1.6643092032164857,20.0,21.0,39.27442001577066,38.73060232089916,0.1,0.0,0.9,1.295982090105473,1.0,QUEENS,csl,CARDBR,CARDBR,391.0,505.37739132423275
0.2008972700605764,70.63990131149177,1.5626144223972729,1.2496245264856165,0.2008972700605764,0.2008972700605764,1.3617171523366964,1.3617171523366964,126.0,28.0,23,6,6,1,0,1,2.0,0,40.75271509091915,-73.97330788047502,19.9,83,0.0,0.0,0.0,97,6.1,,0,0,0.4847086993062358,5.0,6.0,40.532757438016525,40.2335,0.8,0.0,0.0,2.412719193048676,1.0,MANHATTAN,csl,TRAUMA,TRAUMA,202.0,307.10940730251355
0.1015192482605608,6.418934440056034,0.4859868892090857,0.7529191024754134,0.1015192482605608,0.1015192482605608,0.6513998542148526,0.3844676409485249,346.0,30.0,9,0,6,0,1,0,7.0,0,40.69464231098107,-73.9903123087008,24.1,58,0.0,0.0,0.0,5,9.0,,0,0,0.0988197976192888,1.0,2.0,40.2335,40.2335,0.0,0.0,0.0,0.9734094697554938,1.0,BROOKLYN,csl,EDP,INJMIN,674.0,774.1073983726053
0.0441407938728274,81.22457759670101,0.3292221643318932,0.3168629472000526,0.0441407938728274,0.0441407938728274,0.2850813704590658,0.2850813704590658,289.0,1998.0,16,2,6,0,1,0,5.0,1,40.70240611099527,-73.94186390945687,24.7,73,0.1,0.1,0.0,100,23.6,,1,0,0.0575314353658493,1.0,2.0,38.73060232089916,38.73060232089916,0.0,0.0,1.0,,1.0,BROOKLYN,csl,DRUG,DRUG,656.0,883.642556951344
0.334150836998911,30.83859212979678,0.334150836998911,1.246895904088096,1.4709786949591372,0.334150836998911,1.1368278579602262,-1.1368278579602262,97.0,14.0,0,0,6,0,0,1,4.0,0,40.86372419744462,-73.92064105831952,20.6,72,0.0,0.0,0.0,49,8.1,,0,0,0.3062522384903641,5.0,6.0,43.48770861525596,40.763425997822935,0.8,0.0,0.0,0.9165089671505512,1.0,MANHATTAN,ems_station,DIFFBR,SICPED,255.0,410.5075368277153
0.5524799529098702,343.68426399759625,2.7484369695307445,1.7249508103694948,0.5524799529098702,0.5524799529098702,2.1959570166208744,2.1959570166208744,133.0,17.0,16,1,6,0,1,0,4.0,0,40.62235786354158,-73.96565043616631,25.0,57,0.0,0.0,0.0,95,15.9,,0,0,0.6220892311259099,4.0,5.0,40.2301947554909,38.73060232089916,0.0,0.0,0.5,1.1259942154451268,1.0,BROOKLYN,csl,UNKNOW,UNKNOW,231.0,689.024399196896
0.2195841747270702,152.99686462719535,1.642460634506147,1.4499415094431682,0.2195841747270702,0.2195841747270702,1.4228764597790766,1.4228764597790766,211.0,257.0,22,0,6,0,0,1,3.0,0,40.69252111192363,-73.92555278351443,22.3,67,0.0,0.0,0.0,59,6.1,,0,0,0.5556282849605099,8.0,9.0,41.284864982728216,38.73060232089916,0.125,0.0,0.25,2.530365795491055,1.0,BROOKLYN,csl,CARD,CARD,418.0,457.7591992103524
0.8369980909126353,258.72762998947735,2.3765379351072347,1.350367816706896,0.8369980909126353,0.8369980909126353,1.539539844194599,1.539539844194599,142.0,16.0,6,6,6,1,0,0,2.0,0,40.601872575760666,-73.94655035831178,14.6,67,0.0,0.0,0.0,100,7.9,,0,0,0.8745285703746611,11.0,12.0,38.73060232089916,38.73060232089916,0.0,0.0,1.0,1.0448393847841442,1.0,BROOKLYN,csl,UNC,UNC,631.0,408.0608103345841
0.4033259627852783,256.2285212234912,1.5943525710605335,1.424544716432651,0.4033259627852783,0.4033259627852783,1.1910266082752554,1.1910266082752554,297.0,10.0,20,2,6,0,0,0,2.0,0,40.645907372619014,-73.95669229791639,21.5,88,0.0,0.0,0.0,100,13.1,,0,0,0.8003094737325589,8.0,9.0,38.91846453078677,38.73060232089916,0.125,0.0,0.875,1.984274625431504,1.0,BROOKLYN,csl,CARDBR,CARDBR,289.0,431.81639140881356
0.4495433979004555,156.77616771930207,0.4495433979004555,3.093343099745333,0.5469319128429727,0.4495433979004555,2.6437997018448773,-0.0973885149425171,79.0,122.0,7,5,6,1,1,0,4.0,0,40.77103272571251,-73.87241597334116,16.3,54,0.0,0.0,0.0,0,16.0,,0,0,0.7560020577405074,14.0,15.0,47.186119922123325,32.1868,0.0,0.2142857142857142,0.1428571428571428,1.68171095665365,1.0,QUEENS,ems_station,UNKNOW,UNKNOW,802.0,655.6618238094759
0.084011589363156,91.39523610499124,0.8843308451339238,1.6321934736147528,0.084011589363156,0.084011589363156,1.5481818842515966,0.8003192557707677,135.0,22.0,13,6,6,1,0,0,5.0,0,40.75589045915963,-73.9934711377961,27.2,37,0.0,0.0,0.0,100,14.8,,0,0,,0.0,1.0,,,0.0,0.0,0.0,,1.0,MANHATTAN,csl,INJURY,DRUG,550.0,617.0644333414845
0.4033259627852783,256.2285212234912,1.5943525710605335,1.424544716432651,0.4033259627852783,0.4033259627852783,1.1910266082752554,1.1910266082752554,297.0,30.0,13,0,6,0,0,0,5.0,0,40.645907372619014,-73.95669229791639,29.2,43,0.0,0.0,0.0,13,8.0,,0,0,0.8003094737325589,8.0,9.0,38.91846453078677,38.73060232089916,0.125,0.0,0.875,1.984274625431504,1.0,BROOKLYN,csl,DRUG,DRUG,132.0,785.5762585224119
0.2274909634375671,36.14013401093246,1.7807741655499716,1.0272287625389191,0.2274909634375671,0.2274909634375671,1.5532832021124046,1.5532832021124046,208.0,6.0,13,2,6,0,0,0,5.0,0,40.8431649108642,-73.86016672507611,26.1,63,0.0,0.0,0.0,44,13.7,,0,0,1.4366462407468816,15.0,16.0,40.15776635294118,39.66549764705883,0.0,0.0,0.1333333333333333,6.3151793769652596,1.0,BRONX,csl,ABDPN,ABDPN,1531.0,678.7076888497746
0.7238277022295143,350.90468182634663,1.943271230585078,1.3929571909293568,0.7238277022295143,0.7238277022295143,1.2194435283555638,1.2194435283555638,128.0,248.0,20,2,6,0,0,0,5.0,1,40.798521814731416,-73.9750083860416,21.5,88,0.0,0.0,0.0,100,13.1,,0,0,0.8227004739607751,9.0,10.0,48.40477152832865,38.73060232089916,0.1111111111111111,0.2222222222222222,0.2222222222222222,1.1365971092660805,1.0,MANHATTAN,csl,INJURY,INJURY,805.0,663.5353614129153
1.248843845724156,124.28775331401243,1.6876092793459485,2.721406962125268,1.248843845724156,1.248843845724156,1.472563116401112,0.4387654336217923,72.0,11.0,13,0,6,0,0,0,3.0,0,40.646687328004695,-73.88205993731032,29.2,43,0.0,0.0,0.0,13,8.0,,0,0,1.3917198011616592,10.0,11.0,39.68533352814195,38.73060232089916,0.5,0.0,0.4,1.114406581676875,1.0,BROOKLYN,csl,INJMAJ,INJMAJ,400.0,482.7107771936701
