cell_id,n_incidents,weight,lat,lon,share,cell_km,cell_dlat,cell_dlon,nearest_post_id,response_s,within_threshold,response_from_graph
0,39,39.0,40.75326091935127,-73.99687694261122,0.012757605495583905,0.75,0.00678278799717836,0.008892042030043065,6,0.0,1,1
1,35,35.0,40.8827478241486,-73.86294154081229,0.01144913313706248,0.75,0.00678278799717836,0.008892042030043065,11,89.5,1,1
2,32,32.0,40.8364153147667,-73.92434858746252,0.01046777886817141,0.75,0.00678278799717836,0.008892042030043065,16,217.7,1,1
3,32,32.0,40.8430674002122,-73.86028456116749,0.01046777886817141,0.75,0.00678278799717836,0.008892042030043065,23,192.2,1,1
4,28,28.0,40.765580354271506,-73.98481783985811,0.009159306509649984,0.75,0.00678278799717836,0.008892042030043065,6,213.9,1,1
5,27,27.0,40.82910186821528,-73.908825856505,0.008832188420019628,0.75,0.00678278799717836,0.008892042030043065,17,96.0,1,1
6,26,26.0,40.863809891272545,-73.8899788068404,0.00850507033038927,0.75,0.00678278799717836,0.008892042030043065,2,63.2,1,1
7,26,26.0,40.69445404013637,-73.9900015403392,0.00850507033038927,0.75,0.00678278799717836,0.008892042030043065,10,175.1,1,1
8,25,25.0,40.847505592702326,-73.89779960294248,0.008177952240758913,0.75,0.00678278799717836,0.008892042030043065,2,154.9,1,1
9,25,25.0,40.75904799397618,-73.9896461393003,0.008177952240758913,0.75,0.00678278799717836,0.008892042030043065,6,114.5,1,1
10,23,23.0,40.829444883385534,-73.86495877452141,0.007523716061498201,0.75,0.00678278799717836,0.008892042030043065,23,184.4,1,1
11,22,22.0,40.826342055588746,-73.89192975149366,0.007196597971867844,0.75,0.00678278799717836,0.008892042030043065,17,209.5,1,1
12,21,21.0,40.576958945988395,-73.9911152881316,0.0068694798822374874,0.75,0.00678278799717836,0.008892042030043065,9,378.3,1,1
13,21,21.0,40.80642665844351,-73.91637496386856,0.0068694798822374874,0.75,0.00678278799717836,0.008892042030043065,17,260.2,1,1
14,20,20.0,40.8432905044743,-73.88267468011355,0.006542361792607131,0.75,0.00678278799717836,0.008892042030043065,2,270.1,1,1
15,20,20.0,40.67889148541447,-73.91599234718592,0.006542361792607131,0.75,0.00678278799717836,0.008892042030043065,8,257.7,1,1
16,19,19.0,40.79480634727466,-73.94376314583958,0.0062152437029767745,0.75,0.00678278799717836,0.008892042030043065,7,0.0,1,1
17,19,19.0,40.851677965998455,-73.91290216688478,0.0062152437029767745,0.75,0.00678278799717836,0.008892042030043065,16,224.5,1,1
18,19,19.0,40.863427996181294,-73.92493585412208,0.0062152437029767745,0.75,0.00678278799717836,0.008892042030043065,16,218.3,1,1
19,18,18.0,40.66743812394826,-73.87020142961504,0.005888125613346418,0.75,0.00678278799717836,0.008892042030043065,14,236.0,1,1
20,17,17.0,40.81972605274954,-73.92481000415546,0.005561007523716062,0.75,0.00678278799717836,0.008892042030043065,17,221.8,1,1
21,17,17.0,40.81449383952901,-73.90720115332797,0.005561007523716062,0.75,0.00678278799717836,0.008892042030043065,17,181.4,1,1
22,16,16.0,40.788565151875,-73.943512921875,0.005233889434085705,0.75,0.00678278799717836,0.008892042030043065,7,103.8,1,1
23,16,16.0,40.67294073139958,-73.89540892153462,0.005233889434085705,0.75,0.00678278799717836,0.008892042030043065,14,147.3,1,1
24,15,15.0,40.731564129238116,-73.99130849709958,0.004906771344455349,0.75,0.00678278799717836,0.008892042030043065,15,192.3,1,1
25,15,15.0,40.75287588661276,-73.97548384631668,0.004906771344455349,0.75,0.00678278799717836,0.008892042030043065,18,187.2,1,1
26,15,15.0,40.80088394924581,-73.9411583851232,0.004906771344455349,0.75,0.00678278799717836,0.008892042030043065,7,114.9,1,1
27,15,15.0,40.89219349480132,-73.8469656307355,0.004906771344455349,0.75,0.00678278799717836,0.008892042030043065,11,339.4,1,1
28,15,15.0,40.81614193802283,-73.94253834776147,0.004906771344455349,0.75,0.00678278799717836,0.008892042030043065,24,165.6,1,1
29,15,15.0,40.70703418299663,-74.01273712579193,0.004906771344455349,0.75,0.00678278799717836,0.008892042030043065,15,333.9,1,1
30,15,15.0,40.74511629601464,-73.97841243640286,0.004906771344455349,0.75,0.00678278799717836,0.008892042030043065,6,186.5,1,1
31,15,15.0,40.835278174,-73.90721465666667,0.004906771344455349,0.75,0.00678278799717836,0.008892042030043065,17,160.5,1,1
32,14,14.0,40.72204139994282,-74.00440379921076,0.004579653254824992,0.75,0.00678278799717836,0.008892042030043065,15,98.8,1,1
33,14,14.0,40.72042590214286,-73.99556415357142,0.004579653254824992,0.75,0.00678278799717836,0.008892042030043065,15,8.4,1,1
34,14,14.0,40.86947940831449,-73.89847048192894,0.004579653254824992,0.75,0.00678278799717836,0.008892042030043065,2,186.4,1,1
35,14,14.0,40.70049366357143,-73.91443797071429,0.004579653254824992,0.75,0.00678278799717836,0.008892042030043065,20,207.5,1,1
36,14,14.0,40.66448924620592,-73.9148422924399,0.004579653254824992,0.75,0.00678278799717836,0.008892042030043065,8,226.4,1,1
37,14,14.0,40.666024091428575,-73.89856277,0.004579653254824992,0.75,0.00678278799717836,0.008892042030043065,14,59.2,1,1
38,14,14.0,40.695719403896,-73.96696519395155,0.004579653254824992,0.75,0.00678278799717836,0.008892042030043065,10,261.6,1,1
39,14,14.0,40.74294148534245,-74.00115865781359,0.004579653254824992,0.75,0.00678278799717836,0.008892042030043065,6,180.7,1,1
40,14,14.0,40.808710738571435,-73.94163723714284,0.004579653254824992,0.75,0.00678278799717836,0.008892042030043065,24,151.4,1,1
41,13,13.0,40.823137473076926,-73.91534956692307,0.004252535165194635,0.75,0.00678278799717836,0.008892042030043065,17,67.9,1,1
42,13,13.0,40.76689729566023,-73.82416606335686,0.004252535165194635,0.75,0.00678278799717836,0.008892042030043065,12,115.8,1,1
43,13,13.0,40.69475117846154,-73.94148742384616,0.004252535165194635,0.75,0.00678278799717836,0.008892042030043065,20,71.1,1,1
44,13,13.0,40.60542445896916,-73.75363596703477,0.004252535165194635,0.75,0.00678278799717836,0.008892042030043065,13,288.0,1,1
45,13,13.0,40.62576354335876,-73.94439549249944,0.004252535165194635,0.75,0.00678278799717836,0.008892042030043065,3,170.8,1,1
46,13,13.0,40.66757911387556,-73.7525149800106,0.004252535165194635,0.75,0.00678278799717836,0.008892042030043065,4,410.2,1,1
47,13,13.0,40.81477137807787,-73.95226737109773,0.004252535165194635,0.75,0.00678278799717836,0.008892042030043065,24,62.8,1,1
48,13,13.0,40.58390802101884,-73.92225171655224,0.004252535165194635,0.75,0.00678278799717836,0.008892042030043065,9,190.9,1,1
49,13,13.0,40.72723350538461,-73.9784431023077,0.004252535165194635,0.75,0.00678278799717836,0.008892042030043065,15,252.5,1,1
50,13,13.0,40.701864225074736,-73.94132968821086,0.004252535165194635,0.75,0.00678278799717836,0.008892042030043065,20,105.2,1,1
51,12,12.0,40.720468376666666,-73.98672041333333,0.003925417075564278,0.75,0.00678278799717836,0.008892042030043065,15,116.1,1,1
52,12,12.0,40.81647200115478,-73.86041375461178,0.003925417075564278,0.75,0.00678278799717836,0.008892042030043065,23,322.9,1,1
53,12,12.0,40.66533567416666,-73.90669223249999,0.003925417075564278,0.75,0.00678278799717836,0.008892042030043065,14,185.3,1,1
54,12,12.0,40.658344376091534,-73.79440505498604,0.003925417075564278,0.75,0.00678278799717836,0.008892042030043065,4,276.2,1,1
55,12,12.0,40.835070485833334,-73.94098103333333,0.003925417075564278,0.75,0.00678278799717836,0.008892042030043065,16,203.0,1,1
56,12,12.0,40.62235786354158,-73.96565043616631,0.003925417075564278,0.75,0.00678278799717836,0.008892042030043065,3,337.4,1,1
57,12,12.0,40.72765237916666,-73.9950145275,0.003925417075564278,0.75,0.00678278799717836,0.008892042030043065,15,130.8,1,1
58,12,12.0,40.8265294504822,-73.82747828284283,0.003925417075564278,0.75,0.00678278799717836,0.008892042030043065,23,328.9,1,1
59,12,12.0,40.84849358,-73.9339167075,0.003925417075564278,0.75,0.00678278799717836,0.008892042030043065,16,25.7,1,1
60,12,12.0,40.87810784955435,-73.90739752599306,0.003925417075564278,0.75,0.00678278799717836,0.008892042030043065,2,342.4,1,1
61,12,12.0,40.71351377926091,-73.9872002145702,0.003925417075564278,0.75,0.00678278799717836,0.008892042030043065,15,182.4,1,1
62,12,12.0,40.77456992111079,-73.95151894606948,0.003925417075564278,0.75,0.00678278799717836,0.008892042030043065,18,192.3,1,1
63,12,12.0,40.822117515833334,-73.942566755,0.003925417075564278,0.75,0.00678278799717836,0.008892042030043065,24,209.0,1,1
64,12,12.0,40.68133249336041,-73.97935076700126,0.003925417075564278,0.75,0.00678278799717836,0.008892042030043065,10,90.1,1,1
65,12,12.0,40.80150515916667,-73.9604394525,0.003925417075564278,0.75,0.00678278799717836,0.008892042030043065,24,184.8,1,1
66,12,12.0,40.87003588077933,-73.84751155607768,0.003925417075564278,0.75,0.00678278799717836,0.008892042030043065,11,192.3,1,1
67,12,12.0,40.692764182788785,-73.9251461245501,0.003925417075564278,0.75,0.00678278799717836,0.008892042030043065,20,111.3,1,1
68,11,11.0,40.70066496798566,-73.80838338566083,0.003598298985933922,0.75,0.00678278799717836,0.008892042030043065,21,120.6,1,1
69,11,11.0,40.639994739197846,-73.90023555275353,0.003598298985933922,0.75,0.00678278799717836,0.008892042030043065,14,406.3,1,1
70,11,11.0,40.815328753636365,-73.91512232272727,0.003598298985933922,0.75,0.00678278799717836,0.008892042030043065,17,148.6,1,1
71,11,11.0,40.73348202818182,-73.98776399909092,0.003598298985933922,0.75,0.00678278799717836,0.008892042030043065,15,190.4,1,1
72,11,11.0,40.82169048454546,-73.89706885545455,0.003598298985933922,0.75,0.00678278799717836,0.008892042030043065,17,129.5,1,1
73,11,11.0,40.788944266363636,-73.94886428,0.003598298985933922,0.75,0.00678278799717836,0.008892042030043065,7,83.0,1,1
74,11,11.0,40.79599368545455,-73.94827460636363,0.003598298985933922,0.75,0.00678278799717836,0.008892042030043065,7,49.4,1,1
75,11,11.0,40.63754347727273,-73.94472176636363,0.003598298985933922,0.75,0.00678278799717836,0.008892042030043065,3,78.0,1,1
76,11,11.0,40.81035003636364,-73.95043699727272,0.003598298985933922,0.75,0.00678278799717836,0.008892042030043065,24,45.7,1,1
77,11,11.0,40.84574656747069,-73.83917046952729,0.003598298985933922,0.75,0.00678278799717836,0.008892042030043065,23,247.8,1,1
78,10,10.0,40.856641019,-73.90476621100001,0.0032711808963035655,0.75,0.00678278799717836,0.008892042030043065,2,170.0,1,1
79,10,10.0,40.774807189,-73.958172418,0.0032711808963035655,0.75,0.00678278799717836,0.008892042030043065,18,139.8,1,1
80,10,10.0,40.870073658,-73.887954762,0.0032711808963035655,0.75,0.00678278799717836,0.008892042030043065,2,174.7,1,1
81,10,10.0,40.796553552,-73.93505189300001,0.0032711808963035655,0.75,0.00678278799717836,0.008892042030043065,7,123.1,1,1
82,10,10.0,40.666206561,-73.880247895,0.0032711808963035655,0.75,0.00678278799717836,0.008892042030043065,14,171.2,1,1
83,10,10.0,40.6022966861846,-73.94738226148061,0.0032711808963035655,0.75,0.00678278799717836,0.008892042030043065,9,364.9,1,1
84,10,10.0,40.64617470609521,-73.95744806633311,0.0032711808963035655,0.75,0.00678278799717836,0.008892042030043065,3,145.6,1,1
85,10,10.0,40.767332177,-73.968254141,0.0032711808963035655,0.75,0.00678278799717836,0.008892042030043065,18,62.2,1,1
86,10,10.0,40.713644000681384,-73.79199331115481,0.0032711808963035655,0.75,0.00678278799717836,0.008892042030043065,21,165.6,1,1
87,10,10.0,40.854825848000004,-73.897267446,0.0032711808963035655,0.75,0.00678278799717836,0.008892042030043065,2,93.9,1,1
88,10,10.0,40.58434612826166,-73.94889917083387,0.0032711808963035655,0.75,0.00678278799717836,0.008892042030043065,9,105.8,1,1
89,9,9.0,40.78102439888889,-73.97865253111111,0.002944062806673209,0.75,0.00678278799717836,0.008892042030043065,18,284.0,1,1
90,9,9.0,40.822720178888886,-73.90508392222222,0.002944062806673209,0.75,0.00678278799717836,0.008892042030043065,17,29.7,1,1
91,9,9.0,40.59841924364046,-73.99625356427286,0.002944062806673209,0.75,0.00678278799717836,0.008892042030043065,9,325.6,1,1
92,9,9.0,40.780080813333335,-73.95054677555555,0.002944062806673209,0.75,0.00678278799717836,0.008892042030043065,7,219.5,1,1
93,9,9.0,40.82863895317649,-73.94247320957388,0.002944062806673209,0.75,0.00678278799717836,0.008892042030043065,16,228.4,1,1
94,9,9.0,40.75082323785512,-73.82074210024575,0.002944062806673209,0.75,0.00678278799717836,0.008892042030043065,12,150.0,1,1
95,9,9.0,40.80720991777778,-73.92303472333333,0.002944062806673209,0.75,0.00678278799717836,0.008892042030043065,7,270.9,1,1
96,9,9.0,40.86229523222222,-73.89797834555556,0.002944062806673209,0.75,0.00678278799717836,0.008892042030043065,2,90.4,1,1
97,9,9.0,40.70040854333334,-73.79941343888889,0.002944062806673209,0.75,0.00678278799717836,0.008892042030043065,21,171.3,1,1
98,9,9.0,40.762534314444444,-73.96157835555556,0.002944062806673209,0.75,0.00678278799717836,0.008892042030043065,18,99.7,1,1
99,9,9.0,40.67876964111111,-73.88890160111112,0.002944062806673209,0.75,0.00678278799717836,0.008892042030043065,14,246.0,1,1
100,9,9.0,40.67188096444445,-73.87201608666666,0.002944062806673209,0.75,0.00678278799717836,0.008892042030043065,14,299.3,1,1
101,9,9.0,40.70651880888889,-73.79897394777778,0.002944062806673209,0.75,0.00678278799717836,0.008892042030043065,21,70.4,1,1
102,9,9.0,40.801375,-73.93516552666667,0.002944062806673209,0.75,0.00678278799717836,0.008892042030043065,7,152.2,1,1
103,9,9.0,40.81331141222223,-73.92356457444446,0.002944062806673209,0.75,0.00678278799717836,0.008892042030043065,17,203.8,1,1
104,9,9.0,40.72669768777777,-73.98733719333333,0.002944062806673209,0.75,0.00678278799717836,0.008892042030043065,15,142.8,1,1
105,9,9.0,40.82253883222222,-73.9513101911111,0.002944062806673209,0.75,0.00678278799717836,0.008892042030043065,24,164.5,1,1
106,9,9.0,40.75810645685221,-73.9682197312134,0.002944062806673209,0.75,0.00678278799717836,0.008892042030043065,18,120.9,1,1
107,8,8.0,40.66597915875,-73.9335386675,0.0026169447170428526,0.75,0.00678278799717836,0.008892042030043065,8,65.9,1,1
108,8,8.0,40.687995775000005,-73.99372894875,0.0026169447170428526,0.75,0.00678278799717836,0.008892042030043065,10,134.7,1,1
109,8,8.0,40.67835888497996,-73.96151538664083,0.0026169447170428526,0.75,0.00678278799717836,0.008892042030043065,10,245.7,1,1
110,8,8.0,40.768311085,-73.96066956,0.0026169447170428526,0.75,0.00678278799717836,0.008892042030043065,18,54.2,1,1
111,8,8.0,40.782475197500005,-73.91591189249999,0.0026169447170428526,0.75,0.00678278799717836,0.008892042030043065,22,231.7,1,1
112,8,8.0,40.84226271625,-73.88676927624999,0.0026169447170428526,0.75,0.00678278799717836,0.008892042030043065,2,271.7,1,1
113,8,8.0,40.77454582625,-73.9860493575,0.0026169447170428526,0.75,0.00678278799717836,0.008892042030043065,18,242.8,1,1
114,8,8.0,40.61718575734298,-74.01343786848174,0.0026169447170428526,0.75,0.00678278799717836,0.008892042030043065,19,251.6,1,1
115,8,8.0,40.85657843586918,-73.93189948212185,0.0026169447170428526,0.75,0.00678278799717836,0.008892042030043065,16,126.7,1,1
116,8,8.0,40.795464662499995,-73.9670405925,0.0026169447170428526,0.75,0.00678278799717836,0.008892042030043065,24,274.0,1,1
117,8,8.0,40.74703008777138,-73.94131884879768,0.0026169447170428526,0.75,0.00678278799717836,0.008892042030043065,22,264.4,1,1
118,8,8.0,40.71466798125,-73.99407673625001,0.0026169447170428526,0.75,0.00678278799717836,0.008892042030043065,15,127.7,1,1
119,8,8.0,40.65240835875,-73.95785135375,0.0026169447170428526,0.75,0.00678278799717836,0.008892042030043065,3,219.7,1,1
120,8,8.0,40.721020005,-73.97799502375,0.0026169447170428526,0.75,0.00678278799717836,0.008892042030043065,15,218.8,1,1
121,8,8.0,40.740043657349695,-73.87959127394578,0.0026169447170428526,0.75,0.00678278799717836,0.008892042030043065,1,183.7,1,1
122,8,8.0,40.692600585,-73.9335851825,0.0026169447170428526,0.75,0.00678278799717836,0.008892042030043065,20,64.3,1,1
123,8,8.0,40.842674325,-73.91459090375,0.0026169447170428526,0.75,0.00678278799717836,0.008892042030043065,16,184.0,1,1
124,7,7.0,40.596669956505494,-73.97224931207587,0.002289826627412496,0.75,0.00678278799717836,0.008892042030043065,9,323.0,1,1
125,7,7.0,40.86932402428572,-73.91712827285713,0.002289826627412496,0.75,0.00678278799717836,0.008892042030043065,16,321.8,1,1
126,7,7.0,40.71431915948528,-74.00563002810757,0.002289826627412496,0.75,0.00678278799717836,0.008892042030043065,15,160.6,1,1
127,7,7.0,40.86881432070407,-73.82689332289992,0.002289826627412496,0.75,0.00678278799717836,0.008892042030043065,11,388.8,1,1
128,7,7.0,40.592790593134154,-73.78910245859757,0.002289826627412496,0.75,0.00678278799717836,0.008892042030043065,13,113.5,1,1
129,7,7.0,40.66769053714285,-73.86494353857142,0.002289826627412496,0.75,0.00678278799717836,0.008892042030043065,14,287.4,1,1
130,7,7.0,40.77349183774128,-73.92447823209227,0.002289826627412496,0.75,0.00678278799717836,0.008892042030043065,22,73.4,1,1
131,7,7.0,40.7116469249824,-73.9578232477929,0.002289826627412496,0.75,0.00678278799717836,0.008892042030043065,20,295.0,1,1
132,7,7.0,40.646156228571435,-73.95075368714286,0.002289826627412496,0.75,0.00678278799717836,0.008892042030043065,3,158.0,1,1
133,7,7.0,40.73951593818034,-73.98310125567376,0.002289826627412496,0.75,0.00678278799717836,0.008892042030043065,6,255.3,1,1
134,7,7.0,40.70177549660377,-73.92212319142183,0.002289826627412496,0.75,0.00678278799717836,0.008892042030043065,20,139.4,1,1
135,7,7.0,40.788599961428574,-73.97655334714285,0.002289826627412496,0.75,0.00678278799717836,0.008892042030043065,18,373.6,1,1
136,7,7.0,40.80090568522021,-73.95212822371785,0.002289826627412496,0.75,0.00678278799717836,0.008892042030043065,7,150.6,1,1
137,7,7.0,40.773771988571426,-73.93427094571429,0.002289826627412496,0.75,0.00678278799717836,0.008892042030043065,22,108.4,1,1
138,7,7.0,40.747963500000004,-73.87072107714286,0.002289826627412496,0.75,0.00678278799717836,0.008892042030043065,1,28.6,1,1
139,7,7.0,40.85136932857143,-73.92293622714286,0.002289826627412496,0.75,0.00678278799717836,0.008892042030043065,16,230.6,1,1
140,7,7.0,40.60749476247082,-74.08705977048525,0.002289826627412496,0.75,0.00678278799717836,0.008892042030043065,5,159.7,1,1
141,7,7.0,40.74817535285714,-73.88165743285715,0.002289826627412496,0.75,0.00678278799717836,0.008892042030043065,1,80.9,1,1
142,7,7.0,40.66444853211873,-73.95129950375926,0.002289826627412496,0.75,0.00678278799717836,0.008892042030043065,8,214.9,1,1
143,7,7.0,40.69298474055938,-73.85721954025291,0.002289826627412496,0.75,0.00678278799717836,0.008892042030043065,21,520.5,0,1
144,7,7.0,40.75049490986654,-73.85135725025104,0.002289826627412496,0.75,0.00678278799717836,0.008892042030043065,1,227.4,1,1
145,7,7.0,40.808533402857144,-73.95998212285714,0.002289826627412496,0.75,0.00678278799717836,0.008892042030043065,24,84.2,1,1
146,7,7.0,40.633524082498134,-73.99532502064787,0.002289826627412496,0.75,0.00678278799717836,0.008892042030043065,19,73.6,1,1
147,7,7.0,40.68558437714286,-73.92256005285715,0.002289826627412496,0.75,0.00678278799717836,0.008892042030043065,20,191.7,1,1
148,7,7.0,40.84937820857143,-73.88804709857142,0.002289826627412496,0.75,0.00678278799717836,0.008892042030043065,2,183.9,1,1
149,7,7.0,40.62070083116738,-74.03103605792458,0.002289826627412496,0.75,0.00678278799717836,0.008892042030043065,19,439.5,1,1
150,7,7.0,40.87037423571429,-73.87894988000001,0.002289826627412496,0.75,0.00678278799717836,0.008892042030043065,11,170.7,1,1
151,6,6.0,40.71887825833333,-73.93955856166667,0.001962708537782139,0.75,0.00678278799717836,0.008892042030043065,20,323.9,1,1
152,6,6.0,40.67921069833333,-73.89571884,0.001962708537782139,0.75,0.00678278799717836,0.008892042030043065,14,193.1,1,1
153,6,6.0,40.7006359620377,-73.83424831029764,0.001962708537782139,0.75,0.00678278799717836,0.008892042030043065,21,272.7,1,1
154,6,6.0,40.67409555,-73.90643192666666,0.001962708537782139,0.75,0.00678278799717836,0.008892042030043065,14,254.3,1,1
155,6,6.0,40.774549076666666,-73.98026289166667,0.001962708537782139,0.75,0.00678278799717836,0.008892042030043065,18,224.5,1,1
156,6,6.0,40.62100995619608,-73.98593371737667,0.001962708537782139,0.75,0.00678278799717836,0.008892042030043065,19,163.9,1,1
157,6,6.0,40.7540490746108,-73.88187383094122,0.001962708537782139,0.75,0.00678278799717836,0.008892042030043065,1,182.1,1,1
158,6,6.0,40.65877991833333,-73.8868408,0.001962708537782139,0.75,0.00678278799717836,0.008892042030043065,14,112.1,1,1
159,6,6.0,40.65278188333333,-73.95075411,0.001962708537782139,0.75,0.00678278799717836,0.008892042030043065,3,201.2,1,1
160,6,6.0,40.66004444666667,-73.88114826166667,0.001962708537782139,0.75,0.00678278799717836,0.008892042030043065,14,208.5,1,1
161,6,6.0,40.685168183860064,-73.84723972246317,0.001962708537782139,0.75,0.00678278799717836,0.008892042030043065,4,474.8,1,1
162,6,6.0,40.659872416666666,-73.905731475,0.001962708537782139,0.75,0.00678278799717836,0.008892042030043065,14,201.8,1,1
163,6,6.0,40.82957737,-73.93607029166667,0.001962708537782139,0.75,0.00678278799717836,0.008892042030043065,16,197.7,1,1
164,6,6.0,40.64080757417517,-74.0193057991858,0.001962708537782139,0.75,0.00678278799717836,0.008892042030043065,19,311.2,1,1
165,6,6.0,40.73281117763049,-74.0053064619005,0.001962708537782139,0.75,0.00678278799717836,0.008892042030043065,15,229.3,1,1
166,6,6.0,40.84985606,-73.90464619166666,0.001962708537782139,0.75,0.00678278799717836,0.008892042030043065,2,186.4,1,1
167,6,6.0,40.67488615,-73.88890127500001,0.001962708537782139,0.75,0.00678278799717836,0.008892042030043065,14,192.1,1,1
168,6,6.0,40.835452616666664,-73.88901159333334,0.001962708537782139,0.75,0.00678278799717836,0.008892042030043065,17,249.1,1,1
169,6,6.0,40.86824732,-73.9235415,0.001962708537782139,0.75,0.00678278799717836,0.008892042030043065,16,277.7,1,1
170,6,6.0,40.712996675,-74.00980526166667,0.001962708537782139,0.75,0.00678278799717836,0.008892042030043065,15,226.3,1,1
171,6,6.0,40.63152225666666,-74.00651732,0.001962708537782139,0.75,0.00678278799717836,0.008892042030043065,19,156.2,1,1
172,6,6.0,40.68057434035415,-73.94874319629757,0.001962708537782139,0.75,0.00678278799717836,0.008892042030043065,8,286.5,1,1
173,6,6.0,40.69332517,-73.95943243166667,0.001962708537782139,0.75,0.00678278799717836,0.008892042030043065,20,244.3,1,1
174,6,6.0,40.72929538352003,-73.82685432454467,0.001962708537782139,0.75,0.00678278799717836,0.008892042030043065,21,339.4,1,1
175,6,6.0,40.88269104166667,-73.85135554,0.001962708537782139,0.75,0.00678278799717836,0.008892042030043065,11,228.9,1,1
176,6,6.0,40.672110281201846,-73.9345003935561,0.001962708537782139,0.75,0.00678278799717836,0.008892042030043065,8,69.3,1,1
177,6,6.0,40.801257645,-73.96700561333334,0.001962708537782139,0.75,0.00678278799717836,0.008892042030043065,24,226.6,1,1
178,6,6.0,40.714694975,-73.97869911333333,0.001962708537782139,0.75,0.00678278799717836,0.008892042030043065,15,190.6,1,1
179,6,6.0,40.82783459833333,-73.94914252333332,0.001962708537782139,0.75,0.00678278799717836,0.008892042030043065,24,203.0,1,1
180,6,6.0,40.625345685000006,-74.07800271166667,0.001962708537782139,0.75,0.00678278799717836,0.008892042030043065,5,261.6,1,1
181,5,5.0,40.719576154,-74.010551866,0.0016355904481517827,0.75,0.00678278799717836,0.008892042030043065,15,226.0,1,1
182,5,5.0,40.829125492,-73.923755052,0.0016355904481517827,0.75,0.00678278799717836,0.008892042030043065,17,185.6,1,1
183,5,5.0,40.762125522000005,-73.909360238,0.0016355904481517827,0.75,0.00678278799717836,0.008892042030043065,22,237.6,1,1
184,5,5.0,40.854957864,-73.915294604,0.0016355904481517827,0.75,0.00678278799717836,0.008892042030043065,16,255.7,1,1
185,5,5.0,40.631572882,-73.97834427000001,0.0016355904481517827,0.75,0.00678278799717836,0.008892042030043065,19,266.8,1,1
186,5,5.0,40.86273234,-73.905615214,0.0016355904481517827,0.75,0.00678278799717836,0.008892042030043065,2,155.2,1,1
187,5,5.0,40.756026196,-73.87041540999999,0.0016355904481517827,0.75,0.00678278799717836,0.008892042030043065,1,148.6,1,1
188,5,5.0,40.617759562,-74.08225304,0.0016355904481517827,0.75,0.00678278799717836,0.008892042030043065,5,148.1,1,1
189,5,5.0,40.821552092000005,-73.934365276,0.0016355904481517827,0.75,0.00678278799717836,0.008892042030043065,24,283.1,1,1
190,5,5.0,40.71570987110819,-73.76418601720441,0.0016355904481517827,0.75,0.00678278799717836,0.008892042030043065,21,372.8,1,1
191,5,5.0,40.840858003304234,-73.94217533113965,0.0016355904481517827,0.75,0.00678278799717836,0.008892042030043065,16,179.8,1,1
192,5,5.0,40.89518159734686,-73.87185745378329,0.0016355904481517827,0.75,0.00678278799717836,0.008892042030043065,11,316.9,1,1
193,5,5.0,40.578450806,-73.989657978,0.0016355904481517827,0.75,0.00678278799717836,0.008892042030043065,9,321.6,1,1
194,5,5.0,40.726873246000004,-74.00448323399999,0.0016355904481517827,0.75,0.00678278799717836,0.008892042030043065,15,139.2,1,1
195,5,5.0,40.877886763999996,-73.862317908,0.0016355904481517827,0.75,0.00678278799717836,0.008892042030043065,11,69.8,1,1
196,5,5.0,40.694302826,-73.99497821,0.0016355904481517827,0.75,0.00678278799717836,0.008892042030043065,10,247.5,1,1
197,5,5.0,40.723721868262075,-73.8622223191579,0.0016355904481517827,0.75,0.00678278799717836,0.008892042030043065,1,418.3,1,1
198,5,5.0,40.712815762000005,-73.949780632,0.0016355904481517827,0.75,0.00678278799717836,0.008892042030043065,20,260.4,1,1
199,5,5.0,40.598562466,-73.763157028,0.0016355904481517827,0.75,0.00678278799717836,0.008892042030043065,13,201.4,1,1
200,5,5.0,40.69433063,-73.949174796,0.0016355904481517827,0.75,0.00678278799717836,0.008892042030043065,20,143.7,1,1
201,5,5.0,40.619768156,-74.07645794,0.0016355904481517827,0.75,0.00678278799717836,0.008892042030043065,5,209.4,1,1
202,5,5.0,40.59316269,-73.934290296,0.0016355904481517827,0.75,0.00678278799717836,0.008892042030043065,9,295.8,1,1
203,5,5.0,40.640339018,-74.092917632,0.0016355904481517827,0.75,0.00678278799717836,0.008892042030043065,5,595.7,0,1
204,5,5.0,40.66003955050017,-73.73509073818687,0.0016355904481517827,0.75,0.00678278799717836,0.008892042030043065,4,538.6,0,1
205,5,5.0,40.667303896,-73.956287962,0.0016355904481517827,0.75,0.00678278799717836,0.008892042030043065,8,229.4,1,1
206,5,5.0,40.747907167273,-73.904827838917,0.0016355904481517827,0.75,0.00678278799717836,0.008892042030043065,1,315.7,1,1
207,5,5.0,40.66689193,-73.888271294,0.0016355904481517827,0.75,0.00678278799717836,0.008892042030043065,14,128.3,1,1
208,5,5.0,40.666549076,-73.98784705400001,0.0016355904481517827,0.75,0.00678278799717836,0.008892042030043065,10,314.2,1,1
209,5,5.0,40.661199044,-73.94213482800001,0.0016355904481517827,0.75,0.00678278799717836,0.008892042030043065,8,235.2,1,1
210,5,5.0,40.883016722,-73.907447158,0.0016355904481517827,0.75,0.00678278799717836,0.008892042030043065,2,413.2,1,1
211,5,5.0,40.747460065999995,-73.889310832,0.0016355904481517827,0.75,0.00678278799717836,0.008892042030043065,1,191.2,1,1
212,5,5.0,40.671449846,-73.952104088,0.0016355904481517827,0.75,0.00678278799717836,0.008892042030043065,8,197.8,1,1
213,5,5.0,40.761127354,-73.915478842,0.0016355904481517827,0.75,0.00678278799717836,0.008892042030043065,22,216.8,1,1
214,5,5.0,40.836095295999996,-73.877668448,0.0016355904481517827,0.75,0.00678278799717836,0.008892042030043065,16,311.8,1,1
215,5,5.0,40.645683676,-74.084363474,0.0016355904481517827,0.75,0.00678278799717836,0.008892042030043065,5,638.9,0,1
216,5,5.0,40.71398934,-73.942284432,0.0016355904481517827,0.75,0.00678278799717836,0.008892042030043065,20,244.4,1,1
217,5,5.0,40.69763496103606,-73.78841730499121,0.0016355904481517827,0.75,0.00678278799717836,0.008892042030043065,21,237.0,1,1
218,5,5.0,40.68692357,-73.932819746,0.0016355904481517827,0.75,0.00678278799717836,0.008892042030043065,20,148.8,1,1
219,5,5.0,40.762247648000006,-73.933131562,0.0016355904481517827,0.75,0.00678278799717836,0.008892042030043065,22,52.9,1,1
220,5,5.0,40.688012459014544,-73.82479955087103,0.0016355904481517827,0.75,0.00678278799717836,0.008892042030043065,4,358.6,1,1
221,5,5.0,40.64570903,-74.004670916,0.0016355904481517827,0.75,0.00678278799717836,0.008892042030043065,19,313.0,1,1
222,5,5.0,40.766936720000004,-73.919998926,0.0016355904481517827,0.75,0.00678278799717836,0.008892042030043065,22,119.9,1,1
223,5,5.0,40.701433216000005,-73.907299028,0.0016355904481517827,0.75,0.00678278799717836,0.008892042030043065,20,254.6,1,1
224,5,5.0,40.72170321178758,-73.74052356329733,0.0016355904481517827,0.75,0.00678278799717836,0.008892042030043065,21,620.9,0,1
225,5,5.0,40.708208914,-73.95316205399999,0.0016355904481517827,0.75,0.00678278799717836,0.008892042030043065,20,223.9,1,1
226,5,5.0,40.89722244,-73.854600366,0.0016355904481517827,0.75,0.00678278799717836,0.008892042030043065,11,253.5,1,1
227,5,5.0,40.747609076,-73.91494271,0.0016355904481517827,0.75,0.00678278799717836,0.008892042030043065,22,429.7,1,1
228,5,5.0,40.834360042,-73.91519409200001,0.0016355904481517827,0.75,0.00678278799717836,0.008892042030043065,17,171.5,1,1
229,5,5.0,40.836551108,-73.90003687,0.0016355904481517827,0.75,0.00678278799717836,0.008892042030043065,17,195.8,1,1
230,5,5.0,40.75544015199999,-73.946805294,0.0016355904481517827,0.75,0.00678278799717836,0.008892042030043065,22,211.8,1,1
231,5,5.0,40.833960126,-73.929934946,0.0016355904481517827,0.75,0.00678278799717836,0.008892042030043065,16,248.4,1,1
232,5,5.0,40.877383822,-73.867617366,0.0016355904481517827,0.75,0.00678278799717836,0.008892042030043065,11,25.3,1,1
233,5,5.0,40.84399435,-73.89538148199999,0.0016355904481517827,0.75,0.00678278799717836,0.008892042030043065,23,247.3,1,1
234,5,5.0,40.679894966,-73.995748106,0.0016355904481517827,0.75,0.00678278799717836,0.008892042030043065,10,258.2,1,1
235,5,5.0,40.733655934,-73.95119846,0.0016355904481517827,0.75,0.00678278799717836,0.008892042030043065,22,440.9,1,1
236,5,5.0,40.740367282,-73.855325998,0.0016355904481517827,0.75,0.00678278799717836,0.008892042030043065,1,282.0,1,1
237,4,4.0,40.768805225,-73.95232246,0.0013084723585214263,0.75,0.00678278799717836,0.008892042030043065,18,169.0,1,1
238,4,4.0,40.80751034,-73.9666020925,0.0013084723585214263,0.75,0.00678278799717836,0.008892042030043065,24,186.7,1,1
239,4,4.0,40.738476392500004,-73.756157705,0.0013084723585214263,0.75,0.00678278799717836,0.008892042030043065,21,630.4,0,1
240,4,4.0,40.6747040725,-73.924951905,0.0013084723585214263,0.75,0.00678278799717836,0.008892042030043065,8,143.8,1,1
241,4,4.0,40.81427254,-73.957411335,0.0013084723585214263,0.75,0.00678278799717836,0.008892042030043065,24,45.4,1,1
242,4,4.0,40.72778394518997,-73.95215828725713,0.0013084723585214263,0.75,0.00678278799717836,0.008892042030043065,20,478.7,1,1
243,4,4.0,40.62485147417277,-74.09615973769871,0.0013084723585214263,0.75,0.00678278799717836,0.008892042030043065,5,313.6,1,1
244,4,4.0,40.8239186225,-73.8683927325,0.0013084723585214263,0.75,0.00678278799717836,0.008892042030043065,23,270.9,1,1
245,4,4.0,40.579293109999995,-73.844585455,0.0013084723585214263,0.75,0.00678278799717836,0.008892042030043065,13,611.4,0,1
246,4,4.0,40.790301507500004,-73.9693868525,0.0013084723585214263,0.75,0.00678278799717836,0.008892042030043065,7,341.7,1,1
247,4,4.0,40.70073311749999,-73.99375829,0.0013084723585214263,0.75,0.00678278799717836,0.008892042030043065,10,286.2,1,1
248,4,4.0,40.6936915975,-73.790762955,0.0013084723585214263,0.75,0.00678278799717836,0.008892042030043065,21,256.8,1,1
249,4,4.0,40.639051009999996,-74.0040647,0.0013084723585214263,0.75,0.00678278799717836,0.008892042030043065,19,166.4,1,1
250,4,4.0,40.70014749044873,-73.8888197777849,0.0013084723585214263,0.75,0.00678278799717836,0.008892042030043065,20,409.4,1,1
251,4,4.0,40.596529707500004,-73.753244165,0.0013084723585214263,0.75,0.00678278799717836,0.008892042030043065,13,265.2,1,1
252,4,4.0,40.7089482604644,-74.0050207604009,0.0013084723585214263,0.75,0.00678278799717836,0.008892042030043065,15,263.3,1,1
253,4,4.0,40.70559636,-73.924989115,0.0013084723585214263,0.75,0.00678278799717836,0.008892042030043065,20,190.3,1,1
254,4,4.0,40.708292405,-73.958655805,0.0013084723585214263,0.75,0.00678278799717836,0.008892042030043065,20,248.5,1,1
255,4,4.0,40.67832962,-73.8809240675,0.0013084723585214263,0.75,0.00678278799717836,0.008892042030043065,14,294.7,1,1
256,4,4.0,40.6850926,-73.87896757749999,0.0013084723585214263,0.75,0.00678278799717836,0.008892042030043065,14,405.0,1,1
257,4,4.0,40.574866847218075,-74.12491175116226,0.0013084723585214263,0.75,0.00678278799717836,0.008892042030043065,5,587.6,0,1
258,4,4.0,40.646962147001176,-73.88056845932758,0.0013084723585214263,0.75,0.00678278799717836,0.008892042030043065,14,264.7,1,1
259,4,4.0,40.6862544875,-73.9714965825,0.0013084723585214263,0.75,0.00678278799717836,0.008892042030043065,10,116.9,1,1
260,4,4.0,40.89675526401328,-73.89812952999792,0.0013084723585214263,0.75,0.00678278799717836,0.008892042030043065,11,482.9,0,1
261,4,4.0,40.727838392500004,-73.86001901,0.0013084723585214263,0.75,0.00678278799717836,0.008892042030043065,1,343.4,1,1
262,4,4.0,40.726432772500004,-73.8532189025,0.0013084723585214263,0.75,0.00678278799717836,0.008892042030043065,1,399.2,1,1
263,4,4.0,40.7480242225,-73.8627469475,0.0013084723585214263,0.75,0.00678278799717836,0.008892042030043065,1,149.4,1,1
264,4,4.0,40.8098823025,-73.9323563325,0.0013084723585214263,0.75,0.00678278799717836,0.008892042030043065,24,315.9,1,1
265,4,4.0,40.8486059375,-73.93921371249999,0.0013084723585214263,0.75,0.00678278799717836,0.008892042030043065,16,83.0,1,1
266,4,4.0,40.896700405,-73.8607808575,0.0013084723585214263,0.75,0.00678278799717836,0.008892042030043065,11,176.6,1,1
267,4,4.0,40.632196617716986,-74.13695478968205,0.0013084723585214263,0.75,0.00678278799717836,0.008892042030043065,5,600.4,0,1
268,4,4.0,40.854250875,-73.8874509125,0.0013084723585214263,0.75,0.00678278799717836,0.008892042030043065,2,102.5,1,1
269,4,4.0,40.70757772,-73.92883747,0.0013084723585214263,0.75,0.00678278799717836,0.008892042030043065,20,198.9,1,1
270,4,4.0,40.54403484180625,-74.18051371797456,0.0013084723585214263,0.75,0.00678278799717836,0.008892042030043065,5,1037.1,0,1
271,4,4.0,40.6539387625,-73.941617855,0.0013084723585214263,0.75,0.00678278799717836,0.008892042030043065,3,290.5,1,1
272,4,4.0,40.89050376,-73.85922972,0.0013084723585214263,0.75,0.00678278799717836,0.008892042030043065,11,196.0,1,1
273,4,4.0,40.751494282500005,-73.88747133999999,0.0013084723585214263,0.75,0.00678278799717836,0.008892042030043065,1,209.2,1,1
274,4,4.0,40.8223567925,-73.864161335,0.0013084723585214263,0.75,0.00678278799717836,0.008892042030043065,23,264.8,1,1
275,4,4.0,40.68596094,-73.87034749,0.0013084723585214263,0.75,0.00678278799717836,0.008892042030043065,14,456.3,1,1
276,4,4.0,40.680291065,-73.924595645,0.0013084723585214263,0.75,0.00678278799717836,0.008892042030043065,8,183.3,1,1
277,4,4.0,40.706158682499996,-73.7914808875,0.0013084723585214263,0.75,0.00678278799717836,0.008892042030043065,21,160.3,1,1
278,4,4.0,40.672307185,-73.95921915,0.0013084723585214263,0.75,0.00678278799717836,0.008892042030043065,8,252.9,1,1
279,4,4.0,40.7064067475,-73.8087224225,0.0013084723585214263,0.75,0.00678278799717836,0.008892042030043065,21,38.9,1,1
280,4,4.0,40.67919369,-73.9336605325,0.0013084723585214263,0.75,0.00678278799717836,0.008892042030043065,8,167.2,1,1
281,4,4.0,40.746057435,-73.92096422750001,0.0013084723585214263,0.75,0.00678278799717836,0.008892042030043065,22,395.6,1,1
282,4,4.0,40.5786498725,-73.83522575,0.0013084723585214263,0.75,0.00678278799717836,0.008892042030043065,13,597.5,0,1
283,4,4.0,40.64868812356477,-73.93389672596783,0.0013084723585214263,0.75,0.00678278799717836,0.008892042030043065,8,327.0,1,1
284,4,4.0,40.65534,-73.8883725,0.0013084723585214263,0.75,0.00678278799717836,0.008892042030043065,14,135.5,1,1
285,4,4.0,40.706558585,-73.9417896475,0.0013084723585214263,0.75,0.00678278799717836,0.008892042030043065,20,163.9,1,1
286,4,4.0,40.828647124999996,-73.87966837,0.0013084723585214263,0.75,0.00678278799717836,0.008892042030043065,23,277.5,1,1
287,4,4.0,40.6796676325,-73.7969486775,0.0013084723585214263,0.75,0.00678278799717836,0.008892042030043065,4,87.7,1,1
288,3,3.0,40.662056992233616,-73.98583243620013,0.0009813542688910696,0.75,0.00678278799717836,0.008892042030043065,10,392.2,1,1
289,3,3.0,40.77672809333333,-73.91310438,0.0009813542688910696,0.75,0.00678278799717836,0.008892042030043065,22,251.5,1,1
290,3,3.0,40.71338453333333,-73.77308972666667,0.0009813542688910696,0.75,0.00678278799717836,0.008892042030043065,21,273.6,1,1
291,3,3.0,40.746772351027595,-73.76155590190747,0.0009813542688910696,0.75,0.00678278799717836,0.008892042030043065,12,655.5,0,1
292,3,3.0,40.63765141333334,-73.95120649333333,0.0009813542688910696,0.75,0.00678278799717836,0.008892042030043065,3,26.8,1,1
293,3,3.0,40.75336071333333,-73.94007036666666,0.0009813542688910696,0.75,0.00678278799717836,0.008892042030043065,22,178.5,1,1
294,3,3.0,40.61672856,-73.94948815666667,0.0009813542688910696,0.75,0.00678278799717836,0.008892042030043065,3,270.6,1,1
295,3,3.0,40.67502302154836,-73.7975862695119,0.0009813542688910696,0.75,0.00678278799717836,0.008892042030043065,4,49.2,1,1
296,3,3.0,40.624335923333334,-74.13551154333334,0.0009813542688910696,0.75,0.00678278799717836,0.008892042030043065,5,541.9,0,1
297,3,3.0,40.67431451666667,-73.86432882666666,0.0009813542688910696,0.75,0.00678278799717836,0.008892042030043065,14,408.0,1,1
298,3,3.0,40.72566068950392,-73.90801813056693,0.0009813542688910696,0.75,0.00678278799717836,0.008892042030043065,20,498.3,0,1
299,3,3.0,40.68797460333334,-73.81718063333334,0.0009813542688910696,0.75,0.00678278799717836,0.008892042030043065,4,271.8,1,1
300,3,3.0,40.88355705,-73.89556249,0.0009813542688910696,0.75,0.00678278799717836,0.008892042030043065,11,313.2,1,1
301,3,3.0,40.72115912,-73.85402984666666,0.0009813542688910696,0.75,0.00678278799717836,0.008892042030043065,21,499.7,0,1
302,3,3.0,40.658351366666665,-73.94941108333333,0.0009813542688910696,0.75,0.00678278799717836,0.008892042030043065,8,281.8,1,1
303,3,3.0,40.68351532333333,-73.90762712333333,0.0009813542688910696,0.75,0.00678278799717836,0.008892042030043065,14,286.6,1,1
304,3,3.0,40.824449036666664,-73.89051002000001,0.0009813542688910696,0.75,0.00678278799717836,0.008892042030043065,17,201.4,1,1
305,3,3.0,40.63962532666667,-73.91406801333333,0.0009813542688910696,0.75,0.00678278799717836,0.008892042030043065,14,427.6,1,1
306,3,3.0,40.597098637178554,-74.16300488601628,0.0009813542688910696,0.75,0.00678278799717836,0.008892042030043065,5,549.9,0,1
307,3,3.0,40.72199567368228,-73.84399088864632,0.0009813542688910696,0.75,0.00678278799717836,0.008892042030043065,21,402.9,1,1
308,3,3.0,40.63234634666667,-73.96798472333334,0.0009813542688910696,0.75,0.00678278799717836,0.008892042030043065,3,229.8,1,1
309,3,3.0,40.71194614010036,-73.73663287167125,0.0009813542688910696,0.75,0.00678278799717836,0.008892042030043065,21,638.8,0,1
310,3,3.0,40.64443249333333,-73.90750976666668,0.0009813542688910696,0.75,0.00678278799717836,0.008892042030043065,14,350.2,1,1
311,3,3.0,40.62792079707515,-74.1640339780942,0.0009813542688910696,0.75,0.00678278799717836,0.008892042030043065,5,605.9,0,1
312,3,3.0,40.74052098333333,-73.92394262,0.0009813542688910696,0.75,0.00678278799717836,0.008892042030043065,22,461.8,1,1
313,3,3.0,40.58702949,-73.94191897,0.0009813542688910696,0.75,0.00678278799717836,0.008892042030043065,9,198.5,1,1
314,3,3.0,40.74308896666667,-73.97905554333333,0.0009813542688910696,0.75,0.00678278799717836,0.008892042030043065,6,202.3,1,1
315,3,3.0,40.78181883,-73.94470605,0.0009813542688910696,0.75,0.00678278799717836,0.008892042030043065,7,206.1,1,1
316,3,3.0,40.589297460576184,-73.81060119128722,0.0009813542688910696,0.75,0.00678278799717836,0.008892042030043065,13,311.3,1,1
317,3,3.0,40.74565947333333,-73.95147237666667,0.0009813542688910696,0.75,0.00678278799717836,0.008892042030043065,22,296.5,1,1
318,3,3.0,40.856346153333334,-73.88307633000001,0.0009813542688910696,0.75,0.00678278799717836,0.008892042030043065,2,145.4,1,1
319,3,3.0,40.73627778,-73.95851544,0.0009813542688910696,0.75,0.00678278799717836,0.008892042030043065,22,503.3,0,1
320,3,3.0,40.84235173333334,-73.92356152333333,0.0009813542688910696,0.75,0.00678278799717836,0.008892042030043065,16,113.4,1,1
321,3,3.0,40.86899300666667,-73.8627584,0.0009813542688910696,0.75,0.00678278799717836,0.008892042030043065,11,143.1,1,1
322,3,3.0,40.67368972,-73.91770319333334,0.0009813542688910696,0.75,0.00678278799717836,0.008892042030043065,8,223.7,1,1
323,3,3.0,40.842996066666664,-73.90528333333333,0.0009813542688910696,0.75,0.00678278799717836,0.008892042030043065,2,193.0,1,1
324,3,3.0,40.76820107333333,-73.78113274666667,0.0009813542688910696,0.75,0.00678278799717836,0.008892042030043065,12,491.6,0,1
325,3,3.0,40.76126125333333,-73.82687758666667,0.0009813542688910696,0.75,0.00678278799717836,0.008892042030043065,12,8.9,1,1
326,3,3.0,40.85713471333333,-73.92776906666667,0.0009813542688910696,0.75,0.00678278799717836,0.008892042030043065,16,132.3,1,1
327,3,3.0,40.70940342666667,-73.99886054333334,0.0009813542688910696,0.75,0.00678278799717836,0.008892042030043065,15,234.8,1,1
328,3,3.0,40.679205053333334,-73.98559427333333,0.0009813542688910696,0.75,0.00678278799717836,0.008892042030043065,10,120.8,1,1
329,3,3.0,40.67190621666666,-73.97635828,0.0009813542688910696,0.75,0.00678278799717836,0.008892042030043065,10,247.7,1,1
330,3,3.0,40.67936023000001,-73.93891979,0.0009813542688910696,0.75,0.00678278799717836,0.008892042030043065,8,206.6,1,1
331,3,3.0,40.644381607573926,-73.97730502780846,0.0009813542688910696,0.75,0.00678278799717836,0.008892042030043065,19,275.0,1,1
332,3,3.0,40.71286783333333,-73.78426864,0.0009813542688910696,0.75,0.00678278799717836,0.008892042030043065,21,186.1,1,1
333,3,3.0,40.68038697666666,-73.7731469,0.0009813542688910696,0.75,0.00678278799717836,0.008892042030043065,4,235.1,1,1
334,3,3.0,40.59806512759437,-74.07283532588006,0.0009813542688910696,0.75,0.00678278799717836,0.008892042030043065,5,178.5,1,1
335,3,3.0,40.704538039999996,-73.91860362,0.0009813542688910696,0.75,0.00678278799717836,0.008892042030043065,20,196.2,1,1
336,3,3.0,40.72489067666667,-73.82088334999999,0.0009813542688910696,0.75,0.00678278799717836,0.008892042030043065,21,324.7,1,1
337,3,3.0,40.73582246333333,-73.86089185666667,0.0009813542688910696,0.75,0.00678278799717836,0.008892042030043065,1,264.0,1,1
338,3,3.0,40.702147489999994,-73.87824213666666,0.0009813542688910696,0.75,0.00678278799717836,0.008892042030043065,20,503.3,0,1
339,3,3.0,40.90219522666667,-73.89672274666667,0.0009813542688910696,0.75,0.00678278799717836,0.008892042030043065,11,428.7,1,1
340,3,3.0,40.67336785,-73.94367736333334,0.0009813542688910696,0.75,0.00678278799717836,0.008892042030043065,8,206.3,1,1
341,3,3.0,40.660010973333335,-73.93093976333334,0.0009813542688910696,0.75,0.00678278799717836,0.008892042030043065,8,141.4,1,1
342,3,3.0,40.69193659333333,-73.80733556666667,0.0009813542688910696,0.75,0.00678278799717836,0.008892042030043065,4,226.0,1,1
343,3,3.0,40.71263692,-73.74542699,0.0009813542688910696,0.75,0.00678278799717836,0.008892042030043065,21,580.1,0,1
344,3,3.0,40.67126330333333,-73.87881935,0.0009813542688910696,0.75,0.00678278799717836,0.008892042030043065,14,227.3,1,1
345,3,3.0,40.63150359,-74.07678803,0.0009813542688910696,0.75,0.00678278799717836,0.008892042030043065,5,339.9,1,1
346,3,3.0,40.67751754666667,-73.76610407333334,0.0009813542688910696,0.75,0.00678278799717836,0.008892042030043065,4,422.3,1,1
347,3,3.0,40.87016413,-73.90417514333333,0.0009813542688910696,0.75,0.00678278799717836,0.008892042030043065,2,213.3,1,1
348,3,3.0,40.65894762333333,-73.91610563333333,0.0009813542688910696,0.75,0.00678278799717836,0.008892042030043065,8,273.9,1,1
349,3,3.0,40.55182572682922,-74.14896466622126,0.0009813542688910696,0.75,0.00678278799717836,0.008892042030043065,5,971.5,0,1
350,3,3.0,40.61149541666666,-73.94978378666667,0.0009813542688910696,0.75,0.00678278799717836,0.008892042030043065,3,325.4,1,1
351,3,3.0,40.6739055,-73.84582809999999,0.0009813542688910696,0.75,0.00678278799717836,0.008892042030043065,4,422.3,1,1
352,3,3.0,40.74839932,-73.99993697,0.0009813542688910696,0.75,0.00678278799717836,0.008892042030043065,6,72.0,1,1
353,3,3.0,40.74845429,-73.9950174,0.0009813542688910696,0.75,0.00678278799717836,0.008892042030043065,6,87.9,1,1
354,3,3.0,40.79650984333333,-73.9636904,0.0009813542688910696,0.75,0.00678278799717836,0.008892042030043065,24,262.1,1,1
355,3,3.0,40.57918659333333,-73.95989828666667,0.0009813542688910696,0.75,0.00678278799717836,0.008892042030043065,9,100.6,1,1
356,3,3.0,40.83697681666666,-73.94726656333333,0.0009813542688910696,0.75,0.00678278799717836,0.008892042030043065,16,265.5,1,1
357,3,3.0,40.71222803333333,-73.82859271666666,0.0009813542688910696,0.75,0.00678278799717836,0.008892042030043065,21,244.4,1,1
358,3,3.0,40.70697359,-73.75459253999999,0.0009813542688910696,0.75,0.00678278799717836,0.008892042030043065,21,528.4,0,1
359,3,3.0,40.814645930000005,-73.93556855333333,0.0009813542688910696,0.75,0.00678278799717836,0.008892042030043065,24,237.9,1,1
360,3,3.0,40.882345656666665,-73.87985222,0.0009813542688910696,0.75,0.00678278799717836,0.008892042030043065,11,149.9,1,1
361,3,3.0,40.783055597213234,-73.84601763220616,0.0009813542688910696,0.75,0.00678278799717836,0.008892042030043065,12,383.1,1,1
362,3,3.0,40.68820617666666,-73.85342917999999,0.0009813542688910696,0.75,0.00678278799717836,0.008892042030043065,21,550.8,0,1
363,3,3.0,40.63768645333334,-73.98695967333333,0.0009813542688910696,0.75,0.00678278799717836,0.008892042030043065,19,151.3,1,1
364,3,3.0,40.76344732120696,-73.77311510335437,0.0009813542688910696,0.75,0.00678278799717836,0.008892042030043065,12,571.7,0,1
365,3,3.0,40.600913240000004,-73.74880343666666,0.0009813542688910696,0.75,0.00678278799717836,0.008892042030043065,13,346.5,1,1
366,3,3.0,40.63892259666667,-74.11744921666667,0.0009813542688910696,0.75,0.00678278799717836,0.008892042030043065,5,503.7,0,1
367,3,3.0,40.7395517751568,-73.79219404791488,0.0009813542688910696,0.75,0.00678278799717836,0.008892042030043065,12,430.0,1,1
368,3,3.0,40.83594721,-73.86159504,0.0009813542688910696,0.75,0.00678278799717836,0.008892042030043065,23,149.1,1,1
369,3,3.0,40.67478503304001,-73.81929828148105,0.0009813542688910696,0.75,0.00678278799717836,0.008892042030043065,4,232.4,1,1
370,3,3.0,40.82160388,-73.87831444,0.0009813542688910696,0.75,0.00678278799717836,0.008892042030043065,23,316.8,1,1
371,3,3.0,40.646682569999996,-74.0099043,0.0009813542688910696,0.75,0.00678278799717836,0.008892042030043065,19,313.4,1,1
372,3,3.0,40.61163625333334,-74.07533208333332,0.0009813542688910696,0.75,0.00678278799717836,0.008892042030043065,5,176.0,1,1
373,3,3.0,40.780181670836136,-73.90874968182378,0.0009813542688910696,0.75,0.00678278799717836,0.008892042030043065,22,323.1,1,1
374,3,3.0,40.87628294666666,-73.88687442999999,0.0009813542688910696,0.75,0.00678278799717836,0.008892042030043065,11,259.9,1,1
375,3,3.0,40.68589823333334,-73.98561710666667,0.0009813542688910696,0.75,0.00678278799717836,0.008892042030043065,10,94.0,1,1
376,3,3.0,40.778888843333334,-73.95954130666667,0.0009813542688910696,0.75,0.00678278799717836,0.008892042030043065,18,181.0,1,1
377,3,3.0,40.68526686333333,-73.91639972666667,0.0009813542688910696,0.75,0.00678278799717836,0.008892042030043065,20,210.1,1,1
378,3,3.0,40.79591004333333,-73.97481591333333,0.0009813542688910696,0.75,0.00678278799717836,0.008892042030043065,24,305.5,1,1
379,2,2.0,40.840584015,-73.85359363500001,0.0006542361792607131,0.75,0.00678278799717836,0.008892042030043065,23,121.9,1,1
380,2,2.0,40.727539765,-74.00972435,0.0006542361792607131,0.75,0.00678278799717836,0.008892042030043065,15,196.2,1,1
381,2,2.0,40.666457095,-73.925984245,0.0006542361792607131,0.75,0.00678278799717836,0.008892042030043065,8,118.6,1,1
382,2,2.0,40.599495805000004,-73.96085552,0.0006542361792607131,0.75,0.00678278799717836,0.008892042030043065,9,272.5,1,1
383,2,2.0,40.80487252,-73.91499675,0.0006542361792607131,0.75,0.00678278799717836,0.008892042030043065,17,304.5,1,1
384,2,2.0,40.57658618,-73.8493583,0.0006542361792607131,0.75,0.00678278799717836,0.008892042030043065,13,686.8,0,1
385,2,2.0,40.63326882,-74.12008919,0.0006542361792607131,0.75,0.00678278799717836,0.008892042030043065,5,488.2,0,1
386,2,2.0,40.763812695,-73.816314275,0.0006542361792607131,0.75,0.00678278799717836,0.008892042030043065,12,122.2,1,1
387,2,2.0,40.687859360000004,-73.793907675,0.0006542361792607131,0.75,0.00678278799717836,0.008892042030043065,4,228.2,1,1
388,2,2.0,40.705312750000004,-73.898594235,0.0006542361792607131,0.75,0.00678278799717836,0.008892042030043065,20,377.9,1,1
389,2,2.0,40.84237673,-73.86807039,0.0006542361792607131,0.75,0.00678278799717836,0.008892042030043065,23,283.1,1,1
390,2,2.0,40.76964641,-73.78877357,0.0006542361792607131,0.75,0.00678278799717836,0.008892042030043065,12,443.2,1,1
391,2,2.0,40.754619695,-73.90460825,0.0006542361792607131,0.75,0.00678278799717836,0.008892042030043065,22,340.0,1,1
392,2,2.0,40.64025506,-74.135576155,0.0006542361792607131,0.75,0.00678278799717836,0.008892042030043065,5,619.2,0,1
393,2,2.0,40.75827015,-73.779829615,0.0006542361792607131,0.75,0.00678278799717836,0.008892042030043065,12,476.9,1,1
394,2,2.0,40.81908253,-73.84500543,0.0006542361792607131,0.75,0.00678278799717836,0.008892042030043065,23,206.3,1,1
395,2,2.0,40.687645265,-73.951215975,0.0006542361792607131,0.75,0.00678278799717836,0.008892042030043065,20,241.2,1,1
396,2,2.0,40.780650685,-73.82544482,0.0006542361792607131,0.75,0.00678278799717836,0.008892042030043065,12,254.8,1,1
397,2,2.0,40.58934888,-73.94175419,0.0006542361792607131,0.75,0.00678278799717836,0.008892042030043065,9,231.9,1,1
398,2,2.0,40.71861021099217,-73.8789952143905,0.0006542361792607131,0.75,0.00678278799717836,0.008892042030043065,1,533.0,0,1
399,2,2.0,40.584022475,-74.103078005,0.0006542361792607131,0.75,0.00678278799717836,0.008892042030043065,5,355.6,1,1
400,2,2.0,40.73313211,-73.814853665,0.0006542361792607131,0.75,0.00678278799717836,0.008892042030043065,12,376.2,1,1
401,2,2.0,40.69887413,-73.84565192,0.0006542361792607131,0.75,0.00678278799717836,0.008892042030043065,21,390.7,1,1
402,2,2.0,40.907609375,-73.89787375,0.0006542361792607131,0.75,0.00678278799717836,0.008892042030043065,11,502.2,0,1
403,2,2.0,40.661908845,-73.992837915,0.0006542361792607131,0.75,0.00678278799717836,0.008892042030043065,10,379.5,1,1
404,2,2.0,40.90375449,-73.90863435,0.0006542361792607131,0.75,0.00678278799717836,0.008892042030043065,11,547.6,0,1
405,2,2.0,40.734314975000004,-73.87041106000001,0.0006542361792607131,0.75,0.00678278799717836,0.008892042030043065,1,286.0,1,1
406,2,2.0,40.686094190000006,-73.780486635,0.0006542361792607131,0.75,0.00678278799717836,0.008892042030043065,4,279.5,1,1
407,2,2.0,40.727559133265984,-73.79079942873597,0.0006542361792607131,0.75,0.00678278799717836,0.008892042030043065,21,343.5,1,1
408,2,2.0,40.69165057,-73.77919839,0.0006542361792607131,0.75,0.00678278799717836,0.008892042030043065,21,311.6,1,1
409,2,2.0,40.78861596,-73.84190967,0.0006542361792607131,0.75,0.00678278799717836,0.008892042030043065,12,469.5,1,1
410,2,2.0,40.76857708,-73.99531329999999,0.0006542361792607131,0.75,0.00678278799717836,0.008892042030043065,6,208.8,1,1
411,2,2.0,40.756782885,-73.81581955,0.0006542361792607131,0.75,0.00678278799717836,0.008892042030043065,12,145.1,1,1
412,2,2.0,40.68585686,-73.79546942,0.0006542361792607131,0.75,0.00678278799717836,0.008892042030043065,4,213.5,1,1
413,2,2.0,40.68225172,-73.81516249,0.0006542361792607131,0.75,0.00678278799717836,0.008892042030043065,4,246.9,1,1
414,2,2.0,40.58568756,-73.81416454000001,0.0006542361792607131,0.75,0.00678278799717836,0.008892042030043065,13,375.5,1,1
415,2,2.0,40.65167285,-74.00532623000001,0.0006542361792607131,0.75,0.00678278799717836,0.008892042030043065,19,371.3,1,1
416,2,2.0,40.640430620000004,-74.08584718,0.0006542361792607131,0.75,0.00678278799717836,0.008892042030043065,5,527.7,0,1
417,2,2.0,40.638272095000005,-74.16742048500001,0.0006542361792607131,0.75,0.00678278799717836,0.008892042030043065,5,712.6,0,1
418,2,2.0,40.74188138,-73.87216054,0.0006542361792607131,0.75,0.00678278799717836,0.008892042030043065,1,170.0,1,1
419,2,2.0,40.63852546,-73.98130279,0.0006542361792607131,0.75,0.00678278799717836,0.008892042030043065,19,228.1,1,1
420,2,2.0,40.64470763,-73.91995063,0.0006542361792607131,0.75,0.00678278799717836,0.008892042030043065,8,375.1,1,1
421,2,2.0,40.637721045,-73.957136195,0.0006542361792607131,0.75,0.00678278799717836,0.008892042030043065,3,108.7,1,1
422,2,2.0,40.636557655,-73.925406315,0.0006542361792607131,0.75,0.00678278799717836,0.008892042030043065,3,294.1,1,1
423,2,2.0,40.766387355,-73.81529246,0.0006542361792607131,0.75,0.00678278799717836,0.008892042030043065,12,162.2,1,1
424,2,2.0,40.680136114999996,-73.969674,0.0006542361792607131,0.75,0.00678278799717836,0.008892042030043065,10,184.2,1,1
425,2,2.0,40.659075015,-73.834533825,0.0006542361792607131,0.75,0.00678278799717836,0.008892042030043065,4,418.3,1,1
426,2,2.0,40.76665309,-73.98063089499999,0.0006542361792607131,0.75,0.00678278799717836,0.008892042030043065,18,190.9,1,1
427,2,2.0,40.7327334,-73.80916533499999,0.0006542361792607131,0.75,0.00678278799717836,0.008892042030043065,21,384.0,1,1
428,2,2.0,40.66722743,-73.97964671,0.0006542361792607131,0.75,0.00678278799717836,0.008892042030043065,10,309.3,1,1
429,2,2.0,40.6134371,-73.96693937,0.0006542361792607131,0.75,0.00678278799717836,0.008892042030043065,19,427.6,1,1
430,2,2.0,40.714276885,-73.90713841,0.0006542361792607131,0.75,0.00678278799717836,0.008892042030043065,20,417.8,1,1
431,2,2.0,40.7037402,-73.98608782,0.0006542361792607131,0.75,0.00678278799717836,0.008892042030043065,10,291.7,1,1
432,2,2.0,40.675007295,-73.96780587,0.0006542361792607131,0.75,0.00678278799717836,0.008892042030043065,10,275.6,1,1
433,2,2.0,40.83673498,-73.852011515,0.0006542361792607131,0.75,0.00678278799717836,0.008892042030043065,23,56.3,1,1
434,2,2.0,40.64376475,-73.89176213,0.0006542361792607131,0.75,0.00678278799717836,0.008892042030043065,14,348.8,1,1
435,2,2.0,40.63062806,-73.92617597,0.0006542361792607131,0.75,0.00678278799717836,0.008892042030043065,3,303.2,1,1
436,2,2.0,40.63417695,-73.94488043,0.0006542361792607131,0.75,0.00678278799717836,0.008892042030043065,3,77.4,1,1
437,2,2.0,40.759190825000005,-73.878920835,0.0006542361792607131,0.75,0.00678278799717836,0.008892042030043065,1,206.3,1,1
438,2,2.0,40.70231317,-73.986698235,0.0006542361792607131,0.75,0.00678278799717836,0.008892042030043065,10,268.1,1,1
439,2,2.0,40.660996604999994,-73.979861465,0.0006542361792607131,0.75,0.00678278799717836,0.008892042030043065,10,448.2,1,1
440,2,2.0,40.68516442,-73.956476605,0.0006542361792607131,0.75,0.00678278799717836,0.008892042030043065,10,304.0,1,1
441,2,2.0,40.61385382,-74.12260232,0.0006542361792607131,0.75,0.00678278799717836,0.008892042030043065,5,262.7,1,1
442,2,2.0,40.74653676,-73.98594464499999,0.0006542361792607131,0.75,0.00678278799717836,0.008892042030043065,6,135.8,1,1
443,2,2.0,40.56298177,-74.11629124,0.0006542361792607131,0.75,0.00678278799717836,0.008892042030043065,5,541.8,0,1
444,2,2.0,40.571107325,-74.11245221499999,0.0006542361792607131,0.75,0.00678278799717836,0.008892042030043065,5,497.0,0,1
445,2,2.0,40.61236316,-74.1592663,0.0006542361792607131,0.75,0.00678278799717836,0.008892042030043065,5,450.8,1,1
446,2,2.0,40.60115167,-73.97838747,0.0006542361792607131,0.75,0.00678278799717836,0.008892042030043065,9,407.2,1,1
447,2,2.0,40.71374833,-73.75309612999999,0.0006542361792607131,0.75,0.00678278799717836,0.008892042030043065,21,472.2,1,1
448,2,2.0,40.64633227,-73.996489645,0.0006542361792607131,0.75,0.00678278799717836,0.008892042030043065,19,247.8,1,1
449,2,2.0,40.627238605,-73.92388156000001,0.0006542361792607131,0.75,0.00678278799717836,0.008892042030043065,3,322.4,1,1
450,2,2.0,40.75779803,-73.79493246,0.0006542361792607131,0.75,0.00678278799717836,0.008892042030043065,12,325.3,1,1
451,2,2.0,40.707769080000006,-73.78057106,0.0006542361792607131,0.75,0.00678278799717836,0.008892042030043065,21,252.2,1,1
452,2,2.0,40.68995366,-73.82599347,0.0006542361792607131,0.75,0.00678278799717836,0.008892042030043065,4,386.3,1,1
453,2,2.0,40.71026162,-73.7713245,0.0006542361792607131,0.75,0.00678278799717836,0.008892042030043065,21,321.8,1,1
454,2,2.0,40.754877265,-73.86162260500001,0.0006542361792607131,0.75,0.00678278799717836,0.008892042030043065,1,185.1,1,1
455,2,2.0,40.878702555000004,-73.82503316,0.0006542361792607131,0.75,0.00678278799717836,0.008892042030043065,11,499.8,0,1
456,2,2.0,40.755019149999995,-73.93386126,0.0006542361792607131,0.75,0.00678278799717836,0.008892042030043065,22,181.1,1,1
457,2,2.0,40.727361525000006,-73.81076319,0.0006542361792607131,0.75,0.00678278799717836,0.008892042030043065,21,289.2,1,1
458,2,2.0,40.81658698,-73.888929115,0.0006542361792607131,0.75,0.00678278799717836,0.008892042030043065,17,247.6,1,1
459,2,2.0,40.877703679999996,-73.84778837,0.0006542361792607131,0.75,0.00678278799717836,0.008892042030043065,11,193.5,1,1
460,2,2.0,40.66575992,-73.83699648,0.0006542361792607131,0.75,0.00678278799717836,0.008892042030043065,4,323.1,1,1
461,2,2.0,40.69460421026876,-73.73596622950046,0.0006542361792607131,0.75,0.00678278799717836,0.008892042030043065,4,676.9,0,1
462,2,2.0,40.828839055,-73.89358657,0.0006542361792607131,0.75,0.00678278799717836,0.008892042030043065,17,198.8,1,1
463,2,2.0,40.67539132770901,-74.00687784794184,0.0006542361792607131,0.75,0.00678278799717836,0.008892042030043065,10,381.2,1,1
464,2,2.0,40.604780945,-73.977091375,0.0006542361792607131,0.75,0.00678278799717836,0.008892042030043065,19,388.6,1,1
465,2,2.0,40.861074560000006,-73.92907424500001,0.0006542361792607131,0.75,0.00678278799717836,0.008892042030043065,16,181.3,1,1
466,2,2.0,40.74817356,-73.89769167,0.0006542361792607131,0.75,0.00678278799717836,0.008892042030043065,1,256.4,1,1
467,2,2.0,40.810331475,-73.89512054,0.0006542361792607131,0.75,0.00678278799717836,0.008892042030043065,17,270.5,1,1
468,2,2.0,40.63958261,-73.99353134,0.0006542361792607131,0.75,0.00678278799717836,0.008892042030043065,19,159.3,1,1
469,2,2.0,40.57643733,-73.96803866,0.0006542361792607131,0.75,0.00678278799717836,0.008892042030043065,9,202.8,1,1
470,2,2.0,40.64563473,-74.09263261000001,0.0006542361792607131,0.75,0.00678278799717836,0.008892042030043065,5,643.7,0,1
471,2,2.0,40.53014886091261,-74.21908633977426,0.0006542361792607131,0.75,0.00678278799717836,0.008892042030043065,5,1198.2,0,1
472,2,2.0,40.86660824,-73.86915903,0.0006542361792607131,0.75,0.00678278799717836,0.008892042030043065,11,145.1,1,1
473,2,2.0,40.77103272571251,-73.87241597334116,0.0006542361792607131,0.75,0.00678278799717836,0.008892042030043065,1,330.2,1,1
474,2,2.0,40.81744151,-73.89691797,0.0006542361792607131,0.75,0.00678278799717836,0.008892042030043065,17,174.1,1,1
475,2,2.0,40.63448423,-73.89526225,0.0006542361792607131,0.75,0.00678278799717836,0.008892042030043065,14,515.5,0,1
476,2,2.0,40.87949751,-73.90107563,0.0006542361792607131,0.75,0.00678278799717836,0.008892042030043065,2,348.2,1,1
477,2,2.0,40.904148685,-73.85153887000001,0.0006542361792607131,0.75,0.00678278799717836,0.008892042030043065,11,338.7,1,1
478,2,2.0,40.70742582,-73.74615365,0.0006542361792607131,0.75,0.00678278799717836,0.008892042030043065,21,616.5,0,1
479,2,2.0,40.61311786,-74.06277911999999,0.0006542361792607131,0.75,0.00678278799717836,0.008892042030043065,5,293.0,1,1
480,2,2.0,40.72290088,-73.75685886,0.0006542361792607131,0.75,0.00678278799717836,0.008892042030043065,21,425.7,1,1
481,2,2.0,40.646070045,-73.915528575,0.0006542361792607131,0.75,0.00678278799717836,0.008892042030043065,14,360.5,1,1
482,2,2.0,40.59538243,-73.780027425,0.0006542361792607131,0.75,0.00678278799717836,0.008892042030043065,13,39.5,1,1
483,2,2.0,40.688444200000006,-73.97785808,0.0006542361792607131,0.75,0.00678278799717836,0.008892042030043065,10,64.5,1,1
484,2,2.0,40.59786997,-73.985954865,0.0006542361792607131,0.75,0.00678278799717836,0.008892042030043065,9,381.6,1,1
485,2,2.0,40.72827548,-73.893747975,0.0006542361792607131,0.75,0.00678278799717836,0.008892042030043065,1,484.6,0,1
486,2,2.0,40.60249494,-74.01364678,0.0006542361792607131,0.75,0.00678278799717836,0.008892042030043065,19,410.5,1,1
487,2,2.0,40.88900844,-73.85641884500001,0.0006542361792607131,0.75,0.00678278799717836,0.008892042030043065,11,219.3,1,1
488,2,2.0,40.58600084,-73.9722041,0.0006542361792607131,0.75,0.00678278799717836,0.008892042030043065,9,166.0,1,1
489,2,2.0,40.708455066197594,-73.82736500874037,0.0006542361792607131,0.75,0.00678278799717836,0.008892042030043065,21,258.0,1,1
490,2,2.0,40.783316195,-73.97077766000001,0.0006542361792607131,0.75,0.00678278799717836,0.008892042030043065,18,288.7,1,1
491,2,2.0,40.674178615,-74.01392767499999,0.0006542361792607131,0.75,0.00678278799717836,0.008892042030043065,10,472.1,1,1
492,2,2.0,40.76732655,-73.92985648,0.0006542361792607131,0.75,0.00678278799717836,0.008892042030043065,22,0.0,1,1
493,2,2.0,40.6335534,-74.093942955,0.0006542361792607131,0.75,0.00678278799717836,0.008892042030043065,5,488.1,0,1
494,2,2.0,40.795260244999994,-73.80939778499999,0.0006542361792607131,0.75,0.00678278799717836,0.008892042030043065,12,491.9,0,1
495,2,2.0,40.58920891,-74.19310259,0.0006542361792607131,0.75,0.00678278799717836,0.008892042030043065,5,709.8,0,1
496,2,2.0,40.75929115,-73.86780084,0.0006542361792607131,0.75,0.00678278799717836,0.008892042030043065,1,212.2,1,1
497,2,2.0,40.625713655,-74.030122245,0.0006542361792607131,0.75,0.00678278799717836,0.008892042030043065,19,436.8,1,1
498,2,2.0,40.60633439,-73.985591715,0.0006542361792607131,0.75,0.00678278799717836,0.008892042030043065,19,342.4,1,1
499,2,2.0,40.661646905,-73.92233014499999,0.0006542361792607131,0.75,0.00678278799717836,0.008892042030043065,8,189.5,1,1
500,2,2.0,40.89471443,-73.91148298,0.0006542361792607131,0.75,0.00678278799717836,0.008892042030043065,16,546.4,0,1
501,2,2.0,40.609942155,-73.74806555,0.0006542361792607131,0.75,0.00678278799717836,0.008892042030043065,13,378.8,1,1
502,2,2.0,40.66864166,-73.79828257,0.0006542361792607131,0.75,0.00678278799717836,0.008892042030043065,4,119.8,1,1
503,2,2.0,40.63895102,-73.97021357,0.0006542361792607131,0.75,0.00678278799717836,0.008892042030043065,3,260.5,1,1
504,2,2.0,40.774659995,-73.78438667500001,0.0006542361792607131,0.75,0.00678278799717836,0.008892042030043065,12,548.9,0,1
505,2,2.0,40.64192032,-74.01183950000001,0.0006542361792607131,0.75,0.00678278799717836,0.008892042030043065,19,285.7,1,1
506,2,2.0,40.699322305,-73.95162722500001,0.0006542361792607131,0.75,0.00678278799717836,0.008892042030043065,20,221.3,1,1
507,2,2.0,40.692878585,-73.74611673999999,0.0006542361792607131,0.75,0.00678278799717836,0.008892042030043065,4,566.0,0,1
508,2,2.0,40.7560589,-73.9616223,0.0006542361792607131,0.75,0.00678278799717836,0.008892042030043065,18,186.6,1,1
509,2,2.0,40.59297088,-73.96784981,0.0006542361792607131,0.75,0.00678278799717836,0.008892042030043065,9,268.0,1,1
510,2,2.0,40.769161444999995,-73.912907755,0.0006542361792607131,0.75,0.00678278799717836,0.008892042030043065,22,185.8,1,1
511,2,2.0,40.62684974,-73.930162395,0.0006542361792607131,0.75,0.00678278799717836,0.008892042030043065,3,259.4,1,1
512,2,2.0,40.720651270000005,-73.744300455,0.0006542361792607131,0.75,0.00678278799717836,0.008892042030043065,21,569.3,0,1
513,2,2.0,40.733300195,-73.853643525,0.0006542361792607131,0.75,0.00678278799717836,0.008892042030043065,1,369.9,1,1
