unit_id,seq,from_kind,from_name,from_lat,from_lon,to_kind,to_name,to_lat,to_lon,travel_seconds,distance_km,geometry_source,path_latlons
1,1,anchor,Engine 53/Ladder 43,40.788923,-73.946985,post,Engine 39/Ladder 16,40.767062,-73.963612,312.3,3.007,osm_graph_emv,"[[40.789001, -73.94655], [40.78969, -73.948155], [40.789061, -73.94861], [40.78843, -73.949065], [40.78781, -73.949529], [40.787183, -73.949979], [40.786548, -73.950436], [40.785875, -73.95093], [40.785197, -73.951432], [40.784569, -73.951892], [40.783939, -73.952347], [40.78331, -73.952808], [40.782694, -73.953256], [40.782057, -73.953723], [40.781431, -73.954181], [40.780806, -73.954634], [40.780175, -73.955094], [40.779507, -73.955583], [40.77882, -73.956084], [40.778187, -73.956549], [40.777554, -73.957012], [40.776916, -73.957474], [40.776281, -73.957939], [40.775645, -73.958399], [40.774967, -73.958896], [40.77428, -73.959397], [40.773655, -73.959854], [40.773015, -73.960321], [40.772377, -73.960779], [40.771741, -73.961251], [40.771112, -73.961709], [40.770425, -73.962213], [40.769751, -73.962704], [40.769114, -73.963169], [40.768489, -73.963621], [40.767865, -73.964077], [40.767241, -73.964531]]"
1,2,post,Engine 39/Ladder 16,40.767062,-73.963612,post,Engine 37/Ladder 40,40.811921,-73.9546,628.4,6.742,osm_graph_emv,"[[40.767241, -73.964531], [40.767865, -73.964077], [40.767188, -73.962472], [40.767813, -73.962016], [40.768442, -73.961575], [40.769078, -73.961107], [40.769747, -73.960604], [40.770434, -73.960103], [40.771066, -73.959651], [40.771704, -73.959176], [40.772339, -73.958713], [40.77298, -73.958257], [40.773603, -73.957802], [40.774289, -73.957292], [40.774968, -73.956795], [40.775593, -73.956338], [40.776235, -73.95587], [40.776869, -73.955406], [40.777506, -73.954942], [40.778141, -73.954477], [40.778827, -73.953977], [40.779497, -73.953489], [40.780128, -73.953028], [40.780752, -73.952573], [40.781377, -73.952117], [40.782014, -73.95165], [40.78263, -73.951196], [40.783269, -73.950752], [40.783909, -73.950296], [40.784527, -73.949837], [40.785197, -73.94933], [40.785888, -73.948828], [40.786504, -73.948388], [40.787123, -73.947921], [40.787754, -73.947462], [40.788386, -73.946999], [40.789001, -73.94655], [40.789637, -73.946087], [40.790252, -73.945638], [40.790892, -73.945171], [40.791572, -73.944675], [40.792246, -73.944183], [40.792875, -73.943724], [40.7935, -73.943269], [40.794128, -73.942809], [40.79476, -73.942347], [40.795407, -73.941875], [40.797267, -73.94052], [40.797939, -73.940027], [40.798625, -73.939522], [40.799253, -73.939062], [40.799889, -73.938601], [40.800504, -73.938161], [40.801143, -73.937694], [40.801767, -73.937235], [40.802397, -73.93677], [40.803028, -73.936313], [40.803706, -73.935829], [40.80438, -73.937425], [40.804998, -73.938888], [40.805122, -73.939184], [40.805739, -73.940643], [40.806419, -73.942269], [40.807746, -73.945413], [40.807811, -73.945571], [40.80894, -73.948248], [40.809006, -73.948403], [40.810176, -73.951178], [40.810767, -73.95259], [40.811367, -73.95401], [40.812008, -73.955085]]"
1,3,post,Engine 37/Ladder 40,40.811921,-73.9546,post,Engine 62/Ladder 32,40.876269,-73.867362,979.2,15.537,osm_graph_emv,"[[40.812008, -73.955085], [40.811367, -73.95401], [40.810767, -73.95259], [40.810176, -73.951178], [40.809006, -73.948403], [40.80894, -73.948248], [40.807811, -73.945571], [40.807746, -73.945413], [40.806419, -73.942269], [40.805739, -73.940643], [40.805122, -73.939184], [40.804998, -73.938888], [40.80438, -73.937425], [40.803706, -73.935829], [40.802764, -73.933577], [40.802694, -73.93341], [40.802155, -73.932894], [40.800803, -73.929059], [40.798226, -73.923219], [40.796408, -73.921279], [40.798203, -73.919426], [40.801293, -73.917156], [40.801881, -73.91667], [40.805309, -73.910409], [40.805898, -73.909072], [40.819999, -73.89041], [40.823003, -73.88234], [40.823711, -73.877186], [40.823843, -73.875057], [40.824094, -73.873423], [40.824208, -73.872635], [40.824252, -73.872334], [40.824168, -73.872417], [40.824953, -73.872596], [40.829288, -73.873042], [40.834006, -73.873909], [40.837935, -73.873184], [40.851592, -73.871307], [40.853789, -73.871729], [40.853892, -73.871755], [40.856249, -73.872346], [40.856619, -73.87243], [40.85954, -73.872292], [40.863117, -73.871681], [40.865471, -73.871912], [40.866167, -73.872005], [40.868263, -73.872224], [40.876362, -73.870646], [40.878225, -73.869762], [40.877821, -73.868101], [40.877641, -73.867382], [40.87708, -73.867073], [40.876481, -73.867027]]"
1,4,post,Engine 62/Ladder 32,40.876269,-73.867362,post,Engine 64/Ladder 47,40.832437,-73.850876,496.7,7.866,osm_graph_emv,"[[40.876481, -73.867027], [40.876465, -73.866751], [40.877317, -73.866274], [40.877505, -73.866865], [40.877626, -73.867327], [40.877641, -73.867382], [40.877821, -73.868101], [40.878225, -73.869762], [40.878364, -73.870332], [40.876185, -73.870876], [40.868621, -73.872369], [40.863724, -73.872035], [40.858702, -73.872655], [40.856512, -73.872554], [40.856082, -73.872448], [40.853625, -73.871847], [40.853191, -73.871749], [40.850707, -73.871448], [40.838122, -73.873257], [40.836224, -73.873881], [40.835995, -73.87404], [40.835982, -73.873713], [40.835929, -73.873018], [40.835878, -73.872398], [40.835845, -73.869719], [40.834896, -73.866281], [40.831891, -73.856185], [40.831731, -73.855651], [40.830703, -73.852733], [40.83043, -73.851795], [40.830082, -73.85061], [40.830547, -73.850719], [40.831214, -73.850874], [40.831932, -73.851042], [40.832647, -73.851209]]"
1,5,post,Engine 64/Ladder 47,40.832437,-73.850876,post,Demand cell 16,40.79480634727466,-73.94376314583958,774.9,10.654,osm_graph_emv,"[[40.832647, -73.851209], [40.831932, -73.851042], [40.831214, -73.850874], [40.830547, -73.850719], [40.830082, -73.85061], [40.829777, -73.850539], [40.829057, -73.850371], [40.82834, -73.850203], [40.827595, -73.850029], [40.827181, -73.853086], [40.826771, -73.856161], [40.826564, -73.857556], [40.826416, -73.858657], [40.826268, -73.859705], [40.826087, -73.861204], [40.825411, -73.865062], [40.824005, -73.875859], [40.823546, -73.879376], [40.822902, -73.884202], [40.818909, -73.891864], [40.816311, -73.89456], [40.810795, -73.901259], [40.805015, -73.911341], [40.80156, -73.917151], [40.799267, -73.918823], [40.798167, -73.922715], [40.798499, -73.923319], [40.800967, -73.929187], [40.801167, -73.929562], [40.80268, -73.932616], [40.802694, -73.93341], [40.802764, -73.933577], [40.802092, -73.934075], [40.80196, -73.934173], [40.801453, -73.93453], [40.80082, -73.934991], [40.800196, -73.935445], [40.79956, -73.935912], [40.798942, -73.936357], [40.798308, -73.936821], [40.79768, -73.93728], [40.797016, -73.93777], [40.796314, -73.938292], [40.795075, -73.939186], [40.794461, -73.939634], [40.793816, -73.940108], [40.79476, -73.942347], [40.795449, -73.943949], [40.794808, -73.944417]]"
1,6,post,Demand cell 16,40.79480634727466,-73.94376314583958,anchor,Engine 53/Ladder 43,40.788923,-73.946985,111.2,0.805,osm_graph_emv,"[[40.794808, -73.944417], [40.794183, -73.944872], [40.79356, -73.945329], [40.79293, -73.945788], [40.79225, -73.946287], [40.791578, -73.946776], [40.790947, -73.947234], [40.790252, -73.945638], [40.789637, -73.946087], [40.789001, -73.94655]]"
2,1,post,Battalion 38/Engine 234/Ladder 123,40.670443,-73.933495,post,CSL MYRTLE AVE & BROADWAY,40.69698654,-73.93522264,399.5,3.416,osm_graph_emv,"[[40.670734, -73.933721], [40.670583, -73.930952], [40.671474, -73.930868], [40.672363, -73.930785], [40.673257, -73.930697], [40.674147, -73.930615], [40.675039, -73.930545], [40.675818, -73.930457], [40.676597, -73.930383], [40.677324, -73.930311], [40.67741, -73.930303], [40.677496, -73.930296], [40.678562, -73.929794], [40.679087, -73.929255], [40.679277, -73.929058], [40.679492, -73.928832], [40.679749, -73.928651], [40.680507, -73.928568], [40.681237, -73.928727], [40.68197, -73.928867], [40.682704, -73.929009], [40.683438, -73.929161], [40.684173, -73.929318], [40.6849, -73.929451], [40.685635, -73.929596], [40.686365, -73.92975], [40.6871, -73.929888], [40.68783, -73.930035], [40.688566, -73.930179], [40.689302, -73.930326], [40.690031, -73.93047], [40.690763, -73.930616], [40.691495, -73.93076], [40.692228, -73.930907], [40.692961, -73.931053], [40.693692, -73.931204], [40.694434, -73.931351], [40.694675, -73.931144], [40.694714, -73.931214], [40.694839, -73.93144], [40.695027, -73.931774], [40.695115, -73.931929], [40.695363, -73.93237], [40.695795, -73.933138], [40.696184, -73.933828], [40.696345, -73.934137], [40.696702, -73.93478], [40.696985, -73.935293]]"
2,2,post,CSL MYRTLE AVE & BROADWAY,40.69698654,-73.93522264,post,Engine 290/Ladder 103,40.665123,-73.895447,572.5,5.541,osm_graph_emv,"[[40.696985, -73.935293], [40.696702, -73.93478], [40.696345, -73.934137], [40.696184, -73.933828], [40.695795, -73.933138], [40.695363, -73.93237], [40.695115, -73.931929], [40.695027, -73.931774], [40.694839, -73.93144], [40.694714, -73.931214], [40.694675, -73.931144], [40.694317, -73.930512], [40.693864, -73.929702], [40.693343, -73.928813], [40.693243, -73.928643], [40.693215, -73.928593], [40.692788, -73.927828], [40.692604, -73.927507], [40.692346, -73.927071], [40.692092, -73.926614], [40.691989, -73.926429], [40.691927, -73.926318], [40.691488, -73.92555], [40.691364, -73.925331], [40.690829, -73.924394], [40.690735, -73.924227], [40.690401, -73.923642], [40.690252, -73.923389], [40.690128, -73.923162], [40.689925, -73.922806], [40.689526, -73.922106], [40.689072, -73.921306], [40.689019, -73.921214], [40.688878, -73.920967], [40.688641, -73.92055], [40.688346, -73.920045], [40.68824, -73.919863], [40.688211, -73.91981], [40.687784, -73.919061], [40.68772, -73.918944], [40.6876, -73.918733], [40.687357, -73.918294], [40.687213, -73.918046], [40.686985, -73.917622], [40.686491, -73.916789], [40.686373, -73.916574], [40.686072, -73.916046], [40.685755, -73.915484], [40.685645, -73.91529], [40.685317, -73.914701], [40.685227, -73.91454], [40.6848, -73.913798], [40.684514, -73.913307], [40.684367, -73.913038], [40.68393, -73.912299], [40.68351, -73.911525], [40.683092, -73.910769], [40.682684, -73.910067], [40.682235, -73.909275], [40.682105, -73.909055], [40.681974, -73.908821], [40.6819, -73.908689], [40.681804, -73.908517], [40.681378, -73.907773], [40.680948, -73.907018], [40.680757, -73.90671], [40.680507, -73.906282], [40.680141, -73.905659], [40.680079, -73.905535], [40.680011, -73.905423], [40.679641, -73.904791], [40.679514, -73.904565], [40.679218, -73.90406], [40.678945, -73.903579], [40.678882, -73.903559], [40.677866, -73.903338], [40.677577, -73.902239], [40.67722, -73.901213], [40.676921, -73.900895], [40.676689, -73.900724], [40.676577, -73.900642], [40.676823, -73.900032], [40.676916, -73.899094], [40.676939, -73.898948], [40.677051, -73.898201], [40.677194, -73.897218], [40.675812, -73.896871], [40.675672, -73.896835], [40.674397, -73.896509], [40.673148, -73.896189], [40.671893, -73.895867], [40.670628, -73.89556], [40.66937, -73.895222], [40.667833, -73.894831], [40.666297, -73.894439], [40.664752, -73.894042], [40.6646, -73.895016]]"
2,3,post,Engine 290/Ladder 103,40.665123,-73.895447,post,Engine 255/Ladder 157,40.636444,-73.95064,736.0,7.61,osm_graph_emv,"[[40.6646, -73.895016], [40.66308, -73.894628], [40.661361, -73.89418], [40.661135, -73.894693], [40.660993, -73.89502], [40.660772, -73.895501], [40.660599, -73.895885], [40.660413, -73.89631], [40.660217, -73.89674], [40.659833, -73.8976], [40.657827, -73.897086], [40.657731, -73.897061], [40.657595, -73.897982], [40.657427, -73.899111], [40.657373, -73.899812], [40.655369, -73.903192], [40.655066, -73.905136], [40.655014, -73.905484], [40.654797, -73.906932], [40.654615, -73.908162], [40.654381, -73.909744], [40.654237, -73.910712], [40.654196, -73.912373], [40.654201, -73.912517], [40.654238, -73.913848], [40.654288, -73.91535], [40.65437, -73.917493], [40.65441, -73.919213], [40.654424, -73.919637], [40.65447, -73.920972], [40.654617, -73.921849], [40.654632, -73.922012], [40.654334, -73.922136], [40.654321, -73.922317], [40.654279, -73.922916], [40.654221, -73.923849], [40.654162, -73.924821], [40.654103, -73.925789], [40.654044, -73.926721], [40.653985, -73.927694], [40.653923, -73.928662], [40.653862, -73.929594], [40.653805, -73.930604], [40.653742, -73.931608], [40.653683, -73.932539], [40.653626, -73.93351], [40.653563, -73.934483], [40.653505, -73.935416], [40.653445, -73.936386], [40.653386, -73.937356], [40.653327, -73.93829], [40.653267, -73.93926], [40.653207, -73.94023], [40.653149, -73.941164], [40.653091, -73.942098], [40.653033, -73.943029], [40.652973, -73.944002], [40.652915, -73.94497], [40.652855, -73.945905], [40.652796, -73.946873], [40.652642, -73.949769], [40.651697, -73.949668], [40.650807, -73.949571], [40.64978, -73.949465], [40.648923, -73.949368], [40.648141, -73.949285], [40.646886, -73.949152], [40.645132, -73.948964], [40.644427, -73.948888], [40.643243, -73.948761], [40.640952, -73.948515], [40.639987, -73.948414], [40.638607, -73.948265], [40.636276, -73.948015], [40.636217, -73.948989], [40.636161, -73.949921], [40.636083, -73.951112]]"
2,4,post,Engine 255/Ladder 157,40.636444,-73.95064,anchor,Battalion 38/Engine 234/Ladder 123,40.670443,-73.933495,566.4,5.629,osm_graph_emv,"[[40.636083, -73.951112], [40.638426, -73.951158], [40.639808, -73.951306], [40.640767, -73.951406], [40.643066, -73.951652], [40.644305, -73.951785], [40.644952, -73.951854], [40.646771, -73.952051], [40.648021, -73.952189], [40.648795, -73.95227], [40.649669, -73.952363], [40.65067, -73.952469], [40.651545, -73.952566], [40.65249, -73.952664], [40.653978, -73.952824], [40.65525, -73.952959], [40.656081, -73.953048], [40.656915, -73.953139], [40.657661, -73.95322], [40.658514, -73.953309], [40.659227, -73.953384], [40.659937, -73.953461], [40.660648, -73.953539], [40.661388, -73.953615], [40.662174, -73.9537], [40.662945, -73.953786], [40.663727, -73.953863], [40.664514, -73.953787], [40.665549, -73.95369], [40.666438, -73.953606], [40.667333, -73.953521], [40.668224, -73.953439], [40.669115, -73.953353], [40.669798, -73.953289], [40.670023, -73.953268], [40.669876, -73.950502], [40.669722, -73.947729], [40.669572, -73.94496], [40.669416, -73.942192], [40.669269, -73.939425], [40.669118, -73.936655], [40.669318, -73.936635], [40.670041, -73.936569], [40.670886, -73.93649], [40.670734, -73.933721]]"
3,1,anchor,Bronx Borough Command,40.846372,-73.899241,post,Division 7/Engine 48/Ladder 56,40.859318,-73.893992,156.6,1.649,osm_graph_emv,"[[40.846345, -73.899843], [40.847304, -73.899301], [40.847432, -73.899673], [40.847655, -73.900711], [40.847764, -73.900929], [40.849217, -73.9001], [40.850116, -73.899525], [40.850458, -73.899307], [40.851913, -73.898365], [40.852308, -73.898104], [40.854908, -73.89644], [40.855596, -73.896007], [40.856246, -73.895581], [40.856743, -73.895263], [40.858786, -73.893949], [40.858999, -73.893808]]"
3,2,post,Division 7/Engine 48/Ladder 56,40.859318,-73.893992,post,Battalion 13/Engine 93/Ladder 45,40.848722,-73.931662,343.8,4.349,osm_graph_emv,"[[40.858999, -73.893808], [40.858786, -73.893949], [40.856743, -73.895263], [40.856246, -73.895581], [40.855596, -73.896007], [40.854908, -73.89644], [40.852308, -73.898104], [40.851913, -73.898365], [40.850458, -73.899307], [40.850116, -73.899525], [40.849217, -73.9001], [40.847764, -73.900929], [40.84766, -73.900979], [40.846863, -73.901413], [40.845642, -73.902097], [40.844967, -73.902476], [40.844917, -73.905477], [40.845219, -73.911573], [40.845247, -73.914036], [40.845139, -73.918134], [40.845136, -73.920658], [40.84525, -73.924431], [40.847547, -73.929498], [40.848136, -73.93088], [40.84874, -73.932333]]"
3,3,post,Battalion 13/Engine 93/Ladder 45,40.848722,-73.931662,post,CSL 3 AVE & E 163 ST,40.82406664,-73.90870859,433.3,4.08,osm_graph_emv,"[[40.84874, -73.932333], [40.848136, -73.93088], [40.847513, -73.929641], [40.845229, -73.924585], [40.844561, -73.923638], [40.844305, -73.922961], [40.843043, -73.922982], [40.842679, -73.922852], [40.841746, -73.922473], [40.840971, -73.922008], [40.840319, -73.921591], [40.8396, -73.921415], [40.838909, -73.921685], [40.838491, -73.921963], [40.837648, -73.922344], [40.836135, -73.922327], [40.835724, -73.921285], [40.835401, -73.920319], [40.835262, -73.919911], [40.835106, -73.919435], [40.835015, -73.919174], [40.833922, -73.916111], [40.833842, -73.915861], [40.833703, -73.915349], [40.833588, -73.91498], [40.833286, -73.914079], [40.832264, -73.913681], [40.83123, -73.913257], [40.830936, -73.912395], [40.830999, -73.91138], [40.830737, -73.91049], [40.829143, -73.911399], [40.828873, -73.911555], [40.828468, -73.91182], [40.827877, -73.912019], [40.827825, -73.911851], [40.82776, -73.911673], [40.826448, -73.911806], [40.824859, -73.911293], [40.824643, -73.910572], [40.824469, -73.909903], [40.82407, -73.908711]]"
3,4,post,CSL 3 AVE & E 163 ST,40.82406664,-73.90870859,anchor,Bronx Borough Command,40.846372,-73.899241,319.6,3.006,osm_graph_emv,"[[40.82407, -73.908711], [40.824469, -73.909903], [40.824643, -73.910572], [40.824859, -73.911293], [40.826448, -73.911806], [40.82776, -73.911673], [40.828195, -73.911664], [40.828873, -73.911555], [40.829143, -73.911399], [40.830737, -73.91049], [40.832281, -73.909621], [40.832743, -73.909362], [40.833924, -73.908652], [40.836267, -73.907405], [40.837218, -73.906803], [40.838505, -73.905979], [40.83944, -73.905538], [40.839691, -73.905404], [40.839787, -73.905354], [40.840361, -73.905053], [40.840894, -73.9047], [40.841457, -73.904441], [40.841971, -73.904163], [40.842217, -73.904027], [40.843014, -73.90357], [40.842671, -73.902348], [40.842555, -73.901969], [40.843368, -73.901511], [40.844587, -73.900824], [40.845127, -73.900524], [40.846345, -73.899843]]"
4,1,post,Battalion 50/Engine 298/Ladder 127,40.707617,-73.804199,post,Engine 302/Ladder 155,40.674054,-73.795083,403.5,5.331,osm_graph_emv,"[[40.707236, -73.804503], [40.706642, -73.806593], [40.7061, -73.808499], [40.705956, -73.809005], [40.70576, -73.809697], [40.705505, -73.810593], [40.705131, -73.811908], [40.704882, -73.812785], [40.70441, -73.814443], [40.704196, -73.815224], [40.704166, -73.815386], [40.704088, -73.816389], [40.704002, -73.81755], [40.7029, -73.817068], [40.702441, -73.816857], [40.701401, -73.816309], [40.700327, -73.81571], [40.699526, -73.815059], [40.686764, -73.807772], [40.678971, -73.80405], [40.67741, -73.803295], [40.674903, -73.802342], [40.674419, -73.802078], [40.67435, -73.801209], [40.674307, -73.800649], [40.674225, -73.799848], [40.67414, -73.79893], [40.674087, -73.798365], [40.67405, -73.797922], [40.67385, -73.795705], [40.673761, -73.794726]]"
4,2,post,Engine 302/Ladder 155,40.674054,-73.795083,post,Battalion 47/Engine 265/Ladder 121,40.593539,-73.779164,1188.1,13.461,osm_graph_emv,"[[40.673761, -73.794726], [40.673675, -73.793752], [40.673572, -73.792614], [40.67349, -73.791652], [40.673419, -73.790798], [40.673391, -73.790474], [40.673298, -73.789886], [40.673158, -73.789017], [40.67301, -73.788085], [40.672723, -73.786537], [40.672398, -73.785768], [40.671567, -73.784652], [40.670495, -73.783586], [40.670024, -73.783117], [40.669421, -73.7825], [40.668878, -73.781942], [40.66861, -73.781667], [40.668029, -73.781075], [40.66753, -73.780685], [40.666761, -73.780022], [40.666316, -73.779627], [40.665911, -73.779188], [40.665644, -73.778953], [40.665062, -73.778444], [40.66485, -73.778331], [40.664083, -73.777695], [40.663585, -73.777216], [40.661848, -73.775808], [40.661207, -73.77549], [40.660842, -73.775453], [40.660447, -73.775493], [40.660241, -73.775436], [40.659628, -73.773961], [40.659589, -73.773888], [40.659392, -73.773548], [40.656443, -73.768022], [40.65614, -73.767459], [40.656088, -73.76736], [40.65579, -73.766801], [40.640578, -73.743424], [40.638651, -73.741585], [40.637966, -73.741148], [40.636809, -73.740662], [40.636106, -73.740384], [40.635636, -73.74021], [40.634938, -73.739865], [40.634688, -73.739775], [40.631976, -73.738705], [40.631903, -73.738673], [40.630994, -73.738384], [40.628805, -73.739258], [40.628065, -73.739811], [40.627085, -73.740394], [40.624021, -73.740854], [40.623672, -73.740933], [40.623018, -73.740994], [40.618674, -73.741314], [40.616459, -73.74252], [40.614121, -73.743787], [40.610546, -73.743622], [40.610312, -73.744129], [40.609867, -73.74514], [40.60966, -73.7456], [40.60952, -73.745907], [40.609407, -73.746161], [40.609109, -73.746841], [40.608757, -73.747608], [40.6087, -73.747687], [40.607874, -73.748691], [40.607143, -73.749587], [40.606698, -73.750133], [40.606522, -73.750344], [40.605917, -73.751073], [40.605827, -73.751182], [40.605285, -73.751837], [40.604227, -73.752866], [40.604569, -73.753538], [40.604783, -73.753999], [40.604979, -73.754422], [40.605344, -73.755276], [40.604066, -73.755836], [40.603929, -73.75596], [40.603843, -73.756145], [40.603377, -73.757032], [40.602874, -73.757984], [40.602687, -73.758338], [40.60232, -73.759025], [40.601989, -73.759562], [40.601607, -73.760186], [40.601533, -73.760415], [40.601385, -73.760876], [40.600572, -73.762101], [40.599733, -73.763873], [40.598725, -73.765999], [40.597302, -73.767179], [40.596492, -73.767518], [40.596282, -73.767705], [40.596221, -73.768742], [40.596113, -73.76975], [40.596017, -73.770641], [40.595923, -73.771503], [40.59583, -73.772331], [40.595809, -73.772839], [40.59578, -73.773887], [40.595748, -73.774775], [40.595684, -73.775723], [40.595622, -73.776557], [40.595563, -73.777394], [40.595506, -73.778223], [40.595448, -73.779049], [40.593387, -73.7788]]"
4,3,post,Battalion 47/Engine 265/Ladder 121,40.593539,-73.779164,post,CSL ROOSEVELT AVE & 94 ST,40.74873875,-73.87264739,1971.7,26.253,osm_graph_emv,"[[40.593387, -73.7788], [40.593467, -73.77798], [40.595506, -73.778223], [40.595563, -73.777394], [40.595622, -73.776557], [40.595684, -73.775723], [40.595748, -73.774775], [40.59578, -73.773887], [40.595809, -73.772839], [40.59583, -73.772331], [40.595923, -73.771503], [40.596017, -73.770641], [40.596113, -73.76975], [40.596221, -73.768742], [40.596282, -73.767705], [40.596237, -73.767485], [40.596382, -73.767366], [40.596716, -73.767176], [40.597302, -73.767179], [40.598725, -73.765999], [40.599733, -73.763873], [40.600572, -73.762101], [40.601385, -73.760876], [40.601533, -73.760415], [40.601607, -73.760186], [40.601989, -73.759562], [40.60232, -73.759025], [40.602687, -73.758338], [40.602874, -73.757984], [40.603377, -73.757032], [40.603843, -73.756145], [40.603929, -73.75596], [40.604066, -73.755836], [40.605344, -73.755276], [40.604979, -73.754422], [40.604783, -73.753999], [40.604569, -73.753538], [40.604227, -73.752866], [40.605285, -73.751837], [40.605827, -73.751182], [40.605917, -73.751073], [40.606522, -73.750344], [40.606698, -73.750133], [40.607143, -73.749587], [40.607874, -73.748691], [40.6087, -73.747687], [40.608757, -73.747608], [40.609109, -73.746841], [40.609407, -73.746161], [40.60952, -73.745907], [40.60966, -73.7456], [40.609867, -73.74514], [40.610312, -73.744129], [40.610546, -73.743622], [40.610658, -73.743373], [40.614143, -73.743495], [40.616445, -73.74225], [40.618687, -73.74104], [40.623046, -73.740795], [40.624021, -73.740854], [40.627085, -73.740394], [40.628065, -73.739811], [40.628805, -73.739258], [40.630263, -73.738085], [40.630525, -73.73801], [40.631903, -73.738673], [40.631976, -73.738705], [40.634688, -73.739775], [40.634938, -73.739865], [40.635672, -73.740039], [40.636141, -73.740218], [40.640721, -73.743356], [40.655343, -73.765652], [40.655589, -73.766089], [40.656194, -73.767193], [40.656271, -73.767343], [40.656947, -73.768606], [40.657502, -73.769653], [40.658044, -73.770673], [40.65914, -73.772814], [40.659228, -73.772969], [40.659741, -73.773755], [40.660447, -73.775493], [40.660838, -73.776724], [40.661678, -73.778581], [40.661722, -73.778675], [40.665232, -73.789446], [40.666438, -73.793749], [40.666723, -73.796806], [40.666791, -73.799594], [40.668733, -73.800871], [40.672681, -73.800896], [40.675388, -73.802002], [40.677801, -73.8032], [40.679689, -73.80411], [40.687239, -73.807843], [40.689151, -73.808941], [40.69416, -73.811741], [40.699529, -73.814887], [40.702318, -73.816161], [40.706248, -73.818147], [40.707606, -73.818953], [40.710135, -73.820605], [40.712201, -73.822995], [40.71695, -73.829516], [40.722203, -73.835592], [40.73016, -73.840707], [40.732246, -73.842849], [40.735959, -73.844789], [40.744845, -73.847193], [40.747492, -73.84872], [40.747787, -73.848874], [40.748862, -73.849131], [40.749084, -73.848921], [40.749196, -73.848995], [40.749355, -73.849094], [40.750127, -73.849454], [40.750532, -73.849854], [40.750911, -73.850003], [40.751089, -73.85007], [40.75235, -73.850848], [40.753393, -73.851277], [40.753565, -73.850622], [40.75312, -73.850637], [40.75253, -73.85262], [40.751959, -73.85455], [40.751579, -73.855841], [40.750715, -73.858753], [40.749979, -73.861753], [40.749868, -73.862726], [40.749719, -73.86414], [40.749464, -73.866557], [40.7494, -73.867252], [40.749376, -73.867514], [40.749264, -73.868458], [40.749157, -73.869425], [40.749058, -73.870378], [40.748957, -73.871356], [40.748906, -73.871841], [40.748852, -73.872373], [40.748813, -73.872774]]"
4,4,post,CSL ROOSEVELT AVE & 94 ST,40.74873875,-73.87264739,post,Engine 273/Ladder 129,40.759869,-73.82657,460.1,4.132,osm_graph_emv,"[[40.748813, -73.872774], [40.748852, -73.872373], [40.748906, -73.871841], [40.748957, -73.871356], [40.749058, -73.870378], [40.749157, -73.869425], [40.749264, -73.868458], [40.749376, -73.867514], [40.7494, -73.867252], [40.749464, -73.866557], [40.749719, -73.86414], [40.749868, -73.862726], [40.749979, -73.861753], [40.750715, -73.858753], [40.751579, -73.855841], [40.751959, -73.85455], [40.75253, -73.85262], [40.75312, -73.850637], [40.753249, -73.85021], [40.753302, -73.850029], [40.753444, -73.849574], [40.755342, -73.843238], [40.7572, -73.838213], [40.7577, -73.836612], [40.758097, -73.834321], [40.758135, -73.834203], [40.758856, -73.832225], [40.758961, -73.831917], [40.759561, -73.830136], [40.760464, -73.826541]]"
4,5,post,Engine 273/Ladder 129,40.759869,-73.82657,anchor,Battalion 50/Engine 298/Ladder 127,40.707617,-73.804199,679.7,9.935,osm_graph_emv,"[[40.760464, -73.826541], [40.761107, -73.826875], [40.761616, -73.827123], [40.76243, -73.827506], [40.763868, -73.828123], [40.764055, -73.82809], [40.763918, -73.828733], [40.763666, -73.829767], [40.763566, -73.830208], [40.763491, -73.830525], [40.763304, -73.831311], [40.763127, -73.832052], [40.76303, -73.83244], [40.762832, -73.833286], [40.762663, -73.838011], [40.763467, -73.839174], [40.762235, -73.839587], [40.759164, -73.83892], [40.75069, -73.835485], [40.746358, -73.835836], [40.739762, -73.837131], [40.739057, -73.836926], [40.728851, -73.833438], [40.725298, -73.830564], [40.720686, -73.82647], [40.712353, -73.82344], [40.709217, -73.820149], [40.707329, -73.819319], [40.706682, -73.818832], [40.705933, -73.818354], [40.704465, -73.817732], [40.704002, -73.81755], [40.704088, -73.816389], [40.704166, -73.815386], [40.704196, -73.815224], [40.70441, -73.814443], [40.704882, -73.812785], [40.705131, -73.811908], [40.705505, -73.810593], [40.70576, -73.809697], [40.705956, -73.809005], [40.7061, -73.808499], [40.706642, -73.806593], [40.707236, -73.804503]]"
5,1,anchor,Battalion 42/Engine 243/Ladder 168,40.606037,-74.003495,post,Engine 246/Ladder 169,40.584275,-73.959413,448.4,5.892,osm_graph_emv,"[[40.605568, -74.004425], [40.605075, -74.004934], [40.603897, -74.006172], [40.602654, -74.007463], [40.602291, -74.006781], [40.60184, -74.005924], [40.601432, -74.00514], [40.601022, -74.004354], [40.600628, -74.003602], [40.600213, -74.002823], [40.599719, -74.002122], [40.59926, -74.001447], [40.598774, -74.000744], [40.598296, -74.000045], [40.598069, -73.999707], [40.597793, -73.999395], [40.597533, -73.998963], [40.597279, -73.998656], [40.59668, -73.999296], [40.596544, -73.999436], [40.596464, -73.999499], [40.595736, -74.000359], [40.595693, -74.00023], [40.595109, -73.999062], [40.594271, -73.997203], [40.587192, -73.991659], [40.58447, -73.987874], [40.583489, -73.984034], [40.582908, -73.973827], [40.583856, -73.967665], [40.584006, -73.965093], [40.584053, -73.963309], [40.58416, -73.962431], [40.584196, -73.962177], [40.583916, -73.961422], [40.583532, -73.960688], [40.583256, -73.960065], [40.583361, -73.960028], [40.583498, -73.959975], [40.583597, -73.959059], [40.584305, -73.95911]]"
5,2,post,Engine 246/Ladder 169,40.584275,-73.959413,post,Engine 247,40.62802,-73.997775,732.8,8.63,osm_graph_emv,"[[40.584305, -73.95911], [40.584457, -73.957638], [40.583764, -73.957513], [40.583098, -73.957311], [40.582919, -73.959011], [40.583361, -73.960028], [40.583395, -73.9601], [40.584381, -73.964143], [40.584109, -73.965808], [40.584013, -73.967476], [40.583265, -73.972621], [40.583502, -73.983483], [40.584425, -73.987373], [40.585652, -73.989878], [40.594336, -73.99701], [40.596349, -73.999002], [40.59668, -73.999296], [40.597279, -73.998656], [40.598555, -73.99734], [40.600233, -73.995594], [40.601944, -73.993815], [40.602421, -73.994585], [40.602828, -73.99532], [40.603279, -73.996061], [40.603728, -73.9968], [40.604163, -73.997512], [40.604612, -73.99826], [40.605057, -73.998995], [40.605489, -73.999711], [40.605943, -74.000461], [40.60639, -74.0012], [40.606573, -74.00151], [40.606967, -74.001605], [40.607674, -74.001706], [40.608007, -74.001724], [40.609137, -74.001853], [40.610207, -74.001549], [40.610915, -74.001364], [40.611082, -74.001317], [40.61185, -74.001073], [40.612388, -74.000911], [40.612616, -74.000842], [40.612763, -74.000801], [40.613394, -74.000627], [40.614178, -74.000414], [40.614951, -74.000192], [40.615783, -73.999943], [40.616622, -73.999708], [40.617407, -73.999495], [40.617631, -73.999431], [40.618178, -73.999271], [40.618947, -73.999036], [40.619721, -73.998812], [40.620502, -73.998595], [40.62127, -73.998382], [40.62166, -73.998276], [40.622076, -73.998155], [40.622468, -73.99804], [40.622834, -73.99794], [40.623683, -73.99771], [40.624501, -73.997453], [40.625285, -73.997226], [40.626058, -73.997009], [40.626827, -73.996786], [40.627193, -73.996682], [40.627637, -73.996555]]"
5,3,post,Engine 247,40.62802,-73.997775,post,Division 8/Engine 160/Rescue 5,40.60732,-74.089242,756.4,10.106,osm_graph_emv,"[[40.627637, -73.996555], [40.627193, -73.996682], [40.626932, -73.996955], [40.626377, -73.997536], [40.625816, -73.998117], [40.625257, -73.998697], [40.624656, -73.999321], [40.625983, -74.001521], [40.627312, -74.003723], [40.628644, -74.005926], [40.629974, -74.008128], [40.630634, -74.009224], [40.630114, -74.010003], [40.629647, -74.010699], [40.629162, -74.011428], [40.628684, -74.012142], [40.628207, -74.012858], [40.627728, -74.013572], [40.627247, -74.014285], [40.626777, -74.01501], [40.626295, -74.015708], [40.62577, -74.016481], [40.625269, -74.017262], [40.624788, -74.017976], [40.624418, -74.01856], [40.624309, -74.01886], [40.62428, -74.01998], [40.622453, -74.021396], [40.621863, -74.021884], [40.620564, -74.022735], [40.619296, -74.023802], [40.616144, -74.026413], [40.612949, -74.029885], [40.610879, -74.031831], [40.602476, -74.06294], [40.602639, -74.063791], [40.603047, -74.065458], [40.603693, -74.067901], [40.604252, -74.069412], [40.606139, -74.075656], [40.606506, -74.080662], [40.606958, -74.083755], [40.607474, -74.085139], [40.607796, -74.085966], [40.608108, -74.086766], [40.608739, -74.088379], [40.609063, -74.089215], [40.609413, -74.090109], [40.608786, -74.090805], [40.607925, -74.089224], [40.607621, -74.088435], [40.607301, -74.088756]]"
5,4,post,Division 8/Engine 160/Rescue 5,40.60732,-74.089242,anchor,Battalion 42/Engine 243/Ladder 168,40.606037,-74.003495,662.7,9.668,osm_graph_emv,"[[40.607301, -74.088756], [40.607621, -74.088435], [40.607303, -74.087606], [40.606988, -74.086787], [40.606709, -74.085973], [40.606637, -74.085715], [40.606284, -74.08397], [40.605611, -74.077876], [40.605572, -74.077507], [40.605535, -74.077159], [40.605486, -74.076688], [40.605438, -74.076203], [40.605434, -74.076163], [40.604969, -74.071849], [40.604007, -74.069458], [40.601759, -74.060427], [40.610644, -74.031744], [40.612756, -74.030978], [40.60546, -74.030967], [40.604699, -74.025854], [40.604511, -74.021743], [40.603434, -74.019452], [40.603332, -74.019175], [40.60497, -74.017467], [40.605149, -74.017286], [40.606842, -74.015499], [40.606434, -74.014703], [40.606016, -74.01391], [40.605622, -74.013156], [40.605216, -74.012373], [40.60476, -74.0115], [40.604357, -74.01074], [40.604312, -74.010647], [40.603861, -74.00978], [40.60345, -74.008995], [40.603056, -74.008244], [40.602654, -74.007463], [40.603897, -74.006172], [40.605075, -74.004934], [40.605568, -74.004425]]"
6,1,post,Engine 55,40.719841,-73.99576,post,Demand cell 0,40.75326091935127,-73.99687694261122,517.8,4.863,osm_graph_emv,"[[40.719871, -73.995257], [40.720632, -73.994966], [40.720343, -73.994113], [40.720302, -73.993994], [40.720945, -73.993744], [40.721625, -73.993483], [40.722347, -73.993216], [40.722806, -73.993034], [40.724055, -73.992574], [40.724197, -73.992531], [40.724885, -73.99229], [40.725226, -73.992168], [40.725629, -73.992025], [40.726382, -73.991749], [40.727087, -73.99155], [40.727753, -73.991229], [40.728356, -73.990788], [40.729894, -73.99074], [40.730576, -73.990491], [40.73101, -73.990451], [40.731288, -73.990388], [40.731968, -73.990217], [40.732756, -73.990026], [40.733523, -73.989847], [40.734428, -73.98989], [40.735317, -73.989871], [40.735966, -73.989407], [40.736541, -73.98898], [40.737136, -73.988542], [40.737716, -73.988118], [40.738303, -73.987693], [40.738898, -73.987259], [40.739508, -73.986812], [40.740169, -73.986303], [40.740826, -73.985827], [40.741452, -73.98537], [40.742071, -73.984918], [40.742689, -73.984469], [40.743311, -73.984016], [40.74393, -73.983567], [40.744546, -73.983119], [40.745157, -73.982674], [40.745779, -73.982218], [40.746394, -73.981761], [40.747046, -73.981266], [40.747125, -73.981454], [40.747771, -73.982961], [40.748454, -73.984545], [40.749801, -73.987746], [40.751009, -73.990612], [40.752199, -73.993458], [40.753408, -73.996318]]"
6,2,post,Demand cell 0,40.75326091935127,-73.99687694261122,post,Engine 262,40.767526,-73.929232,695.3,8.014,osm_graph_emv,"[[40.753408, -73.996318], [40.752199, -73.993458], [40.751009, -73.990612], [40.749801, -73.987746], [40.748454, -73.984545], [40.747771, -73.982961], [40.747125, -73.981454], [40.747046, -73.981266], [40.746406, -73.979744], [40.745739, -73.978127], [40.745401, -73.977335], [40.744792, -73.975888], [40.744502, -73.975202], [40.745179, -73.974743], [40.745783, -73.974319], [40.745663, -73.973442], [40.741344, -73.952733], [40.741324, -73.95245], [40.741287, -73.951451], [40.74133, -73.950817], [40.741625, -73.949519], [40.742328, -73.949295], [40.742533, -73.949228], [40.743912, -73.948763], [40.7447, -73.948501], [40.745294, -73.948301], [40.745987, -73.948071], [40.746681, -73.94784], [40.747368, -73.947608], [40.748113, -73.947361], [40.748858, -73.947111], [40.749508, -73.946667], [40.750653, -73.94566], [40.751111, -73.945188], [40.752108, -73.944235], [40.752551, -73.943823], [40.753998, -73.94243], [40.755234, -73.941239], [40.756487, -73.94004], [40.757503, -73.939097], [40.758007, -73.9386], [40.758722, -73.937911], [40.759889, -73.936787], [40.761344, -73.935396], [40.762826, -73.933981], [40.76399, -73.93287], [40.764642, -73.932259], [40.765227, -73.931697], [40.766065, -73.930893], [40.766666, -73.930386], [40.767336, -73.92986]]"
6,3,post,Engine 262,40.767526,-73.929232,post,Engine 226,40.68707,-73.982768,1063.0,12.345,osm_graph_emv,"[[40.767336, -73.92986], [40.766666, -73.930386], [40.766065, -73.930893], [40.765227, -73.931697], [40.764642, -73.932259], [40.76399, -73.93287], [40.762826, -73.933981], [40.761344, -73.935396], [40.759889, -73.936787], [40.758722, -73.937911], [40.758007, -73.9386], [40.757503, -73.939097], [40.756487, -73.94004], [40.755234, -73.941239], [40.753998, -73.94243], [40.752551, -73.943823], [40.752108, -73.944235], [40.751111, -73.945188], [40.750653, -73.94566], [40.749508, -73.946667], [40.748858, -73.947111], [40.748113, -73.947361], [40.747368, -73.947608], [40.746681, -73.94784], [40.745987, -73.948071], [40.745294, -73.948301], [40.7447, -73.948501], [40.744622, -73.948671], [40.744089, -73.949685], [40.743547, -73.950714], [40.743356, -73.951076], [40.743265, -73.951258], [40.74319, -73.951408], [40.742709, -73.951494], [40.735006, -73.952574], [40.734689, -73.952512], [40.733985, -73.952324], [40.733274, -73.952207], [40.732569, -73.952089], [40.731859, -73.951971], [40.731153, -73.95185], [40.730459, -73.951569], [40.728976, -73.950722], [40.727944, -73.950133], [40.726279, -73.949185], [40.724618, -73.948233], [40.723316, -73.947502], [40.722766, -73.947152], [40.722206, -73.946575], [40.72158, -73.94588], [40.721333, -73.945596], [40.720786, -73.945008], [40.720622, -73.944827], [40.720074, -73.945112], [40.718964, -73.946315], [40.717927, -73.948], [40.713727, -73.953663], [40.711767, -73.955612], [40.703669, -73.959975], [40.695866, -73.96499], [40.696803, -73.981134], [40.696122, -73.981702], [40.69606, -73.982734], [40.696075, -73.983215], [40.696107, -73.984083], [40.696123, -73.98447], [40.696133, -73.984676], [40.695966, -73.98459], [40.693721, -73.983431], [40.693605, -73.983375], [40.693027, -73.983115], [40.692056, -73.982623], [40.691166, -73.982176], [40.68993, -73.981554], [40.688949, -73.980971], [40.688903, -73.98094], [40.688761, -73.980843], [40.687952, -73.981393], [40.687328, -73.981811], [40.686721, -73.982232]]"
6,4,post,Engine 226,40.68707,-73.982768,anchor,Engine 55,40.719841,-73.99576,405.5,4.347,osm_graph_emv,"[[40.686721, -73.982232], [40.685959, -73.980272], [40.686641, -73.979812], [40.686691, -73.97936], [40.687314, -73.979813], [40.688761, -73.980843], [40.688903, -73.98094], [40.688949, -73.980971], [40.689925, -73.98138], [40.691334, -73.982077], [40.692054, -73.982438], [40.69358, -73.98319], [40.693687, -73.983242], [40.69396, -73.98338], [40.694833, -73.9838], [40.695537, -73.98416], [40.695963, -73.984383], [40.696123, -73.98447], [40.697215, -73.985008], [40.697625, -73.985202], [40.715539, -73.995252], [40.716016, -73.99545], [40.716608, -73.995849], [40.71729, -73.995439], [40.718478, -73.994808], [40.719467, -73.994395], [40.719871, -73.995257]]"
