post_id,unit_id,loop_seq,candidate_id,post_name,layer,borough,lat,lon,is_anchor,assigned_weight,demand_share,cells_assigned,mean_response_s,coverage_share_assigned,response_source
18,1,1,39,Engine 39/Ladder 16,fdny_firehouse,MANHATTAN,40.767062,-73.963612,True,116.0,0.037945698397121363,16,177.3,1.0,osm_graph_emv
24,1,2,34,Engine 37/Ladder 40,fdny_firehouse,MANHATTAN,40.811921,-73.9546,True,139.0,0.04546941445861956,18,169.1,1.0,osm_graph_emv
11,1,3,67,Engine 62/Ladder 32,fdny_firehouse,BRONX,40.876269,-73.867362,True,143.0,0.046777886817140985,25,219.2,0.9301,osm_graph_emv
23,1,4,78,Engine 64/Ladder 47,fdny_firehouse,BRONX,40.832437,-73.850876,True,121.0,0.03958128884527314,15,232.7,1.0,osm_graph_emv
7,1,5,785,Demand cell 16,demand_cell,,40.79480634727466,-73.94376314583958,False,123.0,0.040235525024533855,12,121.1,1.0,osm_graph_emv
8,2,1,94,Battalion 38/Engine 234/Ladder 123,fdny_firehouse,BROOKLYN,40.670443,-73.933495,True,120.0,0.03925417075564279,23,212.2,1.0,osm_graph_emv
20,2,2,312,CSL MYRTLE AVE & BROADWAY,csl,BROOKLYN,40.69698654,-73.93522264,False,167.0,0.05462872096826955,30,207.9,0.9641,osm_graph_emv
14,2,3,118,Engine 290/Ladder 103,fdny_firehouse,BROOKLYN,40.665123,-73.895447,True,188.0,0.061498200850507036,29,234.8,0.9894,osm_graph_emv
3,2,4,125,Engine 255/Ladder 157,fdny_firehouse,BROOKLYN,40.636444,-73.95064,True,97.0,0.03173045469414459,19,202.3,1.0,osm_graph_emv
2,3,1,60,Division 7/Engine 48/Ladder 56,fdny_firehouse,BRONX,40.859318,-73.893992,True,182.0,0.0595354923127249,19,181.4,1.0,osm_graph_emv
16,3,2,42,Battalion 13/Engine 93/Ladder 45,fdny_firehouse,MANHATTAN,40.848722,-73.931662,True,182.0,0.0595354923127249,22,207.0,0.989,osm_graph_emv
17,3,3,242,CSL 3 AVE & E 163 ST,csl,BRONX,40.82406664,-73.90870859,False,206.0,0.06738632646385345,21,171.0,1.0,osm_graph_emv
21,4,1,182,Battalion 50/Engine 298/Ladder 127,fdny_firehouse,QUEENS,40.707617,-73.804199,True,143.0,0.046777886817140985,36,314.2,0.7552,osm_graph_emv
4,4,2,187,Engine 302/Ladder 155,fdny_firehouse,QUEENS,40.674054,-73.795083,True,86.0,0.028132155708210663,23,335.2,0.8953,osm_graph_emv
13,4,3,198,Battalion 47/Engine 265/Ladder 121,fdny_firehouse,QUEENS,40.593539,-73.779164,True,51.0,0.016683022571148183,12,321.1,0.8039,osm_graph_emv
1,4,4,548,CSL ROOSEVELT AVE & 94 ST,csl,QUEENS,40.74873875,-73.87264739,False,99.0,0.0323846908734053,25,231.9,0.9596,osm_graph_emv
12,4,5,168,Engine 273/Ladder 129,fdny_firehouse,QUEENS,40.759869,-73.82657,True,62.0,0.020281321557082108,19,292.1,0.7903,osm_graph_emv
9,5,1,143,Engine 246/Ladder 169,fdny_firehouse,BROOKLYN,40.584275,-73.959413,True,100.0,0.03271180896303565,17,281.7,1.0,osm_graph_emv
19,5,2,128,Engine 247,fdny_firehouse,BROOKLYN,40.62802,-73.997775,True,83.0,0.027150801439319593,22,262.3,1.0,osm_graph_emv
5,5,3,211,Division 8/Engine 160/Rescue 5,fdny_firehouse,STATEN ISLAND,40.60732,-74.089242,True,101.0,0.03303892705266601,32,475.1,0.4356,osm_graph_emv
15,6,1,37,Engine 55,fdny_firehouse,MANHATTAN,40.719841,-73.99576,True,187.0,0.061171082760876676,21,176.2,1.0,osm_graph_emv
6,6,2,769,Demand cell 0,demand_cell,,40.75326091935127,-73.99687694261122,False,141.0,0.04612365063788027,11,125.8,1.0,osm_graph_emv
22,6,3,153,Engine 262,fdny_firehouse,QUEENS,40.767526,-73.929232,True,95.0,0.031076218514883874,22,240.3,0.9684,osm_graph_emv
10,6,4,83,Engine 226,fdny_firehouse,BROOKLYN,40.68707,-73.982768,True,125.0,0.04088976120379457,25,219.0,1.0,osm_graph_emv
