candidate_id,site_name,layer,lon,lat,is_existing,borough,plan_rank,assigned_demand,assigned_share
0,Acton,existing_firehouse,-0.2689473763298597,51.50841551179469,True,London,0,1068.0,0.0089
1,Addington,existing_firehouse,-0.0202822838111048,51.35248802998444,True,London,1,785.0,0.006541666666666667
2,Barking,existing_firehouse,0.0952316592114211,51.53520751092956,True,London,2,1091.0,0.009091666666666666
3,Barnet,existing_firehouse,-0.185329982046547,51.647526691604824,True,London,3,836.0,0.006966666666666667
4,Battersea,existing_firehouse,-0.1696638921853716,51.46732051661053,True,London,4,1137.0,0.009475
5,Beckenham,existing_firehouse,-0.035543445789276,51.412039584256334,True,London,5,887.0,0.007391666666666667
6,Bethnal Green,existing_firehouse,-0.0476510069201038,51.52853786742732,True,London,6,1405.0,0.011708333333333333
7,Bexley,existing_firehouse,0.1504374137842553,51.45671792935439,True,London,7,763.0,0.006358333333333333
8,Biggin Hill,existing_firehouse,0.0350513884128323,51.31488019300775,True,London,8,157.0,0.0013083333333333334
9,Brixton,existing_firehouse,-0.1132973017076816,51.464749183729616,True,London,9,1757.0,0.014641666666666667
10,Bromley,existing_firehouse,0.0176108219572189,51.40674066698669,True,London,10,1121.0,0.009341666666666667
11,Chelsea,existing_firehouse,-0.1669285769086095,51.49059638594536,True,London,11,1331.0,0.011091666666666666
12,Chingford,existing_firehouse,-0.0078082274968547,51.62032222768234,True,London,12,557.0,0.004641666666666666
13,Chiswick,existing_firehouse,-0.2705404684445122,51.49040891753303,True,London,13,677.0,0.005641666666666666
14,Clapham,existing_firehouse,-0.1380133529481051,51.46532024838871,True,London,14,1151.0,0.009591666666666667
15,Croydon,existing_firehouse,-0.100023460389166,51.372737453850505,True,London,15,1886.0,0.015716666666666667
16,Dagenham,existing_firehouse,0.1473819682493731,51.55507809985688,True,London,16,1237.0,0.010308333333333333
17,Deptford,existing_firehouse,-0.0347164489817561,51.48693830266251,True,London,17,1076.0,0.008966666666666666
115,Demand cell 13,demand_cell,-0.10791692465475854,51.518090087769856,False,,18,914.0,0.0076166666666666666
19,Dowgate,existing_firehouse,-0.0953367163067934,51.51002152499894,True,London,19,1502.0,0.012516666666666667
20,Ealing,existing_firehouse,-0.3200280901470949,51.51178245592578,True,London,20,1443.0,0.012025
21,East Greenwich,existing_firehouse,0.025654781479838,51.48596556973228,True,London,21,1125.0,0.009375
22,East Ham,existing_firehouse,0.0544694720592452,51.530993874231555,True,London,22,1041.0,0.008675
23,Edmonton,existing_firehouse,-0.0636596453534352,51.62383918845148,True,London,23,1218.0,0.01015
24,Eltham,existing_firehouse,0.0553120544689058,51.44889499952978,True,London,24,699.0,0.005825
25,Enfield,existing_firehouse,-0.0479898490432662,51.66068213941153,True,London,25,1463.0,0.012191666666666667
26,Erith,existing_firehouse,0.162582516954072,51.48211221800394,True,London,26,860.0,0.007166666666666667
27,Euston,existing_firehouse,-0.1354850373031459,51.52705587237654,True,London,27,1622.0,0.013516666666666666
28,Feltham,existing_firehouse,-0.407414748892231,51.4505208123792,True,London,28,819.0,0.006825
29,Finchley,existing_firehouse,-0.1794030218832172,51.6010654750867,True,London,29,1026.0,0.00855
30,Forest Hill,existing_firehouse,-0.0486091769884784,51.438460077613726,True,London,30,1325.0,0.011041666666666667
31,Fulham,existing_firehouse,-0.200431390385799,51.47894604907241,True,London,31,1102.0,0.009183333333333333
32,Greenwich,existing_firehouse,-0.0138682944982206,51.47394774627953,True,London,32,889.0,0.007408333333333334
33,Hainault,existing_firehouse,0.0839880065370834,51.598258593495835,True,London,33,470.0,0.003916666666666666
34,Hammersmith,existing_firehouse,-0.2246226769240493,51.49792794061549,True,London,34,1827.0,0.015225
35,Harold Hill,existing_firehouse,0.2219063976887518,51.60221216560654,True,London,35,547.0,0.0045583333333333335
36,Harrow,existing_firehouse,-0.3438735666124232,51.58858729393772,True,London,36,1202.0,0.010016666666666667
37,Hayes,existing_firehouse,-0.4275737657576776,51.50341604520079,True,London,37,1008.0,0.0084
38,Heathrow,existing_firehouse,-0.4557537102226251,51.4718541552207,True,London,38,965.0,0.008041666666666667
39,Hendon,existing_firehouse,-0.2225296127100739,51.58229750004834,True,London,39,956.0,0.007966666666666667
40,Heston,existing_firehouse,-0.3536034282630854,51.47103086846537,True,London,40,1287.0,0.010725
41,Hillingdon,existing_firehouse,-0.4675548256973901,51.53263700092853,True,London,41,1066.0,0.008883333333333333
172,Demand cell 70,demand_cell,-0.12207573046832715,51.562452441146675,False,,42,1779.0,0.014825
43,Homerton,existing_firehouse,-0.0481883816256061,51.54736132257623,True,London,43,1712.0,0.014266666666666667
44,Hornchurch,existing_firehouse,0.2152595982612425,51.56156709163022,True,London,44,749.0,0.006241666666666667
45,Hornsey,existing_firehouse,-0.1194081530130026,51.58779561285616,True,London,45,1196.0,0.009966666666666667
46,Ilford,existing_firehouse,0.0788468128218116,51.563833341014536,True,London,46,1491.0,0.012425
47,Islington,existing_firehouse,-0.1005374283200541,51.53882504453033,True,London,47,1248.0,0.0104
108,Demand cell 6,demand_cell,-0.19450283727962983,51.49168449921179,False,,48,1285.0,0.010708333333333334
49,Kentish Town,existing_firehouse,-0.1429584371181681,51.55030640905293,True,London,49,1868.0,0.015566666666666666
50,Kingston,existing_firehouse,-0.3011210555020691,51.41273220833808,True,London,50,663.0,0.005525
130,Demand cell 28,demand_cell,-0.10962737948581067,51.49061977668286,False,,51,1740.0,0.0145
52,Lee Green,existing_firehouse,0.0138782870596298,51.45526506488979,True,London,52,732.0,0.0061
53,Lewisham,existing_firehouse,-0.0158918155663925,51.4529629888673,True,London,53,1037.0,0.008641666666666667
104,Demand cell 2,demand_cell,-0.1510106219847733,51.51728770598615,False,,54,1100.0,0.009166666666666667
55,Leytonstone,existing_firehouse,0.0117080349329062,51.56419216549635,True,London,55,1098.0,0.00915
56,Mill Hill,existing_firehouse,-0.2538871869648238,51.60896604797615,True,London,56,1087.0,0.009058333333333333
112,Demand cell 10,demand_cell,-0.19552271880318542,51.525846256878886,False,,57,1916.0,0.015966666666666667
58,Mitcham,existing_firehouse,-0.1700201033383391,51.40077200733793,True,London,58,834.0,0.00695
59,New Cross,existing_firehouse,-0.0521802641429302,51.47324259613112,True,London,59,1385.0,0.011541666666666667
60,New Malden,existing_firehouse,-0.2532840460543211,51.40093043320961,True,London,60,536.0,0.0044666666666666665
61,Norbury,existing_firehouse,-0.1190561562161205,51.40354721922087,True,London,61,1269.0,0.010575
109,Demand cell 7,demand_cell,-0.21003403347543897,51.517618160753564,False,,62,1582.0,0.013183333333333333
63,Northolt,existing_firehouse,-0.3634339914966086,51.55551569659526,True,London,63,1073.0,0.008941666666666667
146,Demand cell 44,demand_cell,-0.08049945821518492,51.490321763092574,False,,64,1424.0,0.011866666666666666
65,Orpington,existing_firehouse,0.1044885389969418,51.378653878017346,True,London,65,882.0,0.00735
66,Paddington,existing_firehouse,-0.1785960392505685,51.52317386841196,True,London,66,2147.0,0.017891666666666667
67,Park Royal,existing_firehouse,-0.2600697323146253,51.5369614350942,True,London,67,970.0,0.008083333333333333
68,Peckham,existing_firehouse,-0.0799034718342108,51.47402870091678,True,London,68,1225.0,0.010208333333333333
69,Plaistow,existing_firehouse,0.0264074094006936,51.52053811696385,True,London,69,1121.0,0.009341666666666667
70,Plumstead,existing_firehouse,0.0884010295060902,51.48815048888246,True,London,70,2004.0,0.0167
71,Poplar,existing_firehouse,-0.0173240634205988,51.51363207223494,True,London,71,2126.0,0.017716666666666665
72,Purley,existing_firehouse,-0.1184683579611386,51.33129366318752,True,London,72,582.0,0.00485
73,Richmond,existing_firehouse,-0.2873390602860493,51.464651527157216,True,London,73,699.0,0.005825
74,Romford,existing_firehouse,0.1785099295651007,51.58519771340967,True,London,74,885.0,0.007375
75,Ruislip,existing_firehouse,-0.4207987094204343,51.581299251123475,True,London,75,841.0,0.007008333333333333
113,Demand cell 11,demand_cell,-0.06470405740226083,51.51670479191118,False,,76,1961.0,0.016341666666666668
77,Shoreditch,existing_firehouse,-0.0841755655663846,51.52735355269712,True,London,77,1452.0,0.0121
78,Sidcup,existing_firehouse,0.1029482416435617,51.42494310995924,True,London,78,584.0,0.004866666666666667
79,Soho,existing_firehouse,-0.1342281039160492,51.51290503055837,True,London,79,2756.0,0.022966666666666666
80,Southall,existing_firehouse,-0.3774661456287024,51.51686854952914,True,London,80,1327.0,0.011058333333333333
81,Southgate,existing_firehouse,-0.1278823524377577,51.62298176637722,True,London,81,928.0,0.007733333333333333
82,Stanmore,existing_firehouse,-0.2959976712698563,51.59885712909399,True,London,82,683.0,0.005691666666666667
83,Stoke Newington,existing_firehouse,-0.0747542763718913,51.563205668145294,True,London,83,1975.0,0.016458333333333332
84,Stratford,existing_firehouse,0.0108360932367351,51.54312747457042,True,London,84,1479.0,0.012325
85,Surbiton,existing_firehouse,-0.2995467897277278,51.38911399099351,True,London,85,635.0,0.005291666666666667
86,Sutton,existing_firehouse,-0.1970952568209774,51.366999795791074,True,London,86,1261.0,0.010508333333333333
87,Tooting,existing_firehouse,-0.158588545159242,51.434764833216306,True,London,87,1377.0,0.011475
88,Tottenham,existing_firehouse,-0.0749813599414571,51.59340520078589,True,London,88,1988.0,0.016566666666666667
89,Twickenham,existing_firehouse,-0.34450550816909,51.43381586074533,True,London,89,786.0,0.00655
90,Wallington,existing_firehouse,-0.1507110713335737,51.36266545362322,True,London,90,753.0,0.006275
91,Walthamstow,existing_firehouse,-0.0203175850429804,51.58758341979703,True,London,91,1389.0,0.011575
92,Wandsworth,existing_firehouse,-0.213316514746195,51.45435188957088,True,London,92,1217.0,0.010141666666666667
93,Wembley,existing_firehouse,-0.2943607575516272,51.55460993001413,True,London,93,1206.0,0.01005
94,Wennington,existing_firehouse,0.193349131867188,51.52211541306801,True,London,94,528.0,0.0044
95,West Hampstead,existing_firehouse,-0.1922202467431241,51.54781697998146,True,London,95,1459.0,0.012158333333333333
96,West Norwood,existing_firehouse,-0.1058551800240007,51.43483856877116,True,London,96,1524.0,0.0127
105,Demand cell 3,demand_cell,-0.13717303061820177,51.49069690165237,False,,97,1609.0,0.013408333333333333
98,Willesden,existing_firehouse,-0.237789540546121,51.55022687614621,True,London,98,1011.0,0.008425
99,Wimbledon,existing_firehouse,-0.2027272621861879,51.41899202945456,True,London,99,909.0,0.007575
100,Woodford,existing_firehouse,0.0263605627094228,51.6045738281116,True,London,100,471.0,0.003925
101,Woodside,existing_firehouse,-0.0704771742592612,51.3929143565415,True,London,101,1148.0,0.009566666666666666
